gameId,playId,nflId,step,x,y
1,1,1100,0,48.650177001953125,11.847567558288574
1,1,1100,1,48.67405319213867,11.866806983947754
1,1,1100,2,48.69758605957031,11.885985374450684
1,1,1100,3,48.720916748046875,11.905648231506348
1,1,1100,4,48.74419021606445,11.924418449401855
1,1,1100,5,48.76800537109375,11.943692207336426
1,1,1100,6,48.791717529296875,11.962932586669922
1,1,1100,7,48.8150520324707,11.981813430786133
1,1,1100,8,48.83907699584961,12.001863479614258
1,1,1100,9,48.8629150390625,12.020882606506348
1,1,1100,10,48.88535690307617,12.039925575256348
1,1,1100,11,48.90979766845703,12.059087753295898
1,1,1100,12,48.93373489379883,12.078590393066406
1,1,1100,13,48.95710754394531,12.09731674194336
1,1,1100,14,48.981414794921875,12.116765975952148
1,1,1100,15,49.00425720214844,12.135701179504395
1,1,1100,16,49.02815246582031,12.155540466308594
1,1,1100,17,49.052024841308594,12.175043106079102
1,1,1100,18,49.075077056884766,12.193954467773438
1,1,1100,19,49.09949493408203,12.214310646057129
1,1,1100,20,49.12346267700195,12.233321189880371
1,1,1101,0,48.29647445678711,31.974956512451172
1,1,1101,1,48.30268859863281,31.974998474121094
1,1,1101,2,48.308555603027344,31.974977493286133
1,1,1101,3,48.31421661376953,31.975439071655273
1,1,1101,4,48.31980514526367,31.97500228881836
1,1,1101,5,48.32595443725586,31.97507667541504
1,1,1101,6,48.331993103027344,31.975112915039062
1,1,1101,7,48.3376350402832,31.97478485107422
1,1,1101,8,48.344024658203125,31.97564125061035
1,1,1101,9,48.350189208984375,31.97545623779297
1,1,1101,10,48.35494613647461,31.97528648376465
1,1,1101,11,48.36172103881836,31.97522735595703
1,1,1101,12,48.36800003051758,31.97553825378418
1,1,1101,13,48.37368392944336,31.975061416625977
1,1,1101,14,48.38032913208008,31.975303649902344
1,1,1101,15,48.38548278808594,31.975025177001953
1,1,1101,16,48.3917121887207,31.975658416748047
1,1,1101,17,48.397918701171875,31.975948333740234
1,1,1101,18,48.403282165527344,31.97565460205078
1,1,1101,19,48.41006851196289,31.97681999206543
1,1,1101,20,48.41635513305664,31.97661781311035
1,1,1102,0,55.31925964355469,41.258934020996094
1,1,1102,1,55.319244384765625,41.24966812133789
1,1,1102,2,55.31889343261719,41.24034118652344
1,1,1102,3,55.31832504272461,41.23149871826172
1,1,1102,4,55.31769561767578,41.22174835205078
1,1,1102,5,55.3176155090332,41.21251678466797
1,1,1102,6,55.31743240356445,41.203243255615234
1,1,1102,7,55.31684494018555,41.19361114501953
1,1,1102,8,55.317012786865234,41.1851692199707
1,1,1102,9,55.316959381103516,41.17567443847656
1,1,1102,10,55.31547927856445,41.16619110107422
1,1,1102,11,55.31603240966797,41.156822204589844
1,1,1102,12,55.31609344482422,41.147830963134766
1,1,1102,13,55.3155517578125,41.1380500793457
1,1,1102,14,55.315975189208984,41.12898254394531
1,1,1102,15,55.314903259277344,41.11939239501953
1,1,1102,16,55.31490707397461,41.110713958740234
1,1,1102,17,55.31488800048828,41.10169982910156
1,1,1102,18,55.314022064208984,41.09209060668945
1,1,1102,19,55.31459426879883,41.08395767211914
1,1,1102,20,55.31465530395508,41.07444381713867
1,1,1103,0,48.72151184082031,16.12458038330078
1,1,1103,1,48.73957824707031,16.137731552124023
1,1,1103,2,48.75729751586914,16.15081787109375
1,1,1103,3,48.77481460571289,16.164386749267578
1,1,1103,4,48.79227066040039,16.17706298828125
1,1,1103,5,48.81026840209961,16.19024658203125
1,1,1103,6,48.82816696166992,16.203393936157227
1,1,1103,7,48.84568405151367,16.216182708740234
1,1,1103,8,48.86390686035156,16.23014259338379
1,1,1103,9,48.881927490234375,16.24306869506836
1,1,1103,10,48.89855194091797,16.256013870239258
1,1,1103,11,48.91718673706055,16.269081115722656
1,1,1103,12,48.93531036376953,16.282495498657227
1,1,1103,13,48.95286560058594,16.295129776000977
1,1,1103,14,48.97136306762695,16.308486938476562
1,1,1103,15,48.98838806152344,16.321325302124023
1,1,1103,16,49.006473541259766,16.335071563720703
1,1,1103,17,49.024532318115234,16.348478317260742
1,1,1103,18,49.04176712036133,16.361295700073242
1,1,1103,19,49.06038284301758,16.37556266784668
1,1,1103,20,49.07853698730469,16.388479232788086
1,1,1104,0,49.603946685791016,35.393028259277344
1,1,1104,1,49.606590270996094,35.38923263549805
1,1,1104,2,49.60888671875,35.3853759765625
1,1,1104,3,49.6109733581543,35.38200759887695
1,1,1104,4,49.61299514770508,35.37773513793945
1,1,1104,5,49.615570068359375,35.37397384643555
1,1,1104,6,49.618038177490234,35.37017059326172
1,1,1104,7,49.6201057434082,35.36600875854492
1,1,1104,8,49.6229248046875,35.363037109375
1,1,1104,9,49.625518798828125,35.359012603759766
1,1,1104,10,49.626705169677734,35.35500717163086
1,1,1104,11,49.629905700683594,35.35110855102539
1,1,1104,12,49.63261413574219,35.34758758544922
1,1,1104,13,49.634727478027344,35.3432731628418
1,1,1104,14,49.63779830932617,35.33967971801758
1,1,1104,15,49.63938522338867,35.33556365966797
1,1,1104,16,49.64204025268555,35.33236312866211
1,1,1104,17,49.644676208496094,35.32881546020508
1,1,1104,18,49.64646911621094,35.324684143066406
1,1,1104,19,49.649681091308594,35.322025299072266
1,1,1104,20,49.65239715576172,35.31797790527344
1,1,1105,0,56.011680603027344,29.752458572387695
1,1,1105,1,56.03987503051758,29.77085304260254
1,1,1105,2,56.06771469116211,29.789182662963867
1,1,1105,3,56.095340728759766,29.807998657226562
1,1,1105,4,56.12289810180664,29.825912475585938
1,1,1105,5,56.15103530883789,29.844337463378906
1,1,1105,6,56.17904281616211,29.862730026245117
1,1,1105,7,56.20667266845703,29.880741119384766
1,1,1105,8,56.23503875732422,29.899951934814453
1,1,1105,9,56.2631721496582,29.918119430541992
1,1,1105,10,56.28989791870117,29.93631362915039
1,1,1105,11,56.31866455078125,29.95461082458496
1,1,1105,12,56.34691619873047,29.973268508911133
1,1,1105,13,56.374576568603516,29.99113655090332
1,1,1105,14,56.4032096862793,30.009737014770508
1,1,1105,15,56.430328369140625,30.027820587158203
1,1,1105,16,56.45854568481445,30.04681396484375
1,1,1105,17,56.48672866821289,30.065458297729492
1,1,1105,18,56.51406478881836,30.083518981933594
1,1,1105,19,56.54283142089844,30.103038787841797
1,1,1105,20,56.57110595703125,30.121198654174805
1,1,1106,0,48.05301284790039,24.568342208862305
1,1,1106,1,48.06557846069336,24.572742462158203
1,1,1106,2,48.07780075073242,24.57707977294922
1,1,1106,3,48.08981704711914,24.58190155029297
1,1,1106,4,48.10177230834961,24.585826873779297
1,1,1106,5,48.1142692565918,24.590261459350586
1,1,1106,6,48.12666702270508,24.59465789794922
1,1,1106,7,48.138675689697266,24.598695755004883
1,1,1106,8,48.151405334472656,24.60390853881836
1,1,1106,9,48.16392517089844,24.60808563232422
1,1,1106,10,48.175048828125,24.61227798461914
1,1,1106,11,48.188175201416016,24.616586685180664
1,1,1106,12,48.200809478759766,24.621253967285156
1,1,1106,13,48.21285629272461,24.625141143798828
1,1,1106,14,48.225852966308594,24.629745483398438
1,1,1106,15,48.23737335205078,24.633831024169922
1,1,1106,16,48.24995422363281,24.638824462890625
1,1,1106,17,48.26251220703125,24.643478393554688
1,1,1106,18,48.27424621582031,24.647546768188477
1,1,1106,19,48.28736877441406,24.65306854248047
1,1,1106,20,48.30001449584961,24.657228469848633
1,1,1107,0,45.219871520996094,26.43635368347168
1,1,1107,1,45.22962188720703,26.43990707397461
1,1,1107,2,45.2390251159668,26.443401336669922
1,1,1107,3,45.24821853637695,26.447376251220703
1,1,1107,4,45.25735092163086,26.450456619262695
1,1,1107,5,45.26703643798828,26.454044342041016
1,1,1107,6,45.276611328125,26.457595825195312
1,1,1107,7,45.285797119140625,26.460783004760742
1,1,1107,8,45.29571533203125,26.465145111083984
1,1,1107,9,45.305416107177734,26.46847915649414
1,1,1107,10,45.31371307373047,26.471826553344727
1,1,1107,11,45.32402801513672,26.475282669067383
1,1,1107,12,45.33384323120117,26.47910499572754
1,1,1107,13,45.34306716918945,26.48214340209961
1,1,1107,14,45.353248596191406,26.485897064208984
1,1,1107,15,45.361942291259766,26.489139556884766
1,1,1107,16,45.3717041015625,26.493284225463867
1,1,1107,17,45.381446838378906,26.497089385986328
1,1,1107,18,45.390350341796875,26.50031280517578
1,1,1107,19,45.40066146850586,26.504981994628906
1,1,1107,20,45.410491943359375,26.508296966552734
1,1,1108,0,46.68087387084961,36.65046691894531
1,1,1108,1,46.68864440917969,36.65834426879883
1,1,1108,2,46.69605255126953,36.66615295410156
1,1,1108,3,46.703250885009766,36.6744499206543
1,1,1108,4,46.71037292480469,36.68183898925781
1,1,1108,5,46.71807861328125,36.68974685668945
1,1,1108,6,46.72565460205078,36.69761657714844
1,1,1108,7,46.73284149169922,36.70509719848633
1,1,1108,8,46.74079132080078,36.71379852294922
1,1,1108,9,46.74850082397461,36.72145080566406
1,1,1108,10,46.754791259765625,36.72911071777344
1,1,1108,11,46.763118743896484,36.736873626708984
1,1,1108,12,46.77095031738281,36.74502182006836
1,1,1108,13,46.778167724609375,36.752357482910156
1,1,1108,14,46.78636932373047,36.760440826416016
1,1,1108,15,46.793052673339844,36.76799392700195
1,1,1108,16,46.800838470458984,36.776466369628906
1,1,1108,17,46.808597564697266,36.78458023071289
1,1,1108,18,46.815494537353516,36.792110443115234
1,1,1108,19,46.8238410949707,36.801116943359375
1,1,1108,20,46.83168029785156,36.80875015258789
1,1,1109,0,45.10707092285156,38.120033264160156
1,1,1109,1,45.10623550415039,38.11283874511719
1,1,1109,2,45.10505294799805,38.10558319091797
1,1,1109,3,45.1036491394043,38.09880828857422
1,1,1109,4,45.10218048095703,38.091121673583984
1,1,1109,5,45.10127639770508,38.083961486816406
1,1,1109,6,45.100257873535156,38.07676315307617
1,1,1109,7,45.09883499145508,38.069190979003906
1,1,1109,8,45.09818649291992,38.06282424926758
1,1,1109,9,45.09729766845703,38.05540084838867
1,1,1109,10,45.09498596191406,38.04798126220703
1,1,1109,11,45.0947151184082,38.040687561035156
1,1,1109,12,45.09394836425781,38.03376388549805
1,1,1109,13,45.092567443847656,38.02605056762695
1,1,1109,14,45.092166900634766,38.01905822753906
1,1,1109,15,45.09025573730469,38.01153564453125
1,1,1109,16,45.08943176269531,38.00492858886719
1,1,1109,17,45.088584899902344,37.997982025146484
1,1,1109,18,45.08688735961914,37.990440368652344
1,1,1109,19,45.08663558959961,37.98438262939453
1,1,1109,20,45.08586883544922,37.9769401550293
1,1,1110,0,51.48134994506836,23.22450065612793
1,1,1110,1,51.498374938964844,23.233545303344727
1,1,1110,2,51.515052795410156,23.242530822753906
1,1,1110,3,51.531524658203125,23.25199317932129
1,1,1110,4,51.54793930053711,23.260568618774414
1,1,1110,5,51.56489944458008,23.2696475982666
1,1,1110,6,51.581756591796875,23.2786922454834
1,1,1110,7,51.598228454589844,23.28737449645996
1,1,1110,8,51.615413665771484,23.29722785949707
1,1,1110,9,51.63239288330078,23.306053161621094
1,1,1110,10,51.647979736328125,23.314895629882812
1,1,1110,11,51.665565490722656,23.3238525390625
1,1,1110,12,51.682655334472656,23.333162307739258
1,1,1110,13,51.69916534423828,23.34169578552246
1,1,1110,14,51.71662139892578,23.3509464263916
1,1,1110,15,51.732601165771484,23.35968017578125
1,1,1110,16,51.74964141845703,23.36931800842285
1,1,1110,17,51.766658782958984,23.378618240356445
1,1,1110,18,51.78285217285156,23.387332916259766
1,1,1110,19,51.8004264831543,23.397491455078125
1,1,1110,20,51.817535400390625,23.40630340576172
1,1,1111,0,55.84925079345703,32.209190368652344
1,1,1111,1,55.863128662109375,32.215518951416016
1,1,1111,2,55.87665939331055,32.22178268432617
1,1,1111,3,55.889976501464844,32.22852325439453
1,1,1111,4,55.90324020385742,32.234378814697266
1,1,1111,5,55.91705322265625,32.24074172973633
1,1,1111,6,55.93075180053711,32.247066497802734
1,1,1111,7,55.944068908691406,32.25302505493164
1,1,1111,8,55.95811080932617,32.26015853881836
1,1,1111,9,55.97194290161133,32.266265869140625
1,1,1111,10,55.98436737060547,32.27238464355469
1,1,1111,11,55.998809814453125,32.278621673583984
1,1,1111,12,56.01274871826172,32.285213470458984
1,1,1111,13,56.02610397338867,32.2910270690918
1,1,1111,14,56.04041290283203,32.29756164550781
1,1,1111,15,56.05323791503906,32.30357360839844
1,1,1111,16,56.0671272277832,32.31048583984375
1,1,1111,17,56.08099365234375,32.31706237792969
1,1,1111,18,56.09402847290039,32.32305908203125
1,1,1111,19,56.108463287353516,32.33049774169922
1,1,1111,20,56.12241744995117,32.33659362792969
1,1,1112,0,53.764503479003906,37.424434661865234
1,1,1112,1,53.76974868774414,37.42009735107422
1,1,1112,2,53.77465057373047,37.41569900512695
1,1,1112,3,53.77933883666992,37.41178894042969
1,1,1112,4,53.783966064453125,37.40696716308594
1,1,1112,5,53.78914260864258,37.40266418457031
1,1,1112,6,53.794212341308594,37.39832305908203
1,1,1112,7,53.798885345458984,37.39361572265625
1,1,1112,8,53.80430221557617,37.39010238647461
1,1,1112,9,53.80950164794922,37.385536193847656
1,1,1112,10,53.813289642333984,37.38098907470703
1,1,1112,11,53.819095611572266,37.376548767089844
1,1,1112,12,53.824405670166016,37.37248229980469
1,1,1112,13,53.829124450683594,37.36762619018555
1,1,1112,14,53.83479690551758,37.363487243652344
1,1,1112,15,53.8389892578125,37.358829498291016
1,1,1112,16,53.84424591064453,37.35508728027344
1,1,1112,17,53.849483489990234,37.35100173950195
1,1,1112,18,53.853878021240234,37.3463249206543
1,1,1112,19,53.85969543457031,37.34312438964844
1,1,1112,20,53.865013122558594,37.338539123535156
1,1,1113,0,57.80091857910156,30.352813720703125
1,1,1113,1,57.81121063232422,30.35424041748047
1,1,1113,2,57.8211669921875,30.35560417175293
1,1,1113,3,57.83091354370117,30.357454299926758
1,1,1113,4,57.84060287475586,30.358402252197266
1,1,1113,5,57.850833892822266,30.35986328125
1,1,1113,6,57.8609619140625,30.361284255981445
1,1,1113,7,57.870697021484375,30.362348556518555
1,1,1113,8,57.881160736083984,30.364595413208008
1,1,1113,9,57.891414642333984,30.365795135498047
1,1,1113,10,57.9002685546875,30.36701202392578
1,1,1113,11,57.91112518310547,30.368343353271484
1,1,1113,12,57.92148971557617,30.370038986206055
1,1,1113,13,57.931270599365234,30.370948791503906
1,1,1113,14,57.941993713378906,30.37257957458496
1,1,1113,15,57.95125198364258,30.373687744140625
1,1,1113,16,57.96156311035156,30.375707626342773
1,1,1113,17,57.97185516357422,30.377389907836914
1,1,1113,18,57.981319427490234,30.378480911254883
1,1,1113,19,57.9921760559082,30.38103675842285
1,1,1113,20,58.0025520324707,30.382219314575195
1,1,1114,0,53.25589370727539,30.249692916870117
1,1,1114,1,53.27217102050781,30.259634017944336
1,1,1114,2,53.28809356689453,30.269512176513672
1,1,1114,3,53.30380630493164,30.27986717224121
1,1,1114,4,53.3194580078125,30.289329528808594
1,1,1114,5,53.335670471191406,30.29930305480957
1,1,1114,6,53.35176467895508,30.309240341186523
1,1,1114,7,53.36747741699219,30.318805694580078
1,1,1114,8,53.38391876220703,30.329553604125977
1,1,1114,9,53.400142669677734,30.339271545410156
1,1,1114,10,53.41495895385742,30.349000930786133
1,1,1114,11,53.43179702758789,30.35884666442871
1,1,1114,12,53.4481315612793,30.369050979614258
1,1,1114,13,53.46388244628906,30.37847137451172
1,1,1114,14,53.4805908203125,30.38861846923828
1,1,1114,15,53.49580383300781,30.39824104309082
1,1,1114,16,53.51209259033203,30.408769607543945
1,1,1114,17,53.528358459472656,30.418956756591797
1,1,1114,18,53.543785095214844,30.428560256958008
1,1,1114,19,53.56061935424805,30.43961524963379
1,1,1114,20,53.576969146728516,30.449323654174805
1,1,1115,0,57.20769500732422,33.92219924926758
1,1,1115,1,57.21807861328125,33.92415237426758
1,1,1115,2,57.22812271118164,33.926048278808594
1,1,1115,3,57.237953186035156,33.928428649902344
1,1,1115,4,57.24772262573242,33.929908752441406
1,1,1115,5,57.2580451965332,33.9318962097168
1,1,1115,6,57.26825714111328,33.9338493347168
1,1,1115,7,57.278079986572266,33.93544006347656
1,1,1115,8,57.28863525390625,33.93821334838867
1,1,1115,9,57.298973083496094,33.939945220947266
1,1,1115,10,57.30791091918945,33.94169616699219
1,1,1115,11,57.31885528564453,33.94355010986328
1,1,1115,12,57.329307556152344,33.945777893066406
1,1,1115,13,57.339168548583984,33.94721603393555
1,1,1115,14,57.34998321533203,33.94937515258789
1,1,1115,15,57.359317779541016,33.95101547241211
1,1,1115,16,57.36971664428711,33.95356750488281
1,1,1115,17,57.380096435546875,33.95577621459961
1,1,1115,18,57.3896369934082,33.9573974609375
1,1,1115,19,57.40058898925781,33.96048355102539
1,1,1115,20,57.411048889160156,33.962196350097656
1,1,1116,0,58.66604232788086,17.771957397460938
1,1,1116,1,58.68620681762695,17.78572654724121
1,1,1116,2,58.706024169921875,17.7994327545166
1,1,1116,3,58.72563934326172,17.813623428344727
1,1,1116,4,58.74519348144531,17.826919555664062
1,1,1116,5,58.76529312133789,17.840721130371094
1,1,1116,6,58.7852897644043,17.854488372802734
1,1,1116,7,58.80490493774414,17.867897033691406
1,1,1116,8,58.82522201538086,17.882474899291992
1,1,1116,9,58.84534454345703,17.896020889282227
1,1,1116,10,58.86406707763672,17.909587860107422
1,1,1116,11,58.884796142578125,17.923274993896484
1,1,1116,12,58.9050178527832,17.937307357788086
1,1,1116,13,58.92467498779297,17.950559616088867
1,1,1116,14,58.94527053833008,17.964536666870117
1,1,1116,15,58.964393615722656,17.977996826171875
1,1,1116,16,58.98457336425781,17.99236297607422
1,1,1116,17,59.004730224609375,18.006391525268555
1,1,1116,18,59.02406692504883,18.019826889038086
1,1,1116,19,59.044776916503906,18.034713745117188
1,1,1116,20,59.065025329589844,18.048250198364258
1,1,1117,0,61.578895568847656,13.468742370605469
1,1,1117,1,61.60245895385742,13.488226890563965
1,1,1117,2,61.62567901611328,13.507650375366211
1,1,1117,3,61.64869689941406,13.527558326721191
1,1,1117,4,61.67165756225586,13.546574592590332
1,1,1117,5,61.695159912109375,13.566091537475586
1,1,1117,6,61.71855926513672,13.585577011108398
1,1,1117,7,61.7415771484375,13.604704856872559
1,1,1117,8,61.76528549194336,13.625
1,1,1117,9,61.788814544677734,13.644265174865723
1,1,1117,10,61.81093978881836,13.663553237915039
1,1,1117,11,61.8350715637207,13.682963371276855
1,1,1117,12,61.85869598388672,13.702710151672363
1,1,1117,13,61.88175582885742,13.721683502197266
1,1,1117,14,61.9057502746582,13.741377830505371
1,1,1117,15,61.92828369140625,13.76055908203125
1,1,1117,16,61.95186233520508,13.780643463134766
1,1,1117,17,61.97541809082031,13.800392150878906
1,1,1117,18,61.9981575012207,13.819548606872559
1,1,1117,19,62.02226257324219,13.8401517868042
1,1,1117,20,62.04591369628906,13.859408378601074
1,1,1118,0,57.37588119506836,34.0764274597168
1,1,1118,1,57.39207458496094,34.085140228271484
1,1,1118,2,57.40791320800781,34.09379196166992
1,1,1118,3,57.423545837402344,34.10292053222656
1,1,1118,4,57.439109802246094,34.11116027832031
1,1,1118,5,57.455238342285156,34.11990737915039
1,1,1118,6,57.471248626708984,34.12861633300781
1,1,1118,7,57.486873626708984,34.13695526123047
1,1,1118,8,57.50323486328125,34.1464729309082
1,1,1118,9,57.51937484741211,34.15496826171875
1,1,1118,10,57.53411102294922,34.16347122192383
1,1,1118,11,57.550865173339844,34.17209243774414
1,1,1118,12,57.56711196899414,34.181068420410156
1,1,1118,13,57.5827751159668,34.18926239013672
1,1,1118,14,57.59939956665039,34.19818115234375
1,1,1118,15,57.614532470703125,34.206581115722656
1,1,1118,16,57.630741119384766,34.21588134765625
1,1,1118,17,57.64692306518555,34.2248420715332
1,1,1118,18,57.662261962890625,34.23322296142578
1,1,1118,19,57.67901611328125,34.243045806884766
1,1,1118,20,57.695281982421875,34.251529693603516
1,1,1119,0,52.65576934814453,22.908079147338867
1,1,1119,1,52.68243408203125,22.927562713623047
1,1,1119,2,52.708744049072266,22.946985244750977
1,1,1119,3,52.73484802246094,22.966890335083008
1,1,1119,4,52.76088333129883,22.985898971557617
1,1,1119,5,52.78749084472656,23.00541877746582
1,1,1119,6,52.8139762878418,23.024904251098633
1,1,1119,7,52.84008026123047,23.044010162353516
1,1,1119,8,52.86690902709961,23.064308166503906
1,1,1119,9,52.893524169921875,23.083574295043945
1,1,1119,10,52.918724060058594,23.102853775024414
1,1,1119,11,52.945960998535156,23.12224769592285
1,1,1119,12,52.97268295288086,23.141996383666992
1,1,1119,13,52.99882507324219,23.160961151123047
1,1,1119,14,53.02592849731445,23.18065643310547
1,1,1119,15,53.05152893066406,23.199831008911133
1,1,1119,16,53.078216552734375,23.219911575317383
1,1,1119,17,53.10487365722656,23.23965072631836
1,1,1119,18,53.13068771362305,23.258800506591797
1,1,1119,19,53.15791702270508,23.279407501220703
1,1,1119,20,53.184661865234375,23.298662185668945
1,1,1120,0,59.5201416015625,25.726591110229492
1,1,1120,1,59.53361892700195,25.732685089111328
1,1,1120,2,59.5467529296875,25.73871612548828
1,1,1120,3,59.55968475341797,25.74523162841797
1,1,1120,4,59.57255935668945,25.7508487701416
1,1,1120,5,59.58597183227539,25.756975173950195
1,1,1120,6,59.59928512573242,25.7630672454834
1,1,1120,7,59.61220932006836,25.768798828125
1,1,1120,8,59.62584686279297,25.77570915222168
1,1,1120,9,59.639286041259766,25.781578063964844
1,1,1120,10,59.65132522583008,25.787460327148438
1,1,1120,11,59.66536331176758,25.793468475341797
1,1,1120,12,59.67890930175781,25.799829483032227
1,1,1120,13,59.69187545776367,25.805410385131836
1,1,1120,14,59.705780029296875,25.811710357666016
1,1,1120,15,59.718223571777344,25.817485809326172
1,1,1120,16,59.73171615600586,25.824176788330078
1,1,1120,17,59.74518966674805,25.83052635192871
1,1,1120,18,59.757843017578125,25.836286544799805
1,1,1120,19,59.771873474121094,25.843505859375
1,1,1120,20,59.78543472290039,25.849361419677734
1,1,1121,0,57.26396179199219,11.701869010925293
1,1,1121,1,57.286563873291016,11.719385147094727
1,1,1121,2,57.30883026123047,11.736837387084961
1,1,1121,3,57.33088684082031,11.754779815673828
1,1,1121,4,57.35289764404297,11.771822929382324
1,1,1121,5,57.37543869018555,11.789371490478516
1,1,1121,6,57.39788055419922,11.806886672973633
1,1,1121,7,57.41994094848633,11.824047088623047
1,1,1121,8,57.44268798828125,11.84238338470459
1,1,1121,9,57.465267181396484,11.859674453735352
1,1,1121,10,57.48642349243164,11.876988410949707
1,1,1121,11,57.50959777832031,11.894429206848145
1,1,1121,12,57.532264709472656,11.912205696105957
1,1,1121,13,57.55437088012695,11.92921257019043
1,1,1121,14,57.5774040222168,11.946937561035156
1,1,1121,15,57.59898376464844,11.964143753051758
1,1,1121,16,57.62160110473633,11.982261657714844
1,1,1121,17,57.64419937133789,12.000044822692871
1,1,1121,18,57.665977478027344,12.017229080200195
1,1,1121,19,57.68911361694336,12.035872459411621
1,1,1121,20,57.71180725097656,12.053156852722168
1,2,1200,0,53.78816223144531,11.658206939697266
1,2,1200,1,53.81228256225586,11.679537773132324
1,2,1200,2,53.836063385009766,11.700807571411133
1,2,1200,3,53.85963821411133,11.722563743591309
1,2,1200,4,53.883155822753906,11.743423461914062
1,2,1200,5,53.90721893310547,11.764790534973145
1,2,1200,6,53.931175231933594,11.786121368408203
1,2,1200,7,53.95475769042969,11.80709171295166
1,2,1200,8,53.979026794433594,11.829233169555664
1,2,1200,9,54.003116607666016,11.850343704223633
1,2,1200,10,54.02579879760742,11.871474266052246
1,2,1200,11,54.05048751831055,11.892730712890625
1,2,1200,12,54.074668884277344,11.914324760437012
1,2,1200,13,54.098289489746094,11.935140609741211
1,2,1200,14,54.12284469604492,11.956681251525879
1,2,1200,15,54.145931243896484,11.977707862854004
1,2,1200,16,54.170074462890625,11.999640464782715
1,2,1200,17,54.19419479370117,12.021234512329102
1,2,1200,18,54.21749496459961,12.042234420776367
1,2,1200,19,54.242156982421875,12.064685821533203
1,2,1200,20,54.2663688659668,12.08578872680664
1,2,1201,0,47.2618408203125,22.68747329711914
1,2,1201,1,47.281734466552734,22.70215606689453
1,2,1201,2,47.30127716064453,22.716777801513672
1,2,1201,3,47.32061004638672,22.731876373291016
1,2,1201,4,47.33987808227539,22.746082305908203
1,2,1201,5,47.359710693359375,22.76079750061035
1,2,1201,6,47.37942123413086,22.77547836303711
1,2,1201,7,47.39876174926758,22.789785385131836
1,2,1201,8,47.41881561279297,22.805273056030273
1,2,1201,9,47.43865966796875,22.819738388061523
1,2,1201,10,47.45709991455078,22.83421516418457
1,2,1201,11,47.477561950683594,22.848804473876953
1,2,1201,12,47.49751281738281,22.863754272460938
1,2,1201,13,47.51688766479492,22.877914428710938
1,2,1201,14,47.53721618652344,22.892805099487305
1,2,1201,15,47.55604934692383,22.90717887878418
1,2,1201,16,47.57596206665039,22.92245101928711
1,2,1201,17,47.595848083496094,22.937381744384766
1,2,1201,18,47.614898681640625,22.951730728149414
1,2,1201,19,47.635353088378906,22.967529296875
1,2,1201,20,47.65532684326172,22.98198127746582
1,2,1202,0,52.18033981323242,29.312789916992188
1,2,1202,1,52.19619369506836,29.32215118408203
1,2,1202,2,52.21169662475586,29.331449508666992
1,2,1202,3,52.226985931396484,29.341218948364258
1,2,1202,4,52.24221420288086,29.3501033782959
1,2,1202,5,52.25800323486328,29.3594970703125
1,2,1202,6,52.273677825927734,29.368854522705078
1,2,1202,7,52.28896713256836,29.377843856811523
1,2,1202,8,52.30498504638672,29.38800621032715
1,2,1202,9,52.3207893371582,29.397146224975586
1,2,1202,10,52.335182189941406,29.406293869018555
1,2,1202,11,52.351600646972656,29.415563583374023
1,2,1202,12,52.367515563964844,29.425189971923828
1,2,1202,13,52.38283920288086,29.434032440185547
1,2,1202,14,52.39912796020508,29.443599700927734
1,2,1202,15,52.41392135620117,29.4526424407959
1,2,1202,16,52.429786682128906,29.462589263916016
1,2,1202,17,52.44562911987305,29.472196578979492
1,2,1202,18,52.460636138916016,29.481224060058594
1,2,1202,19,52.477046966552734,29.4916934967041
1,2,1202,20,52.492977142333984,29.500823974609375
1,2,1203,0,52.39665985107422,21.095109939575195
1,2,1203,1,52.40990447998047,21.10182762145996
1,2,1203,2,52.422813415527344,21.108482360839844
1,2,1203,3,52.435516357421875,21.115619659423828
1,2,1203,4,52.44816207885742,21.12186050415039
1,2,1203,5,52.46134567260742,21.128610610961914
1,2,1203,6,52.474430084228516,21.135324478149414
1,2,1203,7,52.487125396728516,21.141679763793945
1,2,1203,8,52.50053787231445,21.149213790893555
1,2,1203,9,52.51374816894531,21.155704498291016
1,2,1203,10,52.52555847167969,21.162212371826172
1,2,1203,11,52.53936767578125,21.168842315673828
1,2,1203,12,52.55268478393555,21.175827026367188
1,2,1203,13,52.56542205810547,21.18202781677246
1,2,1203,14,52.579097747802734,21.18895149230957
1,2,1203,15,52.591312408447266,21.19535255432129
1,2,1203,16,52.60457992553711,21.202665328979492
1,2,1203,17,52.61782455444336,21.209638595581055
1,2,1203,18,52.6302490234375,21.216020584106445
1,2,1203,19,52.64405059814453,21.22386360168457
1,2,1203,20,52.65738296508789,21.2303409576416
1,2,1204,0,48.48671340942383,40.2972297668457
1,2,1204,1,48.493324279785156,40.30436325073242
1,2,1204,2,48.49957275390625,40.311439514160156
1,2,1204,3,48.5056037902832,40.318992614746094
1,2,1204,4,48.511566162109375,40.32564163208008
1,2,1204,5,48.51811218261719,40.33281326293945
1,2,1204,6,48.5245246887207,40.339942932128906
1,2,1204,7,48.530548095703125,40.346683502197266
1,2,1204,8,48.53733825683594,40.354644775390625
1,2,1204,9,48.543888092041016,40.3615608215332
1,2,1204,10,48.54901123046875,40.36848068237305
1,2,1204,11,48.55617904663086,40.3754997253418
1,2,1204,12,48.56285095214844,40.382911682128906
1,2,1204,13,48.568904876708984,40.38951110839844
1,2,1204,14,48.57594680786133,40.3968505859375
1,2,1204,15,48.58146286010742,40.40366744995117
1,2,1204,16,48.58809280395508,40.411399841308594
1,2,1204,17,48.594688415527344,40.41877365112305
1,2,1204,18,48.60042190551758,40.425559997558594
1,2,1204,19,48.607608795166016,40.433834075927734
1,2,1204,20,48.61428451538086,40.44072341918945
1,2,1205,0,59.318809509277344,17.147205352783203
1,2,1205,1,59.347808837890625,17.16788673400879
1,2,1205,2,59.37645721435547,17.188507080078125
1,2,1205,3,59.404903411865234,17.209611892700195
1,2,1205,4,59.43328857421875,17.22982406616211
1,2,1205,5,59.462223052978516,17.250539779663086
1,2,1205,6,59.49105453491211,17.271223068237305
1,2,1205,7,59.51950454711914,17.29154396057129
1,2,1205,8,59.54865646362305,17.313032150268555
1,2,1205,9,59.577606201171875,17.333494186401367
1,2,1205,10,59.605167388916016,17.35398292541504
1,2,1205,11,59.634727478027344,17.374584197998047
1,2,1205,12,59.66378402709961,17.395526885986328
1,2,1205,13,59.69226837158203,17.415695190429688
1,2,1205,14,59.72169876098633,17.43658447265625
1,2,1205,15,59.749656677246094,17.456966400146484
1,2,1205,16,59.7786750793457,17.478242874145508
1,2,1205,17,59.80766296386719,17.49918556213379
1,2,1205,18,59.83583068847656,17.519540786743164
1,2,1205,19,59.86537551879883,17.541336059570312
1,2,1205,20,59.89445877075195,17.56178855895996
1,2,1206,0,47.21913146972656,28.473194122314453
1,2,1206,1,47.225982666015625,28.470624923706055
1,2,1206,2,47.23249435424805,28.467992782592773
1,2,1206,3,47.23879623413086,28.465848922729492
1,2,1206,4,47.245033264160156,28.462797164916992
1,2,1206,5,47.2518196105957,28.46026039123535
1,2,1206,6,47.25850296020508,28.457683563232422
1,2,1206,7,47.26478958129883,28.454750061035156
1,2,1206,8,47.27181625366211,28.4530029296875
1,2,1206,9,47.27862548828125,28.45020294189453
1,2,1206,10,47.284027099609375,28.44742202758789
1,2,1206,11,47.291439056396484,28.444753646850586
1,2,1206,12,47.298362731933594,28.442453384399414
1,2,1206,13,47.304691314697266,28.43936538696289
1,2,1206,14,47.31197738647461,28.43699836730957
1,2,1206,15,47.317779541015625,28.434104919433594
1,2,1206,16,47.324649810791016,28.43212890625
1,2,1206,17,47.33149719238281,28.429813385009766
1,2,1206,18,47.33750915527344,28.426904678344727
1,2,1206,19,47.344932556152344,28.42546844482422
1,2,1206,20,47.35186004638672,28.422649383544922
1,2,1207,0,48.798377990722656,22.043737411499023
1,2,1207,1,48.80927658081055,22.047502517700195
1,2,1207,2,48.81983947753906,22.051204681396484
1,2,1207,3,48.83019256591797,22.055387496948242
1,2,1207,4,48.84048843383789,22.05867576599121
1,2,1207,5,48.85132598876953,22.06247329711914
1,2,1207,6,48.862060546875,22.066232681274414
1,2,1207,7,48.872406005859375,22.069637298583984
1,2,1207,8,48.88346862792969,22.074214935302734
1,2,1207,9,48.89433288574219,22.077754974365234
1,2,1207,10,48.90379333496094,22.08130645751953
1,2,1207,11,48.91525650024414,22.084983825683594
1,2,1207,12,48.92622375488281,22.08901596069336
1,2,1207,13,48.936614990234375,22.092266082763672
1,2,1207,14,48.94794464111328,22.096237182617188
1,2,1207,15,48.95780944824219,22.099681854248047
1,2,1207,16,48.968727111816406,22.104040145874023
1,2,1207,17,48.9796257019043,22.10805892944336
1,2,1207,18,48.98969650268555,22.111488342285156
1,2,1207,19,49.00115203857422,22.116376876831055
1,2,1207,20,49.01213836669922,22.119903564453125
1,2,1208,0,54.04081726074219,23.176658630371094
1,2,1208,1,54.05598068237305,23.18538475036621
1,2,1208,2,54.07079315185547,23.194047927856445
1,2,1208,3,54.08540725708008,23.20319366455078
1,2,1208,4,54.09995651245117,23.211448669433594
1,2,1208,5,54.11505126953125,23.2202091217041
1,2,1208,6,54.13004684448242,23.228933334350586
1,2,1208,7,54.144657135009766,23.237295150756836
1,2,1208,8,54.159976959228516,23.246829986572266
1,2,1208,9,54.17509460449219,23.255334854125977
1,2,1208,10,54.18881607055664,23.26385498046875
1,2,1208,11,54.20454406738281,23.272493362426758
1,2,1208,12,54.219764709472656,23.281484603881836
1,2,1208,13,54.23441696166992,23.289697647094727
1,2,1208,14,54.2500114440918,23.298629760742188
1,2,1208,15,54.26412582397461,23.307043075561523
1,2,1208,16,54.27930450439453,23.316360473632812
1,2,1208,17,54.29446029663086,23.325342178344727
1,2,1208,18,54.30879211425781,23.333736419677734
1,2,1208,19,54.32450866699219,23.343578338623047
1,2,1208,20,54.339752197265625,23.352067947387695
1,2,1209,0,47.41206359863281,33.34583282470703
1,2,1209,1,47.415489196777344,33.34300994873047
1,2,1209,2,47.41857147216797,33.340126037597656
1,2,1209,3,47.421443939208984,33.337730407714844
1,2,1209,4,47.42424774169922,33.33442687988281
1,2,1209,5,47.427608489990234,33.331642150878906
1,2,1209,6,47.43085861206055,33.32881164550781
1,2,1209,7,47.4337158203125,33.32562255859375
1,2,1209,8,47.43731689453125,33.32362365722656
1,2,1209,9,47.44069290161133,33.32057189941406
1,2,1209,10,47.442665100097656,33.31753921508789
1,2,1209,11,47.446651458740234,33.314613342285156
1,2,1209,12,47.45014572143555,33.31206512451172
1,2,1209,13,47.453041076660156,33.30872344970703
1,2,1209,14,47.4568977355957,33.30610275268555
1,2,1209,15,47.45927047729492,33.30295944213867
1,2,1209,16,47.46270751953125,33.30073547363281
1,2,1209,17,47.466129302978516,33.29816436767578
1,2,1209,18,47.46870422363281,33.29500198364258
1,2,1209,19,47.47270202636719,33.29331588745117
1,2,1209,20,47.47620391845703,33.290245056152344
1,2,1210,0,46.75053024291992,31.858755111694336
1,2,1210,1,46.75336456298828,31.854650497436523
1,2,1210,2,46.755855560302734,31.850482940673828
1,2,1210,3,46.75813293457031,31.846799850463867
1,2,1210,4,46.76034927368164,31.84221076965332
1,2,1210,5,46.76311111450195,31.838138580322266
1,2,1210,6,46.76577377319336,31.834026336669922
1,2,1210,7,46.768035888671875,31.829553604125977
1,2,1210,8,46.77104568481445,31.826271057128906
1,2,1210,9,46.773826599121094,31.82193374633789
1,2,1210,10,46.77520751953125,31.817615509033203
1,2,1210,11,46.778602600097656,31.81340789794922
1,2,1210,12,46.78150177001953,31.809572219848633
1,2,1210,13,46.783809661865234,31.80495262145996
1,2,1210,14,46.787071228027344,31.80104637145996
1,2,1210,15,46.78885269165039,31.796615600585938
1,2,1210,16,46.79169845581055,31.793102264404297
1,2,1210,17,46.79452133178711,31.78924560546875
1,2,1210,18,46.7965087890625,31.784801483154297
1,2,1210,19,46.79991149902344,31.781829833984375
1,2,1210,20,46.802818298339844,31.777475357055664
1,2,1211,0,59.95589828491211,12.365830421447754
1,2,1211,1,59.980934143066406,12.386926651000977
1,2,1211,2,60.0056266784668,12.407960891723633
1,2,1211,3,60.030113220214844,12.42948055267334
1,2,1211,4,60.05454635620117,12.450108528137207
1,2,1211,5,60.07951736450195,12.471238136291504
1,2,1211,6,60.10438919067383,12.492334365844727
1,2,1211,7,60.12887954711914,12.513072967529297
1,2,1211,8,60.15406036376953,12.534980773925781
1,2,1211,9,60.17906188964844,12.555856704711914
1,2,1211,10,60.20265579223633,12.576757431030273
1,2,1211,11,60.2282600402832,12.597782135009766
1,2,1211,12,60.253353118896484,12.619139671325684
1,2,1211,13,60.27788543701172,12.639724731445312
1,2,1211,14,60.3033561706543,12.661031723022461
1,2,1211,15,60.327362060546875,12.681825637817383
1,2,1211,16,60.352413177490234,12.703521728515625
1,2,1211,17,60.37744140625,12.724884033203125
1,2,1211,18,60.401649475097656,12.745652198791504
1,2,1211,19,60.42722702026367,12.767868041992188
1,2,1211,20,60.45235061645508,12.788737297058105
1,2,1212,0,57.65317153930664,12.192329406738281
1,2,1212,1,57.68035125732422,12.215508460998535
1,2,1212,2,57.70718765258789,12.238625526428223
1,2,1212,3,57.73382568359375,12.262229919433594
1,2,1212,4,57.760398864746094,12.284937858581543
1,2,1212,5,57.78752517700195,12.308152198791504
1,2,1212,6,57.81454086303711,12.33133316040039
1,2,1212,7,57.84117889404297,12.354150772094727
1,2,1212,8,57.868507385253906,12.378141403198242
1,2,1212,9,57.89565658569336,12.401102066040039
1,2,1212,10,57.9213981628418,12.42408275604248
1,2,1212,11,57.94914627075195,12.447188377380371
1,2,1212,12,57.97638702392578,12.470629692077637
1,2,1212,13,58.0030632019043,12.493294715881348
1,2,1212,14,58.030677795410156,12.516685485839844
1,2,1212,15,58.056827545166016,12.539562225341797
1,2,1212,16,58.08403015136719,12.563343048095703
1,2,1212,17,58.1112060546875,12.586787223815918
1,2,1212,18,58.13756561279297,12.609636306762695
1,2,1212,19,58.165287017822266,12.63393497467041
1,2,1212,20,58.19255828857422,12.656888008117676
1,2,1213,0,53.46248245239258,11.125203132629395
1,2,1213,1,53.49553680419922,11.15158748626709
1,2,1213,2,53.52824020385742,11.177909851074219
1,2,1213,3,53.56074523925781,11.204720497131348
1,2,1213,4,53.59318923950195,11.230633735656738
1,2,1213,5,53.62618637084961,11.257051467895508
1,2,1213,6,53.65907669067383,11.283437728881836
1,2,1213,7,53.69158935546875,11.309460639953613
1,2,1213,8,53.72479248046875,11.336654663085938
1,2,1213,9,53.757808685302734,11.362817764282227
1,2,1213,10,53.7894172668457,11.38901138305664
1,2,1213,11,53.82304382324219,11.415319442749023
1,2,1213,12,53.85615921020508,11.441963195800781
1,2,1213,13,53.88870620727539,11.46783447265625
1,2,1213,14,53.92219543457031,11.494430541992188
1,2,1213,15,53.9542121887207,11.520516395568848
1,2,1213,16,53.98728942871094,11.547501564025879
1,2,1213,17,54.02033615112305,11.574151992797852
1,2,1213,18,54.05256271362305,11.600210189819336
1,2,1213,19,54.086158752441406,11.627715110778809
1,2,1213,20,54.11930465698242,11.653874397277832
1,2,1214,0,54.73199462890625,40.535762786865234
1,2,1214,1,54.73793029785156,40.53342056274414
1,2,1214,2,54.74351501464844,40.53101348876953
1,2,1214,3,54.74888610839844,40.529090881347656
1,2,1214,4,54.75419616699219,40.526268005371094
1,2,1214,5,54.76006317138672,40.523956298828125
1,2,1214,6,54.76581954956055,40.521610260009766
1,2,1214,7,54.771175384521484,40.518890380859375
1,2,1214,8,54.777286529541016,40.51736831665039
1,2,1214,9,54.78316879272461,40.51479721069336
1,2,1214,10,54.78763961791992,40.512245178222656
1,2,1214,11,54.794132232666016,40.509796142578125
1,2,1214,12,54.800132751464844,40.50772476196289
1,2,1214,13,54.8055305480957,40.504859924316406
1,2,1214,14,54.811893463134766,40.502716064453125
1,2,1214,15,54.81676483154297,40.50005340576172
1,2,1214,16,54.82270812988281,40.4983024597168
1,2,1214,17,54.82862854003906,40.49620819091797
1,2,1214,18,54.833709716796875,40.493526458740234
1,2,1214,19,54.840213775634766,40.492313385009766
1,2,1214,20,54.84621810913086,40.489723205566406
1,2,1215,0,57.26522445678711,41.80677795410156
1,2,1215,1,57.26812744140625,41.802490234375
1,2,1215,2,57.270687103271484,41.798133850097656
1,2,1215,3,57.27302932739258,41.79426956176758
1,2,1215,4,57.27531051635742,41.78949737548828
1,2,1215,5,57.27814483642578,41.785240173339844
1,2,1215,6,57.28086853027344,41.78094482421875
1,2,1215,7,57.28319549560547,41.776283264160156
1,2,1215,8,57.28627395629883,41.77281951904297
1,2,1215,9,57.289127349853516,41.7682991027832
1,2,1215,10,57.29057312011719,41.763797760009766
1,2,1215,11,57.29403305053711,41.759403228759766
1,2,1215,12,57.29700469970703,41.75538635253906
1,2,1215,13,57.29936981201172,41.75057601928711
1,2,1215,14,57.302703857421875,41.746490478515625
1,2,1215,15,57.30455017089844,41.74187469482422
1,2,1215,16,57.30746078491211,41.738182067871094
1,2,1215,17,57.31035614013672,41.7341423034668
1,2,1215,18,57.31240463256836,41.72951126098633
1,2,1215,19,57.315879821777344,41.72636032104492
1,2,1215,20,57.31885528564453,41.72182083129883
1,2,1216,0,59.842586517333984,28.395347595214844
1,2,1216,1,59.87223434448242,28.417394638061523
1,2,1216,2,59.90151596069336,28.439382553100586
1,2,1216,3,59.93059158325195,28.461854934692383
1,2,1216,4,59.9595947265625,28.483428955078125
1,2,1216,5,59.98918533325195,28.505517959594727
1,2,1216,6,60.018646240234375,28.527568817138672
1,2,1216,7,60.047725677490234,28.549236297607422
1,2,1216,8,60.07754135131836,28.572107315063477
1,2,1216,9,60.10712814331055,28.593942642211914
1,2,1216,10,60.13529968261719,28.61578941345215
1,2,1216,11,60.16551971435547,28.637746810913086
1,2,1216,12,60.195220947265625,28.660064697265625
1,2,1216,13,60.224334716796875,28.681589126586914
1,2,1216,14,60.25442123413086,28.7038516998291
1,2,1216,15,60.282989501953125,28.725595474243164
1,2,1216,16,60.31266403198242,28.74825096130371
1,2,1216,17,60.34230041503906,28.77055549621582
1,2,1216,18,60.3710823059082,28.792274475097656
1,2,1216,19,60.40129852294922,28.815454483032227
1,2,1216,20,60.431026458740234,28.837276458740234
1,2,1217,0,52.37123489379883,38.612728118896484
1,2,1217,1,52.375022888183594,38.60824203491211
1,2,1217,2,52.37846755981445,38.60369110107422
1,2,1217,3,52.3817024230957,38.599632263183594
1,2,1217,4,52.38486862182617,38.59466552734375
1,2,1217,5,52.388587951660156,38.5902099609375
1,2,1217,6,52.3922004699707,38.585723876953125
1,2,1217,7,52.395416259765625,38.580867767333984
1,2,1217,8,52.39937973022461,38.577205657958984
1,2,1217,9,52.40312194824219,38.57249069213867
1,2,1217,10,52.405452728271484,38.56779861450195
1,2,1217,11,52.4098014831543,38.56320571899414
1,2,1217,12,52.413658142089844,38.55899429321289
1,2,1217,13,52.41691207885742,38.55398941040039
1,2,1217,14,52.4211311340332,38.549705505371094
1,2,1217,15,52.423866271972656,38.544898986816406
1,2,1217,16,52.42766571044922,38.54100799560547
1,2,1217,17,52.43144989013672,38.536773681640625
1,2,1217,18,52.434383392333984,38.53194808959961
1,2,1217,19,52.43874740600586,38.528594970703125
1,2,1217,20,52.44260787963867,38.523860931396484
1,2,1218,0,52.34364318847656,37.2741584777832
1,2,1218,1,52.346092224121094,37.26766586303711
1,2,1218,2,52.348201751708984,37.26111602783203
1,2,1218,3,52.350093841552734,37.25505065917969
1,2,1218,4,52.351924896240234,37.248077392578125
1,2,1218,5,52.354305267333984,37.24161911010742
1,2,1218,6,52.35658264160156,37.23512268066406
1,2,1218,7,52.35845947265625,37.228267669677734
1,2,1218,8,52.361083984375,37.22260284423828
1,2,1218,9,52.36349105834961,37.21588134765625
1,2,1218,10,52.364479064941406,37.20918273925781
1,2,1218,11,52.36749267578125,37.20258712768555
1,2,1218,12,52.37001419067383,37.19636917114258
1,2,1218,13,52.37193298339844,37.18936538696289
1,2,1218,14,52.37481689453125,37.183074951171875
1,2,1218,15,52.37621307373047,37.17626190185547
1,2,1218,16,52.3786735534668,37.17036056518555
1,2,1218,17,52.3811149597168,37.16412353515625
1,2,1218,18,52.382713317871094,37.15729522705078
1,2,1218,19,52.385738372802734,37.151939392089844
1,2,1218,20,52.38826370239258,37.145198822021484
1,2,1219,0,51.6686897277832,25.469804763793945
1,2,1219,1,51.686607360839844,25.48082160949707
1,2,1219,2,51.70417404174805,25.491777420043945
1,2,1219,3,51.721534729003906,25.50320816040039
1,2,1219,4,51.73883056640625,25.513750076293945
1,2,1219,5,51.756683349609375,25.52480125427246
1,2,1219,6,51.77442169189453,25.535816192626953
1,2,1219,7,51.79178237915039,25.54646110534668
1,2,1219,8,51.80986404418945,25.55828285217285
1,2,1219,9,51.82773208618164,25.569080352783203
1,2,1219,10,51.84419631958008,25.57988929748535
1,2,1219,11,51.862674713134766,25.5908145904541
1,2,1219,12,51.880653381347656,25.602096557617188
1,2,1219,13,51.898048400878906,25.612594604492188
1,2,1219,14,51.91639709472656,25.623817443847656
1,2,1219,15,51.93326187133789,25.634521484375
1,2,1219,16,51.951194763183594,25.64612579345703
1,2,1219,17,51.9691047668457,25.657394409179688
1,2,1219,18,51.98617935180664,25.66807746887207
1,2,1219,19,52.00465774536133,25.680206298828125
1,2,1219,20,52.02265167236328,25.690988540649414
1,2,1220,0,59.16720962524414,24.592191696166992
1,2,1220,1,59.183807373046875,24.602296829223633
1,2,1220,2,59.20005798339844,24.612340927124023
1,2,1220,3,59.21610641479492,24.62286376953125
1,2,1220,4,59.232093811035156,24.632497787475586
1,2,1220,5,59.248626708984375,24.642637252807617
1,2,1220,6,59.265052795410156,24.652740478515625
1,2,1220,7,59.28110122680664,24.66248321533203
1,2,1220,8,59.29785919189453,24.673397064208984
1,2,1220,9,59.31441116333008,24.68328094482422
1,2,1220,10,59.329566955566406,24.69318199157715
1,2,1220,11,59.34672927856445,24.703201293945312
1,2,1220,12,59.3633918762207,24.713571548461914
1,2,1220,13,59.37947463989258,24.723161697387695
1,2,1220,14,59.39650344848633,24.733474731445312
1,2,1220,15,59.41205978393555,24.743267059326172
1,2,1220,16,59.42867660522461,24.753965377807617
1,2,1220,17,59.44526672363281,24.764326095581055
1,2,1220,18,59.46103286743164,24.77410125732422
1,2,1220,19,59.478187561035156,24.785324096679688
1,2,1220,20,59.494869232177734,24.795194625854492
1,2,1221,0,57.93034744262695,37.70258331298828
1,2,1221,1,57.93563461303711,37.70052719116211
1,2,1221,2,57.94057846069336,37.69840621948242
1,2,1221,3,57.9453125,37.696773529052734
1,2,1221,4,57.949981689453125,37.69423294067383
1,2,1221,5,57.955204010009766,37.69221115112305
1,2,1221,6,57.9603157043457,37.690147399902344
1,2,1221,7,57.96503448486328,37.687721252441406
1,2,1221,8,57.970497131347656,37.686485290527344
1,2,1221,9,57.97573471069336,37.684200286865234
1,2,1221,10,57.97957229614258,37.68193054199219
1,2,1221,11,57.98542022705078,37.67976760864258
1,2,1221,12,57.99077224731445,37.677982330322266
1,2,1221,13,57.99553298950195,37.67540740966797
1,2,1221,14,58.001251220703125,37.67354965209961
1,2,1221,15,58.005489349365234,37.67116928100586
1,2,1221,16,58.01079177856445,37.66970443725586
1,2,1221,17,58.01607131958008,37.66790008544922
1,2,1221,18,58.020511627197266,37.665504455566406
1,2,1221,19,58.026371002197266,37.664581298828125
1,2,1221,20,58.03173065185547,37.66227340698242
1,3,1300,0,46.10603713989258,16.497451782226562
1,3,1300,1,46.13898849487305,16.523059844970703
1,3,1300,2,46.17158126831055,16.54861068725586
1,3,1300,3,46.20397186279297,16.574642181396484
1,3,1300,4,46.23628616333008,16.59977912902832
1,3,1300,5,46.26918411254883,16.62542724609375
1,3,1300,6,46.30195236206055,16.651039123535156
1,3,1300,7,46.334346771240234,16.676271438598633
1,3,1300,8,46.367462158203125,16.70269775390625
1,3,1300,9,46.40035629272461,16.728092193603516
1,3,1300,10,46.431846618652344,16.75349998474121
1,3,1300,11,46.465370178222656,16.779024124145508
1,3,1300,12,46.49837875366211,16.804899215698242
1,3,1300,13,46.53080749511719,16.829984664916992
1,3,1300,14,46.5641975402832,16.855804443359375
1,3,1300,15,46.59607696533203,16.88111114501953
1,3,1300,16,46.629058837890625,16.907323837280273
1,3,1300,17,46.66200637817383,16.933195114135742
1,3,1300,18,46.6941032409668,16.958473205566406
1,3,1300,19,46.727622985839844,16.985206604003906
1,3,1300,20,46.760658264160156,17.010591506958008
1,3,1301,0,51.937068939208984,34.59489059448242
1,3,1301,1,51.94917297363281,34.601295471191406
1,3,1301,2,51.9609260559082,34.60763168334961
1,3,1301,3,51.972469329833984,34.61445236206055
1,3,1301,4,51.98394775390625,34.62037658691406
1,3,1301,5,51.99598693847656,34.62681198120117
1,3,1301,6,52.00790786743164,34.633209228515625
1,3,1301,7,52.01944351196289,34.63923645019531
1,3,1301,8,52.03171920776367,34.64645004272461
1,3,1301,9,52.04376983642578,34.65262985229492
1,3,1301,10,52.05441665649414,34.65882110595703
1,3,1301,11,52.06707763671875,34.665122985839844
1,3,1301,12,52.07923889160156,34.671791076660156
1,3,1301,13,52.090816497802734,34.677669525146484
1,3,1301,14,52.10334396362305,34.68427658081055
1,3,1301,15,52.114383697509766,34.69036102294922
1,3,1301,16,52.126502990722656,34.697357177734375
1,3,1301,17,52.13859176635742,34.704002380371094
1,3,1301,18,52.149845123291016,34.71006774902344
1,3,1301,19,52.162513732910156,34.71759033203125
1,3,1301,20,52.174686431884766,34.7237548828125
1,3,1302,0,47.24912643432617,21.978132247924805
1,3,1302,1,47.267799377441406,21.990095138549805
1,3,1302,2,47.28612518310547,22.00199317932129
1,3,1302,3,47.30424499511719,22.01436996459961
1,3,1302,4,47.32229995727539,22.025856018066406
1,3,1302,5,47.340911865234375,22.037851333618164
1,3,1302,6,47.359413146972656,22.0498104095459
1,3,1302,7,47.377532958984375,22.0614013671875
1,3,1302,8,47.39636993408203,22.074169158935547
1,3,1302,9,47.41499710083008,22.085912704467773
1,3,1302,10,47.432220458984375,22.097665786743164
1,3,1302,11,47.45146179199219,22.109539031982422
1,3,1302,12,47.47019958496094,22.12176513671875
1,3,1302,13,47.48835372924805,22.133209228515625
1,3,1302,14,47.50746536254883,22.14537811279297
1,3,1302,15,47.52508544921875,22.157026290893555
1,3,1302,16,47.54378128051758,22.169578552246094
1,3,1302,17,47.56244659423828,22.181793212890625
1,3,1302,18,47.58028030395508,22.19342041015625
1,3,1302,19,47.59951400756836,22.206497192382812
1,3,1302,20,47.61827087402344,22.218225479125977
1,3,1303,0,52.28123474121094,23.561620712280273
1,3,1303,1,52.29213333129883,23.565227508544922
1,3,1303,2,52.30268859863281,23.568769454956055
1,3,1303,3,52.31303787231445,23.57279396057129
1,3,1303,4,52.32332992553711,23.575923919677734
1,3,1303,5,52.33415985107422,23.57956314086914
1,3,1303,6,52.34489440917969,23.583160400390625
1,3,1303,7,52.3552360534668,23.586406707763672
1,3,1303,8,52.366294860839844,23.59082794189453
1,3,1303,9,52.37715148925781,23.594205856323242
1,3,1303,10,52.3866081237793,23.59760093688965
1,3,1303,11,52.398067474365234,23.601118087768555
1,3,1303,12,52.40903091430664,23.604990005493164
1,3,1303,13,52.41941833496094,23.60807991027832
1,3,1303,14,52.43074417114258,23.611892700195312
1,3,1303,15,52.44060516357422,23.61517906188965
1,3,1303,16,52.45151901245117,23.61937713623047
1,3,1303,17,52.46240997314453,23.62323760986328
1,3,1303,18,52.47248077392578,23.626508712768555
1,3,1303,19,52.48393249511719,23.631237030029297
1,3,1303,20,52.494911193847656,23.63460350036621
1,3,1304,0,45.854339599609375,32.931766510009766
1,3,1304,1,45.86284637451172,32.93330383300781
1,3,1304,2,45.871002197265625,32.93477249145508
1,3,1304,3,45.878944396972656,32.93672561645508
1,3,1304,4,45.88682556152344,32.93777847290039
1,3,1304,5,45.895263671875,32.93934631347656
1,3,1304,6,45.90359115600586,32.94087600708008
1,3,1304,7,45.91152572631836,32.94203186035156
1,3,1304,8,45.92020797729492,32.94438171386719
1,3,1304,9,45.92866134643555,32.94569396972656
1,3,1304,10,45.935707092285156,32.9470100402832
1,3,1304,11,45.94477462768555,32.948448181152344
1,3,1304,12,45.953346252441406,32.95024871826172
1,3,1304,13,45.96132278442383,32.95125961303711
1,3,1304,14,45.97025680541992,32.9530029296875
1,3,1304,15,45.97769546508789,32.95421600341797
1,3,1304,16,45.98621368408203,32.95634078979492
1,3,1304,17,45.99470901489258,32.95812225341797
1,3,1304,18,46.00236129760742,32.95931625366211
1,3,1304,19,46.011436462402344,32.961971282958984
1,3,1304,20,46.02001953125,32.9632682800293
1,3,1305,0,64.05397033691406,17.647552490234375
1,3,1305,1,64.07801055908203,17.662797927856445
1,3,1305,2,64.10171508789062,17.677978515625
1,3,1305,3,64.12521362304688,17.693647384643555
1,3,1305,4,64.1486587524414,17.70842170715332
1,3,1305,5,64.17263793945312,17.72369956970215
1,3,1305,6,64.1965103149414,17.738941192626953
1,3,1305,7,64.22001647949219,17.753829956054688
1,3,1305,8,64.24420166015625,17.769887924194336
1,3,1305,9,64.2682113647461,17.784908294677734
1,3,1305,10,64.29081726074219,17.799955368041992
1,3,1305,11,64.31542205810547,17.81511878967285
1,3,1305,12,64.33952331542969,17.830625534057617
1,3,1305,13,64.3630599975586,17.845359802246094
1,3,1305,14,64.38752746582031,17.860811233520508
1,3,1305,15,64.4105453491211,17.875747680664062
1,3,1305,16,64.43460083007812,17.891592025756836
1,3,1305,17,64.45863342285156,17.9070987701416
1,3,1305,18,64.48185729980469,17.922014236450195
1,3,1305,19,64.50643157958984,17.938377380371094
1,3,1305,20,64.53056335449219,17.953388214111328
1,3,1306,0,51.072227478027344,11.395005226135254
1,3,1306,1,51.10581970214844,11.42222785949707
1,3,1306,2,51.139060974121094,11.449389457702637
1,3,1306,3,51.17210388183594,11.477039337158203
1,3,1306,4,51.205081939697266,11.503790855407715
1,3,1306,5,51.238616943359375,11.531047821044922
1,3,1306,6,51.27204132080078,11.558274269104004
1,3,1306,7,51.305091857910156,11.585131645202637
1,3,1306,8,51.33883285522461,11.613164901733398
1,3,1306,9,51.37238311767578,11.640170097351074
1,3,1306,10,51.4045295715332,11.667202949523926
1,3,1306,11,51.43869400024414,11.694350242614746
1,3,1306,12,51.472347259521484,11.721835136413574
1,3,1306,13,51.50543212890625,11.748541831970215
1,3,1306,14,51.53946304321289,11.775979042053223
1,3,1306,15,51.5720100402832,11.802906036376953
1,3,1306,16,51.60562515258789,11.830730438232422
1,3,1306,17,51.639217376708984,11.8582181930542
1,3,1306,18,51.67197799682617,11.885114669799805
1,3,1306,19,51.706111907958984,11.913459777832031
1,3,1306,20,51.73979568481445,11.940460205078125
1,3,1307,0,51.3516845703125,16.903833389282227
1,3,1307,1,51.37099075317383,16.917518615722656
1,3,1307,2,51.38995361328125,16.931140899658203
1,3,1307,3,51.40871047973633,16.94524383544922
1,3,1307,4,51.42741012573242,16.958454132080078
1,3,1307,5,51.446651458740234,16.972171783447266
1,3,1307,6,51.46579360961914,16.985855102539062
1,3,1307,7,51.48455047607422,16.99917984008789
1,3,1307,8,51.50401306152344,17.013673782348633
1,3,1307,9,51.523277282714844,17.02713394165039
1,3,1307,10,51.54114532470703,17.040613174438477
1,3,1307,11,51.56101989746094,17.054216384887695
1,3,1307,12,51.580387115478516,17.068166732788086
1,3,1307,13,51.599185943603516,17.081335067749023
1,3,1307,14,51.618927001953125,17.095230102539062
1,3,1307,15,51.63719177246094,17.10860252380371
1,3,1307,16,51.656517028808594,17.122882843017578
1,3,1307,17,51.675819396972656,17.136825561523438
1,3,1307,18,51.694297790527344,17.150178909301758
1,3,1307,19,51.71415710449219,17.164981842041016
1,3,1307,20,51.733551025390625,17.178434371948242
1,3,1308,0,48.94441604614258,37.446834564208984
1,3,1308,1,48.94527053833008,37.43919372558594
1,3,1308,2,48.94578170776367,37.431488037109375
1,3,1308,3,48.946075439453125,37.42427062988281
1,3,1308,4,48.94630813598633,37.41614532470703
1,3,1308,5,48.94709396362305,37.408538818359375
1,3,1308,6,48.94777297973633,37.4008903503418
1,3,1308,7,48.94805145263672,37.392879486083984
1,3,1308,8,48.94908142089844,37.38606262207031
1,3,1308,9,48.949886322021484,37.37819290161133
1,3,1308,10,48.949275970458984,37.370338439941406
1,3,1308,11,48.95069122314453,37.36259078979492
1,3,1308,12,48.95161437988281,37.355220794677734
1,3,1308,13,48.95193862915039,37.34706497192383
1,3,1308,14,48.953224182128906,37.339622497558594
1,3,1308,15,48.95301818847656,37.33165740966797
1,3,1308,16,48.953880310058594,37.32460403442383
1,3,1308,17,48.95472717285156,37.31721496582031
1,3,1308,18,48.95472717285156,37.309234619140625
1,3,1308,19,48.95615768432617,37.3027229309082
1,3,1308,20,48.95708084106445,37.29483413696289
1,3,1309,0,44.889163970947266,24.36287498474121
1,3,1309,1,44.90610122680664,24.372331619262695
1,3,1309,2,44.922691345214844,24.381723403930664
1,3,1309,3,44.93907165527344,24.391590118408203
1,3,1309,4,44.955387115478516,24.400569915771484
1,3,1309,5,44.972259521484375,24.410057067871094
1,3,1309,6,44.989017486572266,24.41950798034668
1,3,1309,7,45.005393981933594,24.4285945892334
1,3,1309,8,45.022499084472656,24.4388484954834
1,3,1309,9,45.03938674926758,24.448083877563477
1,3,1309,10,45.05487060546875,24.45733070373535
1,3,1309,11,45.07237243652344,24.466693878173828
1,3,1309,12,45.08937072753906,24.476411819458008
1,3,1309,13,45.10578155517578,24.4853515625
1,3,1309,14,45.12315368652344,24.495012283325195
1,3,1309,15,45.139034271240234,24.504152297973633
1,3,1309,16,45.15598678588867,24.514192581176758
1,3,1309,17,45.172916412353516,24.523893356323242
1,3,1309,18,45.18900680541992,24.533016204833984
1,3,1309,19,45.206504821777344,24.5435791015625
1,3,1309,20,45.22351837158203,24.55280303955078
1,3,1310,0,46.98665237426758,37.03307342529297
1,3,1310,1,46.98844909667969,37.02827835083008
1,3,1310,2,46.98990249633789,37.023414611816406
1,3,1310,3,46.99113845825195,37.01904296875
1,3,1310,4,46.9923095703125,37.013763427734375
1,3,1310,5,46.99403762817383,37.00899887084961
1,3,1310,6,46.99565505981445,37.00419998168945
1,3,1310,7,46.99687194824219,36.99903106689453
1,3,1310,8,46.99885177612305,36.995059967041016
1,3,1310,9,47.00059509277344,36.99003601074219
1,3,1310,10,47.00092697143555,36.985023498535156
1,3,1310,11,47.00328826904297,36.98012161254883
1,3,1310,12,47.005149841308594,36.9755973815918
1,3,1310,13,47.00640869140625,36.97028350830078
1,3,1310,14,47.00864028930664,36.96569061279297
1,3,1310,15,47.009368896484375,36.9605712890625
1,3,1310,16,47.01118087768555,36.95637130737305
1,3,1310,17,47.012969970703125,36.951820373535156
1,3,1310,18,47.01390838623047,36.94668197631836
1,3,1310,19,47.01628875732422,36.94301986694336
1,3,1310,20,47.01815414428711,36.9379768371582
1,3,1311,0,58.390384674072266,24.019065856933594
1,3,1311,1,58.40302658081055,24.024017333984375
1,3,1311,2,58.41532897949219,24.028902053833008
1,3,1311,3,58.42741775512695,24.034269332885742
1,3,1311,4,58.439456939697266,24.038742065429688
1,3,1311,5,58.45203399658203,24.043724060058594
1,3,1311,6,58.46451187133789,24.048667907714844
1,3,1311,7,58.476600646972656,24.05325698852539
1,3,1311,8,58.48939895629883,24.059024810791016
1,3,1311,9,58.50200653076172,24.063749313354492
1,3,1311,10,58.51320266723633,24.068483352661133
1,3,1311,11,58.52641296386719,24.07335090637207
1,3,1311,12,58.53912353515625,24.078567504882812
1,3,1311,13,58.55125427246094,24.0830020904541
1,3,1311,14,58.564327239990234,24.08816146850586
1,3,1311,15,58.575931549072266,24.092788696289062
1,3,1311,16,58.58858871459961,24.09833335876465
1,3,1311,17,58.601226806640625,24.10354232788086
1,3,1311,18,58.613040924072266,24.108152389526367
1,3,1311,19,58.62623596191406,24.11423110961914
1,3,1311,20,58.63896179199219,24.118942260742188
1,3,1312,0,58.99055480957031,23.909555435180664
1,3,1312,1,59.00434494018555,23.91570472717285
1,3,1312,2,59.017799377441406,23.92178726196289
1,3,1312,3,59.03104019165039,23.928354263305664
1,3,1312,4,59.04423141479492,23.934024810791016
1,3,1312,5,59.05795669555664,23.940204620361328
1,3,1312,6,59.07158660888672,23.946348190307617
1,3,1312,7,59.08482360839844,23.95213508605957
1,3,1312,8,59.098777770996094,23.95909881591797
1,3,1312,9,59.11253356933594,23.96502113342285
1,3,1312,10,59.124881744384766,23.970958709716797
1,3,1312,11,59.13924026489258,23.977022171020508
1,3,1312,12,59.15310287475586,23.983434677124023
1,3,1312,13,59.166385650634766,23.98906898498535
1,3,1312,14,59.180606842041016,23.995424270629883
1,3,1312,15,59.193363189697266,24.001253128051758
1,3,1312,16,59.20717239379883,24.00799560546875
1,3,1312,17,59.2209587097168,24.014400482177734
1,3,1312,18,59.233924865722656,24.020212173461914
1,3,1312,19,59.24827194213867,24.027484893798828
1,3,1312,20,59.262149810791016,24.033395767211914
1,3,1313,0,54.155303955078125,37.4427604675293
1,3,1313,1,54.16447830200195,37.44391632080078
1,3,1313,2,54.173301696777344,37.445003509521484
1,3,1313,3,54.18191146850586,37.44657516479492
1,3,1313,4,54.19046401977539,37.44725036621094
1,3,1313,5,54.1995735168457,37.44843673706055
1,3,1313,6,54.20856857299805,37.449588775634766
1,3,1313,7,54.2171745300293,37.45036697387695
1,3,1313,8,54.22652053833008,37.452335357666016
1,3,1313,9,54.23564147949219,37.45326614379883
1,3,1313,10,54.24335861206055,37.45420837402344
1,3,1313,11,54.25309371948242,37.455257415771484
1,3,1313,12,54.2623291015625,37.45668411254883
1,3,1313,13,54.27097702026367,37.45731735229492
1,3,1313,14,54.28057861328125,37.45867156982422
1,3,1313,15,54.28868865966797,37.45950698852539
1,3,1313,16,54.297874450683594,37.46125030517578
1,3,1313,17,54.30703353881836,37.46265411376953
1,3,1313,18,54.31535720825195,37.463470458984375
1,3,1313,19,54.325096130371094,37.46574783325195
1,3,1313,20,54.33434295654297,37.46665954589844
1,3,1314,0,55.32182693481445,25.23934555053711
1,3,1314,1,55.33485412597656,25.24479866027832
1,3,1314,2,55.34754180908203,25.25018882751465
1,3,1314,3,55.36001968383789,25.256061553955078
1,3,1314,4,55.372440338134766,25.261037826538086
1,3,1314,5,55.38540267944336,25.266525268554688
1,3,1314,6,55.39826202392578,25.27197265625
1,3,1314,7,55.410736083984375,25.277061462402344
1,3,1314,8,55.423919677734375,25.283329010009766
1,3,1314,9,55.43690872192383,25.288557052612305
1,3,1314,10,55.44849395751953,25.293798446655273
1,3,1314,11,55.46208190917969,25.299163818359375
1,3,1314,12,55.47517395019531,25.30488395690918
1,3,1314,13,55.48768997192383,25.3098201751709
1,3,1314,14,55.50114440917969,25.315479278564453
1,3,1314,15,55.51313400268555,25.320613861083984
1,3,1314,16,55.52617645263672,25.326658248901367
1,3,1314,17,55.5391960144043,25.332365036010742
1,3,1314,18,55.551395416259766,25.33748435974121
1,3,1314,19,55.56497573852539,25.344058990478516
1,3,1314,20,55.57808303833008,25.349273681640625
1,3,1315,0,51.6693229675293,22.13333511352539
1,3,1315,1,51.682735443115234,22.138042449951172
1,3,1315,2,51.69580841064453,22.142683029174805
1,3,1315,3,51.70867156982422,22.147809982299805
1,3,1315,4,51.72148132324219,22.15203857421875
1,3,1315,5,51.734825134277344,22.156776428222656
1,3,1315,6,51.748077392578125,22.16147804260254
1,3,1315,7,51.76093292236328,22.165822982788086
1,3,1315,8,51.774505615234375,22.171348571777344
1,3,1315,9,51.78788375854492,22.175830841064453
1,3,1315,10,51.79985046386719,22.18032455444336
1,3,1315,11,51.8138313293457,22.184947967529297
1,3,1315,12,51.82731246948242,22.18992042541504
1,3,1315,13,51.840213775634766,22.19411277770996
1,3,1315,14,51.85405731201172,22.19902801513672
1,3,1315,15,51.866432189941406,22.203413009643555
1,3,1315,16,51.87986373901367,22.20871353149414
1,3,1315,17,51.893272399902344,22.21367835998535
1,3,1315,18,51.90585708618164,22.218048095703125
1,3,1315,19,51.91982650756836,22.2238826751709
1,3,1315,20,51.93332290649414,22.228351593017578
1,3,1316,0,57.19626235961914,41.010276794433594
1,3,1316,1,57.19886779785156,41.00252151489258
1,3,1316,2,57.20113754272461,40.99470138549805
1,3,1316,3,57.20318603515625,40.98737335205078
1,3,1316,4,57.20517349243164,40.979129791259766
1,3,1316,5,57.20771408081055,40.971405029296875
1,3,1316,6,57.21014404296875,40.96364212036133
1,3,1316,7,57.21217727661133,40.95551681518555
1,3,1316,8,57.214962005615234,40.948585510253906
1,3,1316,9,57.21752166748047,40.94059753417969
1,3,1316,10,57.218666076660156,40.9326286315918
1,3,1316,11,57.22183609008789,40.924766540527344
1,3,1316,12,57.22451400756836,40.91728210449219
1,3,1316,13,57.22658920288086,40.90901184082031
1,3,1316,14,57.22962951660156,40.901451110839844
1,3,1316,15,57.23118209838867,40.89337158203125
1,3,1316,16,57.23379898071289,40.88620376586914
1,3,1316,17,57.23639678955078,40.87869644165039
1,3,1316,18,57.238155364990234,40.870601654052734
1,3,1316,19,57.2413330078125,40.863975524902344
1,3,1316,20,57.244014739990234,40.8559684753418
1,3,1317,0,54.623779296875,25.64756202697754
1,3,1317,1,54.633975982666016,25.650209426879883
1,3,1317,2,54.64383316040039,25.652790069580078
1,3,1317,3,54.653480529785156,25.65585708618164
1,3,1317,4,54.6630744934082,25.65802574157715
1,3,1317,5,54.67320251464844,25.660703659057617
1,3,1317,6,54.68323516845703,25.66334342956543
1,3,1317,7,54.692874908447266,25.66562843322754
1,3,1317,8,54.7032356262207,25.669092178344727
1,3,1317,9,54.71339416503906,25.671510696411133
1,3,1317,10,54.72214889526367,25.6739444732666
1,3,1317,11,54.732906341552734,25.67650032043457
1,3,1317,12,54.74317169189453,25.679412841796875
1,3,1317,13,54.75285720825195,25.681543350219727
1,3,1317,14,54.76348114013672,25.684396743774414
1,3,1317,15,54.77264404296875,25.686721801757812
1,3,1317,16,54.78285598754883,25.68996238708496
1,3,1317,17,54.79304885864258,25.69286346435547
1,3,1317,18,54.80241394042969,25.695173263549805
1,3,1317,19,54.813167572021484,25.698945999145508
1,3,1317,20,54.82344436645508,25.701351165771484
1,3,1318,0,54.54351806640625,18.455368041992188
1,3,1318,1,54.55989456176758,18.46497344970703
1,3,1318,2,54.575931549072266,18.474515914916992
1,3,1318,3,54.591766357421875,18.484540939331055
1,3,1318,4,54.607540130615234,18.493671417236328
1,3,1318,5,54.62385177612305,18.50330924987793
1,3,1318,6,54.64006805419922,18.51291275024414
1,3,1318,7,54.6558952331543,18.52216148376465
1,3,1318,8,54.67243194580078,18.532583236694336
1,3,1318,9,54.68877410888672,18.541961669921875
1,3,1318,10,54.703712463378906,18.551361083984375
1,3,1318,11,54.72065353393555,18.56088638305664
1,3,1318,12,54.737098693847656,18.570756912231445
1,3,1318,13,54.752967834472656,18.579851150512695
1,3,1318,14,54.769775390625,18.58966636657715
1,3,1318,15,54.78512191772461,18.598955154418945
1,3,1318,16,54.801517486572266,18.60915756225586
1,3,1318,17,54.81789016723633,18.6190242767334
1,3,1318,18,54.83344650268555,18.6282958984375
1,3,1318,19,54.85037612915039,18.63902473449707
1,3,1318,20,54.86684036254883,18.64839744567871
1,3,1319,0,58.76469421386719,35.0577507019043
1,3,1319,1,58.7756462097168,35.060176849365234
1,3,1319,2,58.7862548828125,35.06254196166992
1,3,1319,3,58.796653747558594,35.065391540527344
1,3,1319,4,58.80699157714844,35.06734085083008
1,3,1319,5,58.81787872314453,35.069801330566406
1,3,1319,6,58.82865905761719,35.07222366333008
1,3,1319,7,58.83904266357422,35.074283599853516
1,3,1319,8,58.85016632080078,35.0775260925293
1,3,1319,9,58.8610725402832,35.07972717285156
1,3,1319,10,58.87057876586914,35.08195114135742
1,3,1319,11,58.88208770751953,35.08427429199219
1,3,1319,12,58.893104553222656,35.08696746826172
1,3,1319,13,58.90353012084961,35.0888786315918
1,3,1319,14,58.914913177490234,35.09150695800781
1,3,1319,15,58.9248161315918,35.09362030029297
1,3,1319,16,58.93578338623047,35.09663772583008
1,3,1319,17,58.94672775268555,35.09931564331055
1,3,1319,18,58.95683670043945,35.101409912109375
1,3,1319,19,58.968353271484375,35.104957580566406
1,3,1319,20,58.97937774658203,35.10714340209961
1,3,1320,0,57.36616134643555,23.080978393554688
1,3,1320,1,57.38170623779297,23.090913772583008
1,3,1320,2,57.39690399169922,23.100788116455078
1,3,1320,3,57.411895751953125,23.111143112182617
1,3,1320,4,57.42683029174805,23.12060546875
1,3,1320,5,57.44230651855469,23.13057518005371
1,3,1320,6,57.457679748535156,23.1405086517334
1,3,1320,7,57.47267150878906,23.15007972717285
1,3,1320,8,57.488372802734375,23.160823822021484
1,3,1320,9,57.50387191772461,23.170536041259766
1,3,1320,10,57.517974853515625,23.180267333984375
1,3,1320,11,57.53408432006836,23.190114974975586
1,3,1320,12,57.549686431884766,23.200315475463867
1,3,1320,13,57.56471633911133,23.209735870361328
1,3,1320,14,57.580692291259766,23.219877243041992
1,3,1320,15,57.595191955566406,23.229501724243164
1,3,1320,16,57.610755920410156,23.240028381347656
1,3,1320,17,57.62629318237305,23.250221252441406
1,3,1320,18,57.6410026550293,23.259824752807617
1,3,1320,19,57.657100677490234,23.270875930786133
1,3,1320,20,57.6727294921875,23.280576705932617
1,3,1321,0,55.57471466064453,10.551957130432129
1,3,1321,1,55.60789108276367,10.580090522766113
1,3,1321,2,55.64072036743164,10.608161926269531
1,3,1321,3,55.67334747314453,10.63672161102295
1,3,1321,4,55.70591735839844,10.664382934570312
1,3,1321,5,55.739036560058594,10.692551612854004
1,3,1321,6,55.77204513549805,10.720686912536621
1,3,1321,7,55.804683685302734,10.748454093933105
1,3,1321,8,55.83800506591797,10.777396202087402
1,3,1321,9,55.87114334106445,10.80531120300293
1,3,1321,10,55.90287780761719,10.833251953125
1,3,1321,11,55.93662643432617,10.861309051513672
1,3,1321,12,55.9698600769043,10.889702796936035
1,3,1321,13,56.002532958984375,10.917318344116211
1,3,1321,14,56.0361442565918,10.945663452148438
1,3,1321,15,56.06828308105469,10.97350025177002
1,3,1321,16,56.10148239135742,11.00223445892334
1,3,1321,17,56.1346549987793,11.030632972717285
1,3,1321,18,56.16700744628906,11.058438301086426
1,3,1321,19,56.20072555541992,11.087691307067871
1,3,1321,20,56.23399353027344,11.115601539611816
1,4,1400,0,47.846458435058594,26.22993278503418
1,4,1400,1,47.861751556396484,26.24081802368164
1,4,1400,2,47.8766975402832,26.25164031982422
1,4,1400,3,47.89142990112305,26.262941360473633
1,4,1400,4,47.906097412109375,26.27334976196289
1,4,1400,5,47.921329498291016,26.28426742553711
1,4,1400,6,47.93644714355469,26.295150756835938
1,4,1400,7,47.95117950439453,26.305660247802734
1,4,1400,8,47.966644287109375,26.317354202270508
1,4,1400,9,47.98188781738281,26.328018188476562
1,4,1400,10,47.995723724365234,26.33869171142578
1,4,1400,11,48.01158142089844,26.3494815826416
1,4,1400,12,48.026939392089844,26.36063575744629
1,4,1400,13,48.04170608520508,26.37099838256836
1,4,1400,14,48.05743408203125,26.382091522216797
1,4,1400,15,48.0716667175293,26.392658233642578
1,4,1400,16,48.086978912353516,26.40413475036621
1,4,1400,17,48.102264404296875,26.415266036987305
1,4,1400,18,48.1167106628418,26.42581558227539
1,4,1400,19,48.132572174072266,26.437820434570312
1,4,1400,20,48.14794158935547,26.448471069335938
1,4,1401,0,50.48667907714844,12.787943840026855
1,4,1401,1,50.505897521972656,12.80308723449707
1,4,1401,2,50.52477264404297,12.81816577911377
1,4,1401,3,50.5434455871582,12.833731651306152
1,4,1401,4,50.56206130981445,12.848402976989746
1,4,1401,5,50.58121871948242,12.863577842712402
1,4,1401,6,50.60027313232422,12.8787202835083
1,4,1401,7,50.61894989013672,12.893505096435547
1,4,1401,8,50.6383171081543,12.909460067749023
1,4,1401,9,50.657501220703125,12.924379348754883
1,4,1401,10,50.67527770996094,12.939319610595703
1,4,1401,11,50.695064544677734,12.954385757446289
1,4,1401,12,50.7143440246582,12.9697904586792
1,4,1401,13,50.733062744140625,12.984419822692871
1,4,1401,14,50.75271224975586,12.999773025512695
1,4,1401,15,50.77090072631836,13.014606475830078
1,4,1401,16,50.79013442993164,13.030346870422363
1,4,1401,17,50.809349060058594,13.04575252532959
1,4,1401,18,50.82774353027344,13.060564041137695
1,4,1401,19,50.847503662109375,13.076827049255371
1,4,1401,20,50.8668098449707,13.0917387008667
1,4,1402,0,53.47528076171875,18.89139747619629
1,4,1402,1,53.49856948852539,18.908008575439453
1,4,1402,2,53.521514892578125,18.924560546875
1,4,1402,3,53.544254302978516,18.94159507751465
1,4,1402,4,53.56692886352539,18.957733154296875
1,4,1402,5,53.59015655517578,18.974380493164062
1,4,1402,6,53.61328125,18.99099349975586
1,4,1402,7,53.636024475097656,19.007238388061523
1,4,1402,8,53.65947341918945,19.024658203125
1,4,1402,9,53.68272018432617,19.04104995727539
1,4,1402,10,53.704566955566406,19.057462692260742
1,4,1402,11,53.728424072265625,19.073989868164062
1,4,1402,12,53.75177764892578,19.090864181518555
1,4,1402,13,53.77455139160156,19.106962203979492
1,4,1402,14,53.79827880859375,19.123783111572266
1,4,1402,15,53.82052230834961,19.14008903503418
1,4,1402,16,53.84383773803711,19.15729331970215
1,4,1402,17,53.867122650146484,19.174163818359375
1,4,1402,18,53.88957977294922,19.190444946289062
1,4,1402,19,53.91342544555664,19.208173751831055
1,4,1402,20,53.93680191040039,19.22455596923828
1,4,1403,0,52.019798278808594,20.4158935546875
1,4,1403,1,52.038333892822266,20.428869247436523
1,4,1403,2,52.056514739990234,20.441781997680664
1,4,1403,3,52.07449722290039,20.45517349243164
1,4,1403,4,52.09241485595703,20.467674255371094
1,4,1403,5,52.11088180541992,20.48068618774414
1,4,1403,6,52.12924575805664,20.4936580657959
1,4,1403,7,52.1472282409668,20.506269454956055
1,4,1403,8,52.16592025756836,20.520050048828125
1,4,1403,9,52.184410095214844,20.532804489135742
1,4,1403,10,52.20149230957031,20.545576095581055
1,4,1403,11,52.22059631347656,20.5584659576416
1,4,1403,12,52.23918914794922,20.571706771850586
1,4,1403,13,52.257205963134766,20.58416748046875
1,4,1403,14,52.27617263793945,20.59735107421875
1,4,1403,15,52.29365921020508,20.610013961791992
1,4,1403,16,52.31221008300781,20.623580932617188
1,4,1403,17,52.33073806762695,20.636812210083008
1,4,1403,18,52.34843444824219,20.649457931518555
1,4,1403,19,52.367523193359375,20.66354751586914
1,4,1403,20,52.386138916015625,20.67629051208496
1,4,1404,0,53.543121337890625,17.78110694885254
1,4,1404,1,53.56272888183594,17.79508399963379
1,4,1404,2,53.581993103027344,17.808996200561523
1,4,1404,3,53.60105514526367,17.823389053344727
1,4,1404,4,53.620052337646484,17.836891174316406
1,4,1404,5,53.63959884643555,17.850900650024414
1,4,1404,6,53.65903854370117,17.86487579345703
1,4,1404,7,53.6781005859375,17.878488540649414
1,4,1404,8,53.6978645324707,17.893272399902344
1,4,1404,9,53.717430114746094,17.907026290893555
1,4,1404,10,53.73560333251953,17.920795440673828
1,4,1404,11,53.755775451660156,17.934690475463867
1,4,1404,12,53.775447845458984,17.948928833007812
1,4,1404,13,53.7945442199707,17.96238899230957
1,4,1404,14,53.8145866394043,17.97657585144043
1,4,1404,15,53.83315658569336,17.990238189697266
1,4,1404,16,53.852783203125,18.00480842590332
1,4,1404,17,53.87238693237305,18.01904296875
1,4,1404,18,53.89116668701172,18.032686233520508
1,4,1404,19,53.91132736206055,18.047779083251953
1,4,1404,20,53.93102264404297,18.0615234375
1,4,1405,0,59.82134246826172,25.538105010986328
1,4,1405,1,59.84478759765625,25.552576065063477
1,4,1405,2,59.867881774902344,25.566984176635742
1,4,1405,3,59.89076614379883,25.581872940063477
1,4,1405,4,59.91358947753906,25.595870971679688
1,4,1405,5,59.93696975708008,25.610374450683594
1,4,1405,6,59.96023941040039,25.624845504760742
1,4,1405,7,59.98312759399414,25.638946533203125
1,4,1405,8,60.00673294067383,25.65422248840332
1,4,1405,9,60.030128479003906,25.668476104736328
1,4,1405,10,60.052120208740234,25.6827449798584
1,4,1405,11,60.07612991333008,25.697128295898438
1,4,1405,12,60.09963607788086,25.71186065673828
1,4,1405,13,60.12255859375,25.72581672668457
1,4,1405,14,60.14643478393555,25.740495681762695
1,4,1405,15,60.168827056884766,25.754657745361328
1,4,1405,16,60.19228744506836,25.769718170166016
1,4,1405,17,60.21572494506836,25.78444480895996
1,4,1405,18,60.23832702636719,25.798582077026367
1,4,1405,19,60.262325286865234,25.814167022705078
1,4,1405,20,60.28584671020508,25.828405380249023
1,4,1406,0,47.551273345947266,43.12728500366211
1,4,1406,1,47.545677185058594,43.11356735229492
1,4,1406,2,47.53974151611328,43.09978485107422
1,4,1406,3,47.5335807800293,43.086490631103516
1,4,1406,4,47.52735137939453,43.0722770690918
1,4,1406,5,47.52168273925781,43.05859375
1,4,1406,6,47.51591110229492,43.044864654541016
1,4,1406,7,47.50973129272461,43.03076934814453
1,4,1406,8,47.50432586669922,43.01788330078125
1,4,1406,9,47.498680114746094,43.003929138183594
1,4,1406,10,47.49160385131836,42.989986419677734
1,4,1406,11,47.486576080322266,42.976158142089844
1,4,1406,12,47.48105239868164,42.96271896362305
1,4,1406,13,47.47491455078125,42.94847869873047
1,4,1406,14,47.469757080078125,42.93495559692383
1,4,1406,15,47.46308898925781,42.920902252197266
1,4,1406,16,47.45750427246094,42.907772064208984
1,4,1406,17,47.451900482177734,42.89430236816406
1,4,1406,18,47.445438385009766,42.8802375793457
1,4,1406,19,47.4404411315918,42.8676643371582
1,4,1406,20,47.434913635253906,42.85369110107422
1,4,1407,0,54.68625259399414,24.647762298583984
1,4,1407,1,54.7014274597168,24.6569881439209
1,4,1407,2,54.71625900268555,24.66615104675293
1,4,1407,3,54.73088836669922,24.675796508789062
1,4,1407,4,54.745452880859375,24.684547424316406
1,4,1407,5,54.76056671142578,24.693805694580078
1,4,1407,6,54.77557373046875,24.70302963256836
1,4,1407,7,54.790199279785156,24.711889266967773
1,4,1407,8,54.8055419921875,24.721921920776367
1,4,1407,9,54.820674896240234,24.730924606323242
1,4,1407,10,54.83441162109375,24.739946365356445
1,4,1407,11,54.850154876708984,24.749082565307617
1,4,1407,12,54.865394592285156,24.758573532104492
1,4,1407,13,54.88005828857422,24.767284393310547
1,4,1407,14,54.89567184448242,24.776716232299805
1,4,1407,15,54.90980529785156,24.785629272460938
1,4,1407,16,54.92500305175781,24.795446395874023
1,4,1407,17,54.9401741027832,24.80492401123047
1,4,1407,18,54.95451736450195,24.813819885253906
1,4,1407,19,54.97025680541992,24.824159622192383
1,4,1407,20,54.98551559448242,24.833148956298828
1,4,1408,0,47.33662796020508,24.961435317993164
1,4,1408,1,47.34735107421875,24.962736129760742
1,4,1408,2,47.357730865478516,24.963973999023438
1,4,1408,3,47.36790466308594,24.965694427490234
1,4,1408,4,47.378021240234375,24.96651840209961
1,4,1408,5,47.388675689697266,24.967851638793945
1,4,1408,6,47.39923095703125,24.969144821166992
1,4,1408,7,47.409393310546875,24.970083236694336
1,4,1408,8,47.42028045654297,24.972198486328125
1,4,1408,9,47.430965423583984,24.9732723236084
1,4,1408,10,47.440242767333984,24.974363327026367
1,4,1408,11,47.45153045654297,24.975568771362305
1,4,1408,12,47.462318420410156,24.977134704589844
1,4,1408,13,47.47252655029297,24.977920532226562
1,4,1408,14,47.48367691040039,24.97942352294922
1,4,1408,15,47.49336242675781,24.980403900146484
1,4,1408,16,47.50409698486328,24.982295989990234
1,4,1408,17,47.51481628417969,24.983850479125977
1,4,1408,18,47.52470779418945,24.984817504882812
1,4,1408,19,47.535987854003906,24.987241744995117
1,4,1408,20,47.546791076660156,24.988298416137695
1,4,1409,0,48.77745056152344,43.3875617980957
1,4,1409,1,48.77523422241211,43.37858963012695
1,4,1409,2,48.77267074584961,43.36955642700195
1,4,1409,3,48.76988983154297,43.36100387573242
1,4,1409,4,48.76703643798828,43.35154342651367
1,4,1409,5,48.76475143432617,43.34260559082031
1,4,1409,6,48.76235580444336,43.33363342285156
1,4,1409,7,48.75954818725586,43.324283599853516
1,4,1409,8,48.75751876831055,43.31614303588867
1,4,1409,9,48.755252838134766,43.306941986083984
1,4,1409,10,48.751556396484375,43.29774856567383
1,4,1409,11,48.74990463256836,43.28867721557617
1,4,1409,12,48.74776077270508,43.27997970581055
1,4,1409,13,48.744998931884766,43.27048873901367
1,4,1409,14,48.74321746826172,43.261722564697266
1,4,1409,15,48.739925384521484,43.252418518066406
1,4,1409,16,48.73771667480469,43.24403762817383
1,4,1409,17,48.73549270629883,43.235313415527344
1,4,1409,18,48.7324104309082,43.22599792480469
1,4,1409,19,48.73078155517578,43.21816635131836
1,4,1409,20,48.7286376953125,43.20894241333008
1,4,1410,0,50.646141052246094,15.608011245727539
1,4,1410,1,50.68442153930664,15.63755989074707
1,4,1410,2,50.72233963012695,15.667046546936035
1,4,1410,3,50.76005554199219,15.69702434539795
1,4,1410,4,50.797691345214844,15.726096153259277
1,4,1410,5,50.83591842651367,15.755684852600098
1,4,1410,6,50.874019622802734,15.785236358642578
1,4,1410,7,50.9117431640625,15.814408302307129
1,4,1410,8,50.95018768310547,15.844780921936035
1,4,1410,9,50.988407135009766,15.87411117553711
1,4,1410,10,51.02522277832031,15.903464317321777
1,4,1410,11,51.06407928466797,15.932926177978516
1,4,1410,12,51.1024169921875,15.96274471282959
1,4,1410,13,51.14017105102539,15.991764068603516
1,4,1410,14,51.17889404296875,16.021528244018555
1,4,1410,15,51.21609878540039,16.0507755279541
1,4,1410,16,51.25441360473633,16.0809383392334
1,4,1410,17,51.29269027709961,16.11075210571289
1,4,1410,18,51.33011245727539,16.139970779418945
1,4,1410,19,51.36896514892578,16.170658111572266
1,4,1410,20,51.4073371887207,16.199983596801758
1,4,1411,0,55.771728515625,22.860742568969727
1,4,1411,1,55.78443145751953,22.865989685058594
1,4,1411,2,55.79679489135742,22.871171951293945
1,4,1411,3,55.8089485168457,22.8768367767334
1,4,1411,4,55.821048736572266,22.88160514831543
1,4,1411,5,55.83368682861328,22.886882781982422
1,4,1411,6,55.846229553222656,22.89212417602539
1,4,1411,7,55.85837936401367,22.897008895874023
1,4,1411,8,55.871238708496094,22.903074264526367
1,4,1411,9,55.883907318115234,22.90809440612793
1,4,1411,10,55.89516830444336,22.913124084472656
1,4,1411,11,55.9084358215332,22.918289184570312
1,4,1411,12,55.921207427978516,22.923803329467773
1,4,1411,13,55.93340301513672,22.92853355407715
1,4,1411,14,55.946537017822266,22.933988571166992
1,4,1411,15,55.95820236206055,22.93891143798828
1,4,1411,16,55.970924377441406,22.944753646850586
1,4,1411,17,55.983619689941406,22.950258255004883
1,4,1411,18,55.99549865722656,22.95516586303711
1,4,1411,19,56.00875473022461,22.96154022216797
1,4,1411,20,56.02154541015625,22.9665470123291
1,4,1412,0,51.7955322265625,38.918540954589844
1,4,1412,1,51.80433654785156,38.922019958496094
1,4,1412,2,51.81279373168945,38.925437927246094
1,4,1412,3,51.8210334777832,38.92933654785156
1,4,1412,4,51.8292121887207,38.93233871459961
1,4,1412,5,51.83795166015625,38.93585205078125
1,4,1412,6,51.84657287597656,38.9393310546875
1,4,1412,7,51.85480499267578,38.94242858886719
1,4,1412,8,51.86378479003906,38.94672775268555
1,4,1412,9,51.87253952026367,38.94998550415039
1,4,1412,10,51.879878997802734,38.95325469970703
1,4,1412,11,51.88924026489258,38.956626892089844
1,4,1412,12,51.898109436035156,38.96037673950195
1,4,1412,13,51.906375885009766,38.96333312988281
1,4,1412,14,51.915611267089844,38.967018127441406
1,4,1412,15,51.92334747314453,38.970176696777344
1,4,1412,16,51.932167053222656,38.97425079345703
1,4,1412,17,51.94095993041992,38.97797775268555
1,4,1412,18,51.948909759521484,38.981117248535156
1,4,1412,19,51.958282470703125,38.98572540283203
1,4,1412,20,51.96715545654297,38.98896408081055
1,4,1413,0,59.55570983886719,22.720369338989258
1,4,1413,1,59.575042724609375,22.732494354248047
1,4,1413,2,59.59402847290039,22.74456024169922
1,4,1413,3,59.61281204223633,22.757104873657227
1,4,1413,4,59.631534576416016,22.76875877380371
1,4,1413,5,59.65080261230469,22.780920028686523
1,4,1413,6,59.66996765136719,22.79304313659668
1,4,1413,7,59.688751220703125,22.804807662963867
1,4,1413,8,59.7082405090332,22.817739486694336
1,4,1413,9,59.72753143310547,22.82964515686035
1,4,1413,10,59.74542236328125,22.841569900512695
1,4,1413,11,59.76531982421875,22.853607177734375
1,4,1413,12,59.78471374511719,22.865997314453125
1,4,1413,13,59.80353546142578,22.877609252929688
1,4,1413,14,59.823299407958984,22.889942169189453
1,4,1413,15,59.841590881347656,22.901758193969727
1,4,1413,16,59.86094284057617,22.91447639465332
1,4,1413,17,59.88026809692383,22.926860809326172
1,4,1413,18,59.89876937866211,22.938657760620117
1,4,1413,19,59.91865539550781,22.9518985748291
1,4,1413,20,59.93806838989258,22.963788986206055
1,4,1414,0,54.074012756347656,24.543447494506836
1,4,1414,1,54.088619232177734,24.550222396850586
1,4,1414,2,54.10288619995117,24.556936264038086
1,4,1414,3,54.116947174072266,24.564128875732422
1,4,1414,4,54.13094711303711,24.570430755615234
1,4,1414,5,54.14549255371094,24.577238082885742
1,4,1414,6,54.15993118286133,24.58401107788086
1,4,1414,7,54.17398452758789,24.590423583984375
1,4,1414,8,54.188758850097656,24.59800910949707
1,4,1414,9,54.20332336425781,24.60456085205078
1,4,1414,10,54.21649169921875,24.611127853393555
1,4,1414,11,54.23166275024414,24.617813110351562
1,4,1414,12,54.246337890625,24.624855041503906
1,4,1414,13,54.260433197021484,24.63111686706543
1,4,1414,14,54.27547073364258,24.638097763061523
1,4,1414,15,54.28903579711914,24.644556045532227
1,4,1414,16,54.30366516113281,24.65192413330078
1,4,1414,17,54.31826400756836,24.658954620361328
1,4,1414,18,54.3320426940918,24.66539764404297
1,4,1414,19,54.34720993041992,24.67329216003418
1,4,1414,20,54.361900329589844,24.679828643798828
1,4,1415,0,58.45198059082031,30.442893981933594
1,4,1415,1,58.46382522583008,30.447647094726562
1,4,1415,2,58.47532272338867,30.45233917236328
1,4,1415,3,58.48661422729492,30.457517623901367
1,4,1415,4,58.49784469604492,30.4617977142334
1,4,1415,5,58.50962448120117,30.466585159301758
1,4,1415,6,58.521297454833984,30.471338272094727
1,4,1415,7,58.5325813293457,30.475727081298828
1,4,1415,8,58.54458999633789,30.481294631958008
1,4,1415,9,58.55638885498047,30.48582649230957
1,4,1415,10,58.56678771972656,30.49037742614746
1,4,1415,11,58.579193115234375,30.49503517150879
1,4,1415,12,58.59109878540039,30.500057220458984
1,4,1415,13,58.6024284362793,30.504297256469727
1,4,1415,14,58.61470031738281,30.509254455566406
1,4,1415,15,58.62549591064453,30.513696670532227
1,4,1415,16,58.63735580444336,30.51904296875
1,4,1415,17,58.64918899536133,30.524051666259766
1,4,1415,18,58.66019821166992,30.528474807739258
1,4,1415,19,58.672603607177734,30.53434944152832
1,4,1415,20,58.68452453613281,30.538864135742188
1,4,1416,0,50.357364654541016,16.38262176513672
1,4,1416,1,50.37371826171875,16.392818450927734
1,4,1416,2,50.389732360839844,16.402950286865234
1,4,1416,3,50.40554428100586,16.41356658935547
1,4,1416,4,50.42129898071289,16.423288345336914
1,4,1416,5,50.437591552734375,16.433515548706055
1,4,1416,6,50.45378494262695,16.443710327148438
1,4,1416,7,50.4695930480957,16.45354652404785
1,4,1416,8,50.48610305786133,16.464557647705078
1,4,1416,9,50.50242614746094,16.474529266357422
1,4,1416,10,50.51734161376953,16.48451805114746
1,4,1416,11,50.53426742553711,16.494630813598633
1,4,1416,12,50.55068588256836,16.505094528198242
1,4,1416,13,50.5665397644043,16.5147762298584
1,4,1416,14,50.58332443237305,16.525178909301758
1,4,1416,15,50.5986442565918,16.53506088256836
1,4,1416,16,50.615020751953125,16.545852661132812
1,4,1416,17,50.631370544433594,16.55630874633789
1,4,1416,18,50.64690399169922,16.566171646118164
1,4,1416,19,50.66380310058594,16.577491760253906
1,4,1416,20,50.68025207519531,16.587451934814453
1,4,1417,0,50.2366943359375,26.20205307006836
1,4,1417,1,50.24845504760742,26.2077579498291
1,4,1417,2,50.25986862182617,26.213403701782227
1,4,1417,3,50.27107620239258,26.21953010559082
1,4,1417,4,50.28221893310547,26.224761962890625
1,4,1417,5,50.293914794921875,26.230504989624023
1,4,1417,6,50.305503845214844,26.236207962036133
1,4,1417,7,50.31670379638672,26.24155044555664
1,4,1417,8,50.32862854003906,26.248065948486328
1,4,1417,9,50.3403434753418,26.253551483154297
1,4,1417,10,50.35065841674805,26.259052276611328
1,4,1417,11,50.36298751831055,26.264665603637695
1,4,1417,12,50.37480926513672,26.270641326904297
1,4,1417,13,50.386051177978516,26.27583122253418
1,4,1417,14,50.39824676513672,26.281742095947266
1,4,1417,15,50.408958435058594,26.28713607788086
1,4,1417,16,50.420738220214844,26.293434143066406
1,4,1417,17,50.432491302490234,26.29939079284668
1,4,1417,18,50.44341278076172,26.304767608642578
1,4,1417,19,50.45573806762695,26.31159019470215
1,4,1417,20,50.46757888793945,26.317060470581055
1,4,1418,0,59.053321838378906,22.816082000732422
1,4,1418,1,59.07378005981445,22.829803466796875
1,4,1418,2,59.09388732910156,22.843461990356445
1,4,1418,3,59.113792419433594,22.857601165771484
1,4,1418,4,59.13363265991211,22.870849609375
1,4,1418,5,59.154022216796875,22.884607315063477
1,4,1418,6,59.17430877685547,22.898326873779297
1,4,1418,7,59.194210052490234,22.911684036254883
1,4,1418,8,59.21482849121094,22.926212310791016
1,4,1418,9,59.2352409362793,22.939714431762695
1,4,1418,10,59.25424575805664,22.953231811523438
1,4,1418,11,59.2752685546875,22.966869354248047
1,4,1418,12,59.2957878112793,22.980854034423828
1,4,1418,13,59.31572723388672,22.994062423706055
1,4,1418,14,59.33661651611328,23.007991790771484
1,4,1418,15,59.35602569580078,23.021404266357422
1,4,1418,16,59.37649917602539,23.035717010498047
1,4,1418,17,59.396949768066406,23.049694061279297
1,4,1418,18,59.416568756103516,23.063085556030273
1,4,1418,19,59.43758010864258,23.07792091369629
1,4,1418,20,59.4581184387207,23.09140968322754
1,4,1419,0,59.2501220703125,31.63832664489746
1,4,1419,1,59.26453399658203,31.646766662597656
1,4,1419,2,59.27859878540039,31.655141830444336
1,4,1419,3,59.292449951171875,31.663991928100586
1,4,1419,4,59.30624008178711,31.671955108642578
1,4,1419,5,59.320587158203125,31.6804256439209
1,4,1419,6,59.33481979370117,31.688859939575195
1,4,1419,7,59.348670959472656,31.696928024291992
1,4,1419,8,59.36324691772461,31.70616912841797
1,4,1419,9,59.37760925292969,31.714385986328125
1,4,1419,10,59.390567779541016,31.722612380981445
1,4,1419,11,59.405540466308594,31.730958938598633
1,4,1419,12,59.42001724243164,31.739660263061523
1,4,1419,13,59.433902740478516,31.747583389282227
1,4,1419,14,59.44874954223633,31.7562255859375
1,4,1419,15,59.46210479736328,31.76434898376465
1,4,1419,16,59.476531982421875,31.773374557495117
1,4,1419,17,59.490936279296875,31.782060623168945
1,4,1419,18,59.5045051574707,31.7901668548584
1,4,1419,19,59.519474029541016,31.79971694946289
1,4,1419,20,59.53396224975586,31.807920455932617
1,4,1420,0,57.12297439575195,23.651317596435547
1,4,1420,1,57.14399337768555,23.667699813842773
1,4,1420,2,57.1646614074707,23.684019088745117
1,4,1420,3,57.18511962890625,23.700817108154297
1,4,1420,4,57.20551681518555,23.716724395751953
1,4,1420,5,57.22647476196289,23.73314094543457
1,4,1420,6,57.247314453125,23.749521255493164
1,4,1420,7,57.26777648925781,23.76552963256836
1,4,1420,8,57.28895568847656,23.78271484375
1,4,1420,9,57.3099250793457,23.798877716064453
1,4,1420,10,57.329490661621094,23.815053939819336
1,4,1420,11,57.351078033447266,23.831344604492188
1,4,1420,12,57.372154235839844,23.847993850708008
1,4,1420,13,57.39265441894531,23.863855361938477
1,4,1420,14,57.41410446166992,23.880443572998047
1,4,1420,15,57.43406677246094,23.896516799926758
1,4,1420,16,57.455108642578125,23.913488388061523
1,4,1420,17,57.47611999511719,23.93012046813965
1,4,1420,18,57.49629592895508,23.946168899536133
1,4,1420,19,57.51787185668945,23.963665008544922
1,4,1420,20,57.53896713256836,23.979816436767578
1,4,1421,0,58.30656814575195,11.990411758422852
1,4,1421,1,58.33051681518555,12.010554313659668
1,4,1421,2,58.3541259765625,12.030635833740234
1,4,1421,3,58.37752914428711,12.051203727722168
1,4,1421,4,58.40087890625,12.070878982543945
1,4,1421,5,58.424766540527344,12.09105396270752
1,4,1421,6,58.448551177978516,12.111197471618652
1,4,1421,7,58.471961975097656,12.13098430633545
1,4,1421,8,58.496055603027344,12.151938438415527
1,4,1421,9,58.51997375488281,12.171860694885254
1,4,1421,10,58.54248046875,12.191808700561523
1,4,1421,11,58.5670051574707,12.211877822875977
1,4,1421,12,58.59101486206055,12.232282638549805
1,4,1421,13,58.614463806152344,12.251914024353027
1,4,1421,14,58.63884353637695,12.272266387939453
1,4,1421,15,58.661766052246094,12.292108535766602
1,4,1421,16,58.685733795166016,12.312850952148438
1,4,1421,17,58.70967483520508,12.333259582519531
1,4,1421,18,58.73280334472656,12.35307502746582
1,4,1421,19,58.75728988647461,12.374336242675781
1,4,1421,20,58.78133010864258,12.394250869750977
1,5,1500,0,50.75764846801758,10.062233924865723
1,5,1500,1,50.789764404296875,10.088534355163574
1,5,1500,2,50.821533203125,10.114773750305176
1,5,1500,3,50.85309982299805,10.141501426696777
1,5,1500,4,50.884605407714844,10.16733169555664
1,5,1500,5,50.916664123535156,10.1936674118042
1,5,1500,6,50.948612213134766,10.219970703125
1,5,1500,7,50.98019027709961,10.245908737182617
1,5,1500,8,51.012451171875,10.273021697998047
1,5,1500,9,51.04452896118164,10.299101829528809
1,5,1500,10,51.07520294189453,10.325209617614746
1,5,1500,11,51.10789108276367,10.351435661315918
1,5,1500,12,51.14006423950195,10.377996444702148
1,5,1500,13,51.17167663574219,10.40378189086914
1,5,1500,14,51.20423126220703,10.430296897888184
1,5,1500,15,51.23530960083008,10.456298828125
1,5,1500,16,51.2674446105957,10.48320198059082
1,5,1500,17,51.299556732177734,10.509770393371582
1,5,1500,18,51.33084487915039,10.535743713378906
1,5,1500,19,51.363502502441406,10.5631685256958
1,5,1500,20,51.39570999145508,10.58924388885498
1,5,1501,0,52.56260681152344,39.772708892822266
1,5,1501,1,52.56430435180664,39.765262603759766
1,5,1501,2,52.5656623840332,39.75775146484375
1,5,1501,3,52.56679916381836,39.750728607177734
1,5,1501,4,52.56787872314453,39.7427978515625
1,5,1501,5,52.56950759887695,39.73537826538086
1,5,1501,6,52.57102966308594,39.72792434692383
1,5,1501,7,52.5721549987793,39.72011184692383
1,5,1501,8,52.574031829833984,39.71348571777344
1,5,1501,9,52.575679779052734,39.705806732177734
1,5,1501,10,52.5759162902832,39.69814682006836
1,5,1501,11,52.57817459106445,39.69059371948242
1,5,1501,12,52.5799446105957,39.683414459228516
1,5,1501,13,52.581111907958984,39.675453186035156
1,5,1501,14,52.5832405090332,39.66820526123047
1,5,1501,15,52.58388137817383,39.660430908203125
1,5,1501,16,52.58559036254883,39.65357208251953
1,5,1501,17,52.5872802734375,39.6463737487793
1,5,1501,18,52.58812713623047,39.638587951660156
1,5,1501,19,52.59040069580078,39.63227081298828
1,5,1501,20,52.59217071533203,39.62457275390625
1,5,1502,0,47.2741813659668,22.399675369262695
1,5,1502,1,47.28858184814453,22.405136108398438
1,5,1502,2,47.302635192871094,22.410531997680664
1,5,1502,3,47.31648635864258,22.416410446166992
1,5,1502,4,47.33028030395508,22.421398162841797
1,5,1502,5,47.34461212158203,22.426891326904297
1,5,1502,6,47.35884475708008,22.43234634399414
1,5,1502,7,47.3726921081543,22.43744468688965
1,5,1502,8,47.38724899291992,22.443716049194336
1,5,1502,9,47.401607513427734,22.448951721191406
1,5,1502,10,47.41456985473633,22.454204559326172
1,5,1502,11,47.429527282714844,22.459575653076172
1,5,1502,12,47.443992614746094,22.465299606323242
1,5,1502,13,47.45787811279297,22.47024917602539
1,5,1502,14,47.47270584106445,22.47591209411621
1,5,1502,15,47.48606491088867,22.481056213378906
1,5,1502,16,47.50048065185547,22.487106323242188
1,5,1502,17,47.514869689941406,22.492820739746094
1,5,1502,18,47.5284423828125,22.497949600219727
1,5,1502,19,47.543392181396484,22.504526138305664
1,5,1502,20,47.5578727722168,22.509746551513672
1,5,1503,0,48.76021194458008,29.60690689086914
1,5,1503,1,48.76834487915039,29.606700897216797
1,5,1503,2,48.77613067626953,29.60643196105957
1,5,1503,3,48.78371047973633,29.60665512084961
1,5,1503,4,48.791229248046875,29.605972290039062
1,5,1503,5,48.799293518066406,29.605798721313477
1,5,1503,6,48.807254791259766,29.605587005615234
1,5,1503,7,48.8148193359375,29.605016708374023
1,5,1503,8,48.823123931884766,29.605632781982422
1,5,1503,9,48.831207275390625,29.60519790649414
1,5,1503,10,48.837890625,29.604787826538086
1,5,1503,11,48.84658432006836,29.60447883605957
1,5,1503,12,48.85478210449219,29.604541778564453
1,5,1503,13,48.86239242553711,29.603818893432617
1,5,1503,14,48.87095260620117,29.60381317138672
1,5,1503,15,48.87803649902344,29.603290557861328
1,5,1503,16,48.88618087768555,29.603681564331055
1,5,1503,17,48.89430618286133,29.603731155395508
1,5,1503,18,48.90159606933594,29.60318946838379
1,5,1503,19,48.91029357910156,29.604114532470703
1,5,1503,20,48.91850280761719,29.603660583496094
1,5,1504,0,54.13184356689453,33.453224182128906
1,5,1504,1,54.137725830078125,33.45047378540039
1,5,1504,2,54.143272399902344,33.447662353515625
1,5,1504,3,54.14860534667969,33.44533920288086
1,5,1504,4,54.15388107299805,33.442108154296875
1,5,1504,5,54.159698486328125,33.439388275146484
1,5,1504,6,54.16541290283203,33.4366340637207
1,5,1504,7,54.17073059082031,33.43351745605469
1,5,1504,8,54.17679214477539,33.43159103393555
1,5,1504,9,54.18263244628906,33.428611755371094
1,5,1504,10,54.187068939208984,33.42565155029297
1,5,1504,11,54.193511962890625,33.42279815673828
1,5,1504,12,54.199466705322266,33.420318603515625
1,5,1504,13,54.204830169677734,33.41705322265625
1,5,1504,14,54.211143493652344,33.41450119018555
1,5,1504,15,54.21598434448242,33.41143035888672
1,5,1504,16,54.22188186645508,33.40927505493164
1,5,1504,17,54.22776412963867,33.406776428222656
1,5,1504,18,54.23280715942383,33.403690338134766
1,5,1504,19,54.239261627197266,33.40207290649414
1,5,1504,20,54.24522018432617,33.39907455444336
1,5,1505,0,63.65306854248047,31.890714645385742
1,5,1505,1,63.675357818603516,31.90822410583496
1,5,1505,2,63.69728469848633,31.92567253112793
1,5,1505,3,63.7190055847168,31.943601608276367
1,5,1505,4,63.74065399169922,31.960636138916016
1,5,1505,5,63.762882232666016,31.97818374633789
1,5,1505,6,63.78498077392578,31.99569320678711
1,5,1505,7,63.80670166015625,32.01282501220703
1,5,1505,8,63.82915496826172,32.03114700317383
1,5,1505,9,63.85137939453125,32.048439025878906
1,5,1505,10,63.87220001220703,32.06574249267578
1,5,1505,11,63.895050048828125,32.08315658569336
1,5,1505,12,63.91739273071289,32.10093307495117
1,5,1505,13,63.93914794921875,32.117923736572266
1,5,1505,14,63.96186828613281,32.13563919067383
1,5,1505,15,63.98307800292969,32.15283966064453
1,5,1505,16,64.00538635253906,32.17094802856445
1,5,1505,17,64.02766418457031,32.1887092590332
1,5,1505,18,64.04908752441406,32.20588302612305
1,5,1505,19,64.07193756103516,32.224517822265625
1,5,1505,20,64.09429931640625,32.24179458618164
1,5,1506,0,51.37318801879883,14.64277458190918
1,5,1506,1,51.39687728881836,14.66091537475586
1,5,1506,2,51.420223236083984,14.678993225097656
1,5,1506,3,51.4433708190918,14.697555541992188
1,5,1506,4,51.46644973754883,14.715224266052246
1,5,1506,5,51.49007797241211,14.7333984375
1,5,1506,6,51.51360321044922,14.751538276672363
1,5,1506,7,51.536746978759766,14.769316673278809
1,5,1506,8,51.56059265136719,14.788265228271484
1,5,1506,9,51.5842399597168,14.806183815002441
1,5,1506,10,51.60649490356445,14.824124336242676
1,5,1506,11,51.6307487487793,14.842185020446777
1,5,1506,12,51.654502868652344,14.860588073730469
1,5,1506,13,51.67768478393555,14.878213882446289
1,5,1506,14,51.70180892944336,14.896563529968262
1,5,1506,15,51.72446060180664,14.914396286010742
1,5,1506,16,51.748172760009766,14.933133125305176
1,5,1506,17,51.77185821533203,14.951533317565918
1,5,1506,18,51.79472351074219,14.969343185424805
1,5,1506,19,51.81896209716797,14.988600730895996
1,5,1506,20,51.84273910522461,15.006509780883789
1,5,1507,0,49.180023193359375,33.908348083496094
1,5,1507,1,49.19373321533203,33.92112731933594
1,5,1507,2,49.20708084106445,33.933841705322266
1,5,1507,3,49.220211029052734,33.94704055786133
1,5,1507,4,49.233272552490234,33.95933532714844
1,5,1507,5,49.246917724609375,33.97214889526367
1,5,1507,6,49.260433197021484,33.984928131103516
1,5,1507,7,49.2735595703125,33.997318267822266
1,5,1507,8,49.28744888305664,34.010921478271484
1,5,1507,9,49.301090240478516,34.02347946166992
1,5,1507,10,49.31332015991211,34.03604507446289
1,5,1507,11,49.32759094238281,34.0487174987793
1,5,1507,12,49.34135437011719,34.061767578125
1,5,1507,13,49.354515075683594,34.07401657104492
1,5,1507,14,49.36865997314453,34.08700180053711
1,5,1507,15,49.38127899169922,34.099464416503906
1,5,1507,16,49.3950080871582,34.11284637451172
1,5,1507,17,49.40870666503906,34.12586975097656
1,5,1507,18,49.42154312133789,34.1383056640625
1,5,1507,19,49.43582534790039,34.1522216796875
1,5,1507,20,49.44960403442383,34.16476058959961
1,5,1508,0,50.514278411865234,17.636484146118164
1,5,1508,1,50.531219482421875,17.646163940429688
1,5,1508,2,50.547821044921875,17.655780792236328
1,5,1508,3,50.56422424316406,17.665882110595703
1,5,1508,4,50.58056640625,17.67508888244629
1,5,1508,5,50.597442626953125,17.684799194335938
1,5,1508,6,50.61422348022461,17.694475173950195
1,5,1508,7,50.630615234375,17.70379638671875
1,5,1508,8,50.64772033691406,17.714290618896484
1,5,1508,9,50.66462707519531,17.723743438720703
1,5,1508,10,50.68013381958008,17.733217239379883
1,5,1508,11,50.69763946533203,17.742815017700195
1,5,1508,12,50.71464920043945,17.752758026123047
1,5,1508,13,50.731082916259766,17.761924743652344
1,5,1508,14,50.74845504760742,17.77181053161621
1,5,1508,15,50.764366149902344,17.78117561340332
1,5,1508,16,50.78133010864258,17.79145050048828
1,5,1508,17,50.79827117919922,17.801389694213867
1,5,1508,18,50.814388275146484,17.81073570251465
1,5,1508,19,50.831886291503906,17.821537017822266
1,5,1508,20,50.848915100097656,17.83098030090332
1,5,1509,0,49.83815383911133,35.667667388916016
1,5,1509,1,49.84269332885742,35.66585159301758
1,5,1509,2,49.84688949584961,35.66397476196289
1,5,1509,3,49.85087203979492,35.66258239746094
1,5,1509,4,49.85478591918945,35.6602897644043
1,5,1509,5,49.85926055908203,35.65850830078125
1,5,1509,6,49.86362075805664,35.65668869018555
1,5,1509,7,49.86758804321289,35.654502868652344
1,5,1509,8,49.8723030090332,35.653507232666016
1,5,1509,9,49.876792907714844,35.651466369628906
1,5,1509,10,49.8798713684082,35.64944076538086
1,5,1509,11,49.884971618652344,35.647525787353516
1,5,1509,12,49.88957977294922,35.64598083496094
1,5,1509,13,49.893585205078125,35.64365005493164
1,5,1509,14,49.898555755615234,35.642032623291016
1,5,1509,15,49.902034759521484,35.63990020751953
1,5,1509,16,49.90658950805664,35.63867950439453
1,5,1509,17,49.9111213684082,35.637115478515625
1,5,1509,18,49.91481018066406,35.63496398925781
1,5,1509,19,49.919921875,35.63427734375
1,5,1509,20,49.92453384399414,35.6322135925293
1,5,1510,0,49.91642761230469,27.767253875732422
1,5,1510,1,49.927974700927734,27.77109146118164
1,5,1510,2,49.93917465209961,27.774866104125977
1,5,1510,3,49.95016860961914,27.779123306274414
1,5,1510,4,49.96110153198242,27.782487869262695
1,5,1510,5,49.97257995605469,27.786359786987305
1,5,1510,6,49.98395538330078,27.790191650390625
1,5,1510,7,49.99494171142578,27.793664932250977
1,5,1510,8,50.006649017333984,27.798311233520508
1,5,1510,9,50.018150329589844,27.80192756652832
1,5,1510,10,50.02825164794922,27.805559158325195
1,5,1510,11,50.04035949707031,27.809301376342773
1,5,1510,12,50.051971435546875,27.813404083251953
1,5,1510,13,50.06299591064453,27.816726684570312
1,5,1510,14,50.07497024536133,27.820768356323242
1,5,1510,15,50.08546829223633,27.824291229248047
1,5,1510,16,50.09702682495117,27.828718185424805
1,5,1510,17,50.10856628417969,27.832807540893555
1,5,1510,18,50.1192741394043,27.836315155029297
1,5,1510,19,50.131378173828125,27.841266632080078
1,5,1510,20,50.143001556396484,27.844865798950195
1,5,1511,0,54.18528747558594,17.54547119140625
1,5,1511,1,54.21256637573242,17.565444946289062
1,5,1511,2,54.23949432373047,17.585355758666992
1,5,1511,3,54.2662239074707,17.605751037597656
1,5,1511,4,54.292884826660156,17.625253677368164
1,5,1511,5,54.32010269165039,17.645259857177734
1,5,1511,6,54.34720993041992,17.66523551940918
1,5,1511,7,54.373939514160156,17.684844970703125
1,5,1511,8,54.40137481689453,17.705623626708984
1,5,1511,9,54.42860794067383,17.725379943847656
1,5,1511,10,54.45444107055664,17.74515724182129
1,5,1511,11,54.4822883605957,17.76504898071289
1,5,1511,12,54.50962829589844,17.7852840423584
1,5,1511,13,54.53639221191406,17.804744720458984
1,5,1511,14,54.56410598754883,17.82493019104004
1,5,1511,15,54.59033966064453,17.8445987701416
1,5,1511,16,54.61764144897461,17.86516761779785
1,5,1511,17,54.64491271972656,17.88540267944336
1,5,1511,18,54.671356201171875,17.905046463012695
1,5,1511,19,54.699188232421875,17.92613410949707
1,5,1511,20,54.7265510559082,17.945880889892578
1,5,1512,0,56.05506896972656,21.320005416870117
1,5,1512,1,56.07107162475586,21.329370498657227
1,5,1512,2,56.08673095703125,21.33867645263672
1,5,1512,3,56.10219192504883,21.34846305847168
1,5,1512,4,56.117591857910156,21.357357025146484
1,5,1512,5,56.13352966308594,21.366756439208984
1,5,1512,6,56.14937210083008,21.376121520996094
1,5,1512,7,56.164825439453125,21.385128021240234
1,5,1512,8,56.18098831176758,21.395305633544922
1,5,1512,9,56.19695281982422,21.40444564819336
1,5,1512,10,56.21152114868164,21.41360855102539
1,5,1512,11,56.22808837890625,21.422887802124023
1,5,1512,12,56.24415588378906,21.43252182006836
1,5,1512,13,56.25965118408203,21.441375732421875
1,5,1512,14,56.276084899902344,21.450946807861328
1,5,1512,15,56.29104995727539,21.459999084472656
1,5,1512,16,56.30707550048828,21.469961166381836
1,5,1512,17,56.32307434082031,21.479583740234375
1,5,1512,18,56.3382568359375,21.48862075805664
1,5,1512,19,56.35481643676758,21.49910545349121
1,5,1512,20,56.37090301513672,21.508235931396484
1,5,1513,0,56.946495056152344,16.825660705566406
1,5,1513,1,56.96952819824219,16.843904495239258
1,5,1513,2,56.99221420288086,16.86208724975586
1,5,1513,3,57.01470184326172,16.880752563476562
1,5,1513,4,57.03712463378906,16.898523330688477
1,5,1513,5,57.06010055541992,16.91680145263672
1,5,1513,6,57.08296585083008,16.93504524230957
1,5,1513,7,57.10545349121094,16.952926635742188
1,5,1513,8,57.12864303588867,16.97197914123535
1,5,1513,9,57.151634216308594,16.990001678466797
1,5,1513,10,57.1732292175293,17.00804328918457
1,5,1513,11,57.19682693481445,17.026206970214844
1,5,1513,12,57.21992492675781,17.044715881347656
1,5,1513,13,57.24244689941406,17.06244659423828
1,5,1513,14,57.26591873168945,17.080900192260742
1,5,1513,15,57.28791046142578,17.098838806152344
1,5,1513,16,57.31096649169922,17.117677688598633
1,5,1513,17,57.33399963378906,17.13618278503418
1,5,1513,18,57.356204986572266,17.154096603393555
1,5,1513,19,57.37978744506836,17.173460006713867
1,5,1513,20,57.40290832519531,17.19147300720215
1,5,1514,0,55.67969512939453,23.58097267150879
1,5,1514,1,55.69130325317383,23.585342407226562
1,5,1514,2,55.702571868896484,23.589645385742188
1,5,1514,3,55.71363067626953,23.594432830810547
1,5,1514,4,55.724639892578125,23.59832191467285
1,5,1514,5,55.736183166503906,23.602724075317383
1,5,1514,6,55.74762725830078,23.607084274291992
1,5,1514,7,55.75868606567383,23.61109161376953
1,5,1514,8,55.77045440673828,23.61627960205078
1,5,1514,9,55.78202819824219,23.62042236328125
1,5,1514,10,55.79219055175781,23.624574661254883
1,5,1514,11,55.80436706542969,23.62885856628418
1,5,1514,12,55.816043853759766,23.633493423461914
1,5,1514,13,55.827144622802734,23.637346267700195
1,5,1514,14,55.83918762207031,23.641923904418945
1,5,1514,15,55.84975814819336,23.64596939086914
1,5,1514,16,55.861385345458984,23.65093231201172
1,5,1514,17,55.872989654541016,23.655559539794922
1,5,1514,18,55.88377380371094,23.659587860107422
1,5,1514,19,55.89593505859375,23.66508674621582
1,5,1514,20,55.907630920410156,23.669214248657227
1,5,1515,0,58.56986999511719,40.156524658203125
1,5,1515,1,58.57835388183594,40.158843994140625
1,5,1515,2,58.58648681640625,40.16109848022461
1,5,1515,3,58.59440612792969,40.1638298034668
1,5,1515,4,58.602264404296875,40.16566848754883
1,5,1515,5,58.610679626464844,40.16802215576172
1,5,1515,6,58.61898422241211,40.17033386230469
1,5,1515,7,58.626895904541016,40.172271728515625
1,5,1515,8,58.63555145263672,40.17540740966797
1,5,1515,9,58.64398193359375,40.1775016784668
1,5,1515,10,58.651004791259766,40.17959976196289
1,5,1515,11,58.6600456237793,40.18181610107422
1,5,1515,12,58.6685905456543,40.18440246582031
1,5,1515,13,58.67654037475586,40.18619918823242
1,5,1515,14,58.68545150756836,40.188720703125
1,5,1515,15,58.692867279052734,40.19071578979492
1,5,1515,16,58.70136260986328,40.19362258911133
1,5,1515,17,58.70983123779297,40.19618606567383
1,5,1515,18,58.71746063232422,40.19816589355469
1,5,1515,19,58.72650909423828,40.20160675048828
1,5,1515,20,58.73506164550781,40.20368194580078
1,5,1516,0,57.24341583251953,32.13793182373047
1,5,1516,1,57.25372314453125,32.14004135131836
1,5,1516,2,57.26369094848633,32.14208984375
1,5,1516,3,57.2734489440918,32.14461898803711
1,5,1516,4,57.283145904541016,32.14625549316406
1,5,1516,5,57.29338836669922,32.14839553833008
1,5,1516,6,57.30352783203125,32.1505012512207
1,5,1516,7,57.31327438354492,32.152244567871094
1,5,1516,8,57.323753356933594,32.15516662597656
1,5,1516,9,57.334014892578125,32.157047271728516
1,5,1516,10,57.34288024902344,32.15895462036133
1,5,1516,11,57.3537483215332,32.16096496582031
1,5,1516,12,57.3641242980957,32.1633415222168
1,5,1516,13,57.3739128112793,32.16493606567383
1,5,1516,14,57.38465118408203,32.16724395751953
1,5,1516,15,57.39391326904297,32.169036865234375
1,5,1516,16,57.404239654541016,32.1717414855957
1,5,1516,17,57.4145393371582,32.17409896850586
1,5,1516,18,57.424015045166016,32.17587661743164
1,5,1516,19,57.43488693237305,32.17910385131836
1,5,1516,20,57.44527053833008,32.180973052978516
1,5,1517,0,49.51459503173828,28.793542861938477
1,5,1517,1,49.524471282958984,28.792531967163086
1,5,1517,2,49.53401184082031,28.791458129882812
1,5,1517,3,49.543338775634766,28.790874481201172
1,5,1517,4,49.55260467529297,28.789384841918945
1,5,1517,5,49.56241989135742,28.788408279418945
1,5,1517,6,49.57212829589844,28.787391662597656
1,5,1517,7,49.581443786621094,28.78601837158203
1,5,1517,8,49.591495513916016,28.785831451416016
1,5,1517,9,49.6013298034668,28.78459358215332
1,5,1517,10,49.60976028442383,28.783374786376953
1,5,1517,11,49.620201110839844,28.78226661682129
1,5,1517,12,49.630149841308594,28.781524658203125
1,5,1517,13,49.63950729370117,28.779998779296875
1,5,1517,14,49.649818420410156,28.779191970825195
1,5,1517,15,49.658653259277344,28.777860641479492
1,5,1517,16,49.66854476928711,28.77744483947754
1,5,1517,17,49.67842102050781,28.776691436767578
1,5,1517,18,49.687461853027344,28.77534294128418
1,5,1517,19,49.697906494140625,28.77546501159668
1,5,1517,20,49.707862854003906,28.774208068847656
1,5,1518,0,53.44710159301758,9.512024879455566
1,5,1518,1,53.47499084472656,9.536883354187012
1,5,1518,2,53.502532958984375,9.56168270111084
1,5,1518,3,53.529876708984375,9.586970329284668
1,5,1518,4,53.557159423828125,9.611359596252441
1,5,1518,5,53.58498764038086,9.63625431060791
1,5,1518,6,53.612709045410156,9.661113739013672
1,5,1518,7,53.64005661010742,9.685612678527832
1,5,1518,8,53.668087005615234,9.711285591125488
1,5,1518,9,53.69593811035156,9.735923767089844
1,5,1518,10,53.72238540649414,9.760587692260742
1,5,1518,11,53.75083923339844,9.78537368774414
1,5,1518,12,53.778785705566406,9.810495376586914
1,5,1518,13,53.80617141723633,9.8348388671875
1,5,1518,14,53.83448791503906,9.859909057617188
1,5,1518,15,53.86134338378906,9.884468078613281
1,5,1518,16,53.889251708984375,9.909932136535645
1,5,1518,17,53.91713333129883,9.935059547424316
1,5,1518,18,53.94419479370117,9.959589958190918
1,5,1518,19,53.972618103027344,9.985573768615723
1,5,1518,20,54.0005989074707,10.010207176208496
1,5,1519,0,57.16022872924805,14.599800109863281
1,5,1519,1,57.17921829223633,14.614325523376465
1,5,1519,2,57.1978645324707,14.62878704071045
1,5,1519,3,57.216304779052734,14.643732070922852
1,5,1519,4,57.23469543457031,14.657782554626465
1,5,1519,5,57.25362014770508,14.67233943939209
1,5,1519,6,57.2724494934082,14.68686294555664
1,5,1519,7,57.290897369384766,14.701029777526855
1,5,1519,8,57.31003189086914,14.71636962890625
1,5,1519,9,57.32898712158203,14.730670928955078
1,5,1519,10,57.346534729003906,14.744987487792969
1,5,1519,11,57.36609649658203,14.759438514709473
1,5,1519,12,57.38514709472656,14.774227142333984
1,5,1519,13,57.40363693237305,14.788237571716309
1,5,1519,14,57.423057556152344,14.802974700927734
1,5,1519,15,57.441017150878906,14.817187309265137
1,5,1519,16,57.46002197265625,14.832307815551758
1,5,1519,17,57.479007720947266,14.847095489501953
1,5,1519,18,57.49717330932617,14.861287117004395
1,5,1519,19,57.516700744628906,14.876935958862305
1,5,1519,20,57.53578186035156,14.891229629516602
1,5,1520,0,55.27677536010742,13.031744956970215
1,5,1520,1,55.299591064453125,13.050044059753418
1,5,1520,2,55.32206344604492,13.068281173706055
1,5,1520,3,55.344329833984375,13.087003707885742
1,5,1520,4,55.36654281616211,13.10483455657959
1,5,1520,5,55.38929748535156,13.12316608428955
1,5,1520,6,55.411949157714844,13.141465187072754
1,5,1520,7,55.43422317504883,13.159406661987305
1,5,1520,8,55.457183837890625,13.178516387939453
1,5,1520,9,55.47996520996094,13.196595191955566
1,5,1520,10,55.5013427734375,13.214696884155273
1,5,1520,11,55.52472686767578,13.23292064666748
1,5,1520,12,55.547603607177734,13.251481056213379
1,5,1520,13,55.569915771484375,13.269268989562988
1,5,1520,14,55.593162536621094,13.287776947021484
1,5,1520,15,55.61494827270508,13.30577278137207
1,5,1520,16,55.637779235839844,13.32466983795166
1,5,1520,17,55.660587310791016,13.343233108520508
1,5,1520,18,55.682579040527344,13.361204147338867
1,5,1520,19,55.705936431884766,13.380619049072266
1,5,1520,20,55.72883987426758,13.398689270019531
1,5,1521,0,55.27120590209961,15.737936973571777
1,5,1521,1,55.29520034790039,15.756745338439941
1,5,1521,2,55.31884765625,15.775491714477539
1,5,1521,3,55.3422966003418,15.794723510742188
1,5,1521,4,55.36568069458008,15.813057899475098
1,5,1521,5,55.389617919921875,15.831900596618652
1,5,1521,6,55.41344451904297,15.850709915161133
1,5,1521,7,55.436893463134766,15.869155883789062
1,5,1521,8,55.46104431152344,15.888774871826172
1,5,1521,9,55.4849967956543,15.90736198425293
1,5,1521,10,55.50755310058594,15.925971031188965
1,5,1521,11,55.53211212158203,15.944701194763184
1,5,1521,12,55.55617141723633,15.963772773742676
1,5,1521,13,55.579654693603516,15.982068061828613
1,5,1521,14,55.60408401489258,16.00108528137207
1,5,1521,15,55.62704086303711,16.019588470458984
1,5,1521,16,55.651058197021484,16.03899574279785
1,5,1521,17,55.675048828125,16.05806541442871
1,5,1521,18,55.69821548461914,16.0765438079834
1,5,1521,19,55.72276306152344,16.096471786499023
1,5,1521,20,55.74684524536133,16.11505126953125
1,6,1600,0,52.614280700683594,35.690277099609375
1,6,1600,1,52.6249885559082,35.697933197021484
1,6,1600,2,52.635345458984375,35.705528259277344
1,6,1600,3,52.64548873901367,35.71360397338867
1,6,1600,4,52.65556716918945,35.72078323364258
1,6,1600,5,52.66621017456055,35.72847366333008
1,6,1600,6,52.676734924316406,35.73612976074219
1,6,1600,7,52.68687057495117,35.743408203125
1,6,1600,8,52.697750091552734,35.75188446044922
1,6,1600,9,52.708404541015625,35.759315490722656
1,6,1600,10,52.7176513671875,35.76676559448242
1,6,1600,11,52.72891616821289,35.77431869506836
1,6,1600,12,52.73968505859375,35.78224563598633
1,6,1600,13,52.749855041503906,35.78937911987305
1,6,1600,14,52.76099395751953,35.7972412109375
1,6,1600,15,52.770633697509766,35.80458068847656
1,6,1600,16,52.78135681152344,35.81283187866211
1,6,1600,17,52.792057037353516,35.82073211669922
1,6,1600,18,52.80190658569336,35.82805252075195
1,6,1600,19,52.81318664550781,35.83683395385742
1,6,1600,20,52.8239631652832,35.84425354003906
1,6,1601,0,48.936519622802734,17.39999771118164
1,6,1601,1,48.954368591308594,17.412446975708008
1,6,1601,2,48.97187423706055,17.424835205078125
1,6,1601,3,48.98917770385742,17.43770408630371
1,6,1601,4,49.00641632080078,17.44968032836914
1,6,1601,5,49.02420425415039,17.4621639251709
1,6,1601,6,49.04188537597656,17.474613189697266
1,6,1601,7,49.05918884277344,17.4867000579834
1,6,1601,8,49.07719802856445,17.499958038330078
1,6,1601,9,49.095001220703125,17.51218605041504
1,6,1601,10,49.11141586303711,17.524431228637695
1,6,1601,11,49.12983322143555,17.53679656982422
1,6,1601,12,49.147743225097656,17.549510955810547
1,6,1601,13,49.16508483886719,17.561445236206055
1,6,1601,14,49.18336486816406,17.5741024017334
1,6,1601,15,49.20017623901367,17.586240768432617
1,6,1601,16,49.21804428100586,17.599285125732422
1,6,1601,17,49.23589324951172,17.61199188232422
1,6,1601,18,49.25291442871094,17.624109268188477
1,6,1601,19,49.27131652832031,17.637676239013672
1,6,1601,20,49.28925323486328,17.649892807006836
1,6,1602,0,48.014991760253906,35.22679901123047
1,6,1602,1,48.031715393066406,35.240333557128906
1,6,1602,2,48.04807662963867,35.253807067871094
1,6,1602,3,48.06422424316406,35.267757415771484
1,6,1602,4,48.080299377441406,35.28080749511719
1,6,1602,5,48.09696578979492,35.294376373291016
1,6,1602,6,48.113494873046875,35.30790710449219
1,6,1602,7,48.129634857177734,35.321048736572266
1,6,1602,8,48.14653778076172,35.33540725708008
1,6,1602,9,48.1631965637207,35.348716735839844
1,6,1602,10,48.17844009399414,35.36204147338867
1,6,1602,11,48.19572830200195,35.37546920776367
1,6,1602,12,48.21250915527344,35.3892707824707
1,6,1602,13,48.22868347167969,35.40227127075195
1,6,1602,14,48.245845794677734,35.416011810302734
1,6,1602,15,48.261474609375,35.429229736328125
1,6,1602,16,48.278221130371094,35.443363189697266
1,6,1602,17,48.2949333190918,35.45713806152344
1,6,1602,18,48.31078338623047,35.470333099365234
1,6,1602,19,48.328086853027344,35.48500061035156
1,6,1602,20,48.344879150390625,35.498294830322266
1,6,1603,0,54.649051666259766,13.480446815490723
1,6,1603,1,54.67686462402344,13.502764701843262
1,6,1603,2,54.70433044433594,13.525020599365234
1,6,1603,3,54.73159408569336,13.547764778137207
1,6,1603,4,54.7588005065918,13.569612503051758
1,6,1603,5,54.78655242919922,13.591965675354004
1,6,1603,6,54.8141975402832,13.614285469055176
1,6,1603,7,54.841468811035156,13.636242866516113
1,6,1603,8,54.86943435668945,13.659371376037598
1,6,1603,9,54.89720916748047,13.68147087097168
1,6,1603,10,54.923580169677734,13.703594207763672
1,6,1603,11,54.951961517333984,13.725836753845215
1,6,1603,12,54.979835510253906,13.748416900634766
1,6,1603,13,55.00714111328125,13.770221710205078
1,6,1603,14,55.0353889465332,13.792752265930176
1,6,1603,15,55.062164306640625,13.81476879119873
1,6,1603,16,55.09000015258789,13.837687492370605
1,6,1603,17,55.1178092956543,13.860270500183105
1,6,1603,18,55.14479446411133,13.882261276245117
1,6,1603,19,55.173152923583984,13.905698776245117
1,6,1603,20,55.201053619384766,13.927790641784668
1,6,1604,0,50.327850341796875,36.441158294677734
1,6,1604,1,50.33147048950195,36.43626022338867
1,6,1604,2,50.33475112915039,36.43130111694336
1,6,1604,3,50.33781433105469,36.42682647705078
1,6,1604,4,50.34081268310547,36.42144775390625
1,6,1604,5,50.344364166259766,36.41658020019531
1,6,1604,6,50.347808837890625,36.411678314208984
1,6,1604,7,50.35085678100586,36.406410217285156
1,6,1604,8,50.35465621948242,36.402339935302734
1,6,1604,9,50.35822677612305,36.39720916748047
1,6,1604,10,50.360389709472656,36.3921012878418
1,6,1604,11,50.36457061767578,36.38710021972656
1,6,1604,12,50.36825942993164,36.38247299194336
1,6,1604,13,50.3713493347168,36.37705993652344
1,6,1604,14,50.37540054321289,36.37236404418945
1,6,1604,15,50.377967834472656,36.36714172363281
1,6,1604,16,50.381595611572266,36.36283493041992
1,6,1604,17,50.38521194458008,36.35818862915039
1,6,1604,18,50.38798141479492,36.35295104980469
1,6,1604,19,50.39217758178711,36.34918975830078
1,6,1604,20,50.395870208740234,36.34404373168945
1,6,1605,0,53.5457878112793,33.367435455322266
1,6,1605,1,53.56688690185547,33.38249588012695
1,6,1605,2,53.58762741088867,33.39749526977539
1,6,1605,3,53.608158111572266,33.4129753112793
1,6,1605,4,53.62861633300781,33.427555084228516
1,6,1605,5,53.649654388427734,33.44265365600586
1,6,1605,6,53.67056655883789,33.45771408081055
1,6,1605,7,53.69109344482422,33.472389221191406
1,6,1605,8,53.712364196777344,33.4882698059082
1,6,1605,9,53.733402252197266,33.503108978271484
1,6,1605,10,53.753028869628906,33.51796340942383
1,6,1605,11,53.774696350097656,33.53292465209961
1,6,1605,12,53.79585266113281,33.54825210571289
1,6,1605,13,53.81641387939453,33.56278610229492
1,6,1605,14,53.837947845458984,33.57805633544922
1,6,1605,15,53.857967376708984,33.592803955078125
1,6,1605,16,53.879085540771484,33.608463287353516
1,6,1605,17,53.900177001953125,33.62377166748047
1,6,1605,18,53.92041015625,33.638492584228516
1,6,1605,19,53.94207763671875,33.65467834472656
1,6,1605,20,53.963253021240234,33.66950988769531
1,6,1606,0,50.05506896972656,21.750713348388672
1,6,1606,1,50.0775260925293,21.766111373901367
1,6,1606,2,50.099632263183594,21.781444549560547
1,6,1606,3,50.12153244018555,21.797258377075195
1,6,1606,4,50.143367767333984,21.81218147277832
1,6,1606,5,50.16576385498047,21.827611923217773
1,6,1606,6,50.188045501708984,21.843008041381836
1,6,1606,7,50.2099494934082,21.8580322265625
1,6,1606,8,50.232566833496094,21.874235153198242
1,6,1606,9,50.25497817993164,21.88941192626953
1,6,1606,10,50.27598190307617,21.904605865478516
1,6,1606,11,50.299007415771484,21.91991424560547
1,6,1606,12,50.32152557373047,21.93557357788086
1,6,1606,13,50.34346389770508,21.95045280456543
1,6,1606,14,50.366355895996094,21.96605682373047
1,6,1606,15,50.387760162353516,21.981142044067383
1,6,1606,16,50.41023635864258,21.99713134765625
1,6,1606,17,50.43268585205078,22.012781143188477
1,6,1606,18,50.45430374145508,22.027843475341797
1,6,1606,19,50.47732162475586,22.044355392456055
1,6,1606,20,50.49985885620117,22.059520721435547
1,6,1607,0,44.93914794921875,35.34819412231445
1,6,1607,1,44.94121170043945,35.3408088684082
1,6,1607,2,44.94293212890625,35.3333625793457
1,6,1607,3,44.94443893432617,35.32640075683594
1,6,1607,4,44.94587707519531,35.31853103637695
1,6,1607,5,44.94786834716797,35.31117630004883
1,6,1607,6,44.94975662231445,35.30378341674805
1,6,1607,7,44.95124435424805,35.29602813720703
1,6,1607,8,44.953487396240234,35.289466857910156
1,6,1607,9,44.955501556396484,35.2818489074707
1,6,1607,10,44.95610046386719,35.27425003051758
1,6,1607,11,44.9587287902832,35.26675796508789
1,6,1607,12,44.96086120605469,35.2596435546875
1,6,1607,13,44.9623908996582,35.25174331665039
1,6,1607,14,44.96488571166992,35.24455642700195
1,6,1607,15,44.96588897705078,35.23684310913086
1,6,1607,16,44.96796417236328,35.23004913330078
1,6,1607,17,44.97001647949219,35.2229118347168
1,6,1607,18,44.97122573852539,35.215187072753906
1,6,1607,19,44.97386932373047,35.20893478393555
1,6,1607,20,44.97600555419922,35.201297760009766
1,6,1608,0,54.31748580932617,12.063154220581055
1,6,1608,1,54.33954620361328,12.081745147705078
1,6,1608,2,54.36126708984375,12.100275993347168
1,6,1608,3,54.38277816772461,12.119291305541992
1,6,1608,4,54.404239654541016,12.137413024902344
1,6,1608,5,54.426239013671875,12.156037330627441
1,6,1608,6,54.44813537597656,12.174629211425781
1,6,1608,7,54.46965789794922,12.192863464355469
1,6,1608,8,54.49186325073242,12.212265968322754
1,6,1608,9,54.513893127441406,12.230636596679688
1,6,1608,10,54.53451156616211,12.249030113220215
1,6,1608,11,54.55714416503906,12.267545700073242
1,6,1608,12,54.57926559448242,12.28640079498291
1,6,1608,13,54.60082244873047,12.304479598999023
1,6,1608,14,54.62331771850586,12.32327938079834
1,6,1608,15,54.64434814453125,12.341567039489746
1,6,1608,16,54.66642379760742,12.360757827758789
1,6,1608,17,54.688480377197266,12.379613876342773
1,6,1608,18,54.709720611572266,12.397875785827637
1,6,1608,19,54.73231887817383,12.417585372924805
1,6,1608,20,54.75447082519531,12.43594741821289
1,6,1609,0,47.699214935302734,33.805416107177734
1,6,1609,1,47.7067756652832,33.80842971801758
1,6,1609,2,47.7139892578125,33.811378479003906
1,6,1609,3,47.720985412597656,33.8148078918457
1,6,1609,4,47.72792434692383,33.81734085083008
1,6,1609,5,47.73542022705078,33.82038879394531
1,6,1609,6,47.7427978515625,33.823394775390625
1,6,1609,7,47.74979019165039,33.826026916503906
1,6,1609,8,47.75752639770508,33.829856872558594
1,6,1609,9,47.76503372192383,33.832645416259766
1,6,1609,10,47.77113723754883,33.83544158935547
1,6,1609,11,47.77925491333008,33.83835220336914
1,6,1609,12,47.78688049316406,33.841636657714844
1,6,1609,13,47.79391098022461,33.844120025634766
1,6,1609,14,47.80189895629883,33.84733963012695
1,6,1609,15,47.80839157104492,33.85002899169922
1,6,1609,16,47.81596755981445,33.853633880615234
1,6,1609,17,47.823516845703125,33.85689163208008
1,6,1609,18,47.83022689819336,33.859561920166016
1,6,1609,19,47.838356018066406,33.86369705200195
1,6,1609,20,47.84598922729492,33.86647033691406
1,6,1610,0,52.9088249206543,16.10093116760254
1,6,1610,1,52.92788314819336,16.115331649780273
1,6,1610,2,52.94659423828125,16.129669189453125
1,6,1610,3,52.96510314941406,16.144489288330078
1,6,1610,4,52.983551025390625,16.158414840698242
1,6,1610,5,53.00254440307617,16.172849655151367
1,6,1610,6,53.02143478393555,16.18724822998047
1,6,1610,7,53.039947509765625,16.20128631591797
1,6,1610,8,53.05915451049805,16.216495513916016
1,6,1610,9,53.07817077636719,16.23067283630371
1,6,1610,10,53.095787048339844,16.2448673248291
1,6,1610,11,53.11540985107422,16.259187698364258
1,6,1610,12,53.13452911376953,16.27385139465332
1,6,1610,13,53.153076171875,16.287734985351562
1,6,1610,14,53.172569274902344,16.302343368530273
1,6,1610,15,53.190582275390625,16.31643295288086
1,6,1610,16,53.209659576416016,16.331430435180664
1,6,1610,17,53.22871017456055,16.346088409423828
1,6,1610,18,53.24694061279297,16.36015510559082
1,6,1610,19,53.266544342041016,16.375673294067383
1,6,1610,20,53.28569030761719,16.389841079711914
1,6,1611,0,57.30617904663086,32.91236114501953
1,6,1611,1,57.312416076660156,32.90959167480469
1,6,1611,2,57.31831359863281,32.906761169433594
1,6,1611,3,57.32400131225586,32.9044189453125
1,6,1611,4,57.329627990722656,32.90117263793945
1,6,1611,5,57.33580017089844,32.8984375
1,6,1611,6,57.34186935424805,32.895660400390625
1,6,1611,7,57.3475456237793,32.89252853393555
1,6,1611,8,57.35395431518555,32.89058303833008
1,6,1611,9,57.36014938354492,32.8875846862793
1,6,1611,10,57.36493682861328,32.88460922241211
1,6,1611,11,57.37173843383789,32.881744384765625
1,6,1611,12,57.378047943115234,32.87924575805664
1,6,1611,13,57.383766174316406,32.87596130371094
1,6,1611,14,57.39043426513672,32.87339401245117
1,6,1611,15,57.395633697509766,32.870304107666016
1,6,1611,16,57.40188217163086,32.86812973022461
1,6,1611,17,57.40811538696289,32.86561584472656
1,6,1611,18,57.413516998291016,32.86251449584961
1,6,1611,19,57.420318603515625,32.860877990722656
1,6,1611,20,57.4266357421875,32.85786056518555
1,6,1612,0,52.856842041015625,30.592891693115234
1,6,1612,1,52.86417007446289,30.59170150756836
1,6,1612,2,52.87115478515625,30.590450286865234
1,6,1612,3,52.8779296875,30.589685440063477
1,6,1612,4,52.884647369384766,30.588016510009766
1,6,1612,5,52.89190673828125,30.58686065673828
1,6,1612,6,52.89906692504883,30.585664749145508
1,6,1612,7,52.90583038330078,30.584110260009766
1,6,1612,8,52.913330078125,30.583744049072266
1,6,1612,9,52.92061233520508,30.582324981689453
1,6,1612,10,52.92649459838867,30.5809268951416
1,6,1612,11,52.934383392333984,30.57963752746582
1,6,1612,12,52.941776275634766,30.578716278076172
1,6,1612,13,52.948585510253906,30.577009201049805
1,6,1612,14,52.95634460449219,30.576021194458008
1,6,1612,15,52.96262741088867,30.574512481689453
1,6,1612,16,52.969970703125,30.573915481567383
1,6,1612,17,52.977294921875,30.572978973388672
1,6,1612,18,52.98378372192383,30.571455001831055
1,6,1612,19,52.99168014526367,30.571395874023438
1,6,1612,20,52.999080657958984,30.569957733154297
1,6,1613,0,55.657169342041016,41.48384094238281
1,6,1613,1,55.66600799560547,41.486732482910156
1,6,1613,2,55.674495697021484,41.48956298828125
1,6,1613,3,55.68277359008789,41.49287033081055
1,6,1613,4,55.69099044799805,41.49528121948242
1,6,1613,5,55.699764251708984,41.498207092285156
1,6,1613,6,55.70841979980469,41.501094818115234
1,6,1613,7,55.71669006347656,41.503604888916016
1,6,1613,8,55.725704193115234,41.5073127746582
1,6,1613,9,55.73448944091797,41.50998306274414
1,6,1613,10,55.74186706542969,41.51266098022461
1,6,1613,11,55.75126266479492,41.51544952392578
1,6,1613,12,55.76016616821289,41.51860809326172
1,6,1613,13,55.76847457885742,41.520973205566406
1,6,1613,14,55.777740478515625,41.524070739746094
1,6,1613,15,55.78551483154297,41.526641845703125
1,6,1613,16,55.79436492919922,41.53012466430664
1,6,1613,17,55.80319595336914,41.533260345458984
1,6,1613,18,55.811180114746094,41.53580856323242
1,6,1613,19,55.820587158203125,41.539825439453125
1,6,1613,20,55.82949447631836,41.542476654052734
1,6,1614,0,58.09178161621094,17.457042694091797
1,6,1614,1,58.109649658203125,17.469524383544922
1,6,1614,2,58.12717819213867,17.48194122314453
1,6,1614,3,58.14449691772461,17.494840621948242
1,6,1614,4,58.16176223754883,17.506847381591797
1,6,1614,5,58.1795654296875,17.519359588623047
1,6,1614,6,58.197269439697266,17.53183937072754
1,6,1614,7,58.21459197998047,17.54395866394043
1,6,1614,8,58.23261260986328,17.557254791259766
1,6,1614,9,58.25044250488281,17.56951141357422
1,6,1614,10,58.26687240600586,17.581783294677734
1,6,1614,11,58.285308837890625,17.594186782836914
1,6,1614,12,58.30324172973633,17.606931686401367
1,6,1614,13,58.32060241699219,17.618896484375
1,6,1614,14,58.338905334472656,17.631587982177734
1,6,1614,15,58.355735778808594,17.643753051757812
1,6,1614,16,58.37362289428711,17.656829833984375
1,6,1614,17,58.39148712158203,17.669572830200195
1,6,1614,18,58.408531188964844,17.681718826293945
1,6,1614,19,58.426944732666016,17.695323944091797
1,6,1614,20,58.44490432739258,17.707571029663086
1,6,1615,0,51.57118606567383,17.864383697509766
1,6,1615,1,51.60564422607422,17.890663146972656
1,6,1615,2,51.639739990234375,17.91688346862793
1,6,1615,3,51.67363357543945,17.943586349487305
1,6,1615,4,51.70745086669922,17.969392776489258
1,6,1615,5,51.741851806640625,17.995712280273438
1,6,1615,6,51.776126861572266,18.02199363708496
1,6,1615,7,51.81002426147461,18.047897338867188
1,6,1615,8,51.84464645385742,18.074993133544922
1,6,1615,9,51.87904739379883,18.10106086730957
1,6,1615,10,51.91203308105469,18.127138137817383
1,6,1615,11,51.94706726074219,18.15333366394043
1,6,1615,12,51.9815788269043,18.179880142211914
1,6,1615,13,52.01551055908203,18.205636978149414
1,6,1615,14,52.050411224365234,18.232128143310547
1,6,1615,15,52.08378982543945,18.258106231689453
1,6,1615,16,52.11827850341797,18.284990310668945
1,6,1615,17,52.15272903442383,18.31153106689453
1,6,1615,18,52.18632888793945,18.337480545043945
1,6,1615,19,52.22135543823242,18.364887237548828
1,6,1615,20,52.25590133666992,18.39094352722168
1,6,1616,0,54.53669357299805,18.31686019897461
1,6,1616,1,54.56574630737305,18.33716583251953
1,6,1616,2,54.59444808959961,18.357410430908203
1,6,1616,3,54.62294387817383,18.378135681152344
1,6,1616,4,54.65137481689453,18.397972106933594
1,6,1616,5,54.68037033081055,18.418310165405273
1,6,1616,6,54.70924758911133,18.438615798950195
1,6,1616,7,54.73775100708008,18.458553314208984
1,6,1616,8,54.7669563293457,18.479665756225586
1,6,1616,9,54.795963287353516,18.499752044677734
1,6,1616,10,54.82356643676758,18.519865036010742
1,6,1616,11,54.85318374633789,18.540088653564453
1,6,1616,12,54.88229751586914,18.560653686523438
1,6,1616,13,54.91083526611328,18.5804443359375
1,6,1616,14,54.94032287597656,18.600961685180664
1,6,1616,15,54.96832275390625,18.62096405029297
1,6,1616,16,54.997398376464844,18.641860961914062
1,6,1616,17,55.02644348144531,18.66242790222168
1,6,1616,18,55.054656982421875,18.682405471801758
1,6,1616,19,55.08426284790039,18.70382308959961
1,6,1616,20,55.1134033203125,18.723901748657227
1,6,1617,0,55.796268463134766,27.998231887817383
1,6,1617,1,55.81309127807617,28.006725311279297
1,6,1617,2,55.829566955566406,28.015159606933594
1,6,1617,3,55.84583282470703,28.02406883239746
1,6,1617,4,55.86203384399414,28.032089233398438
1,6,1617,5,55.87879180908203,28.040616989135742
1,6,1617,6,55.89543914794922,28.049110412597656
1,6,1617,7,55.911705017089844,28.05723762512207
1,6,1617,8,55.92869186401367,28.06653594970703
1,6,1617,9,55.94546890258789,28.074811935424805
1,6,1617,10,55.960838317871094,28.083099365234375
1,6,1617,11,55.97822570800781,28.091503143310547
1,6,1617,12,55.995113372802734,28.100263595581055
1,6,1617,13,56.011409759521484,28.10824203491211
1,6,1617,14,56.02866744995117,28.116943359375
1,6,1617,15,56.044437408447266,28.125125885009766
1,6,1617,16,56.061279296875,28.13420867919922
1,6,1617,17,56.07809066772461,28.142955780029297
1,6,1617,18,56.09407424926758,28.151119232177734
1,6,1617,19,56.11145782470703,28.160724639892578
1,6,1617,20,56.128360748291016,28.16898536682129
1,6,1618,0,57.3647575378418,16.479215621948242
1,6,1618,1,57.39037322998047,16.498689651489258
1,6,1618,2,57.41564178466797,16.518102645874023
1,6,1618,3,57.44070816040039,16.538000106811523
1,6,1618,4,57.4657096862793,16.557003021240234
1,6,1618,5,57.49126434326172,16.576509475708008
1,6,1618,6,57.5167121887207,16.595985412597656
1,6,1618,7,57.541778564453125,16.615097045898438
1,6,1618,8,57.56755065917969,16.635377883911133
1,6,1618,9,57.59312057495117,16.654632568359375
1,6,1618,10,57.61729431152344,16.673912048339844
1,6,1618,11,57.64347457885742,16.69330406188965
1,6,1618,12,57.669151306152344,16.71303939819336
1,6,1618,13,57.694252014160156,16.73200225830078
1,6,1618,14,57.72030258178711,16.751684188842773
1,6,1618,15,57.744876861572266,16.770856857299805
1,6,1618,16,57.77051544189453,16.790925979614258
1,6,1618,17,57.79612350463867,16.810659408569336
1,6,1618,18,57.82090759277344,16.829805374145508
1,6,1618,19,57.84707260131836,16.85039710998535
1,6,1618,20,57.872772216796875,16.869640350341797
1,6,1619,0,55.11790466308594,23.380205154418945
1,6,1619,1,55.13494110107422,23.39117431640625
1,6,1619,2,55.15163040161133,23.402084350585938
1,6,1619,3,55.16811752319336,23.41347312927246
1,6,1619,4,55.184539794921875,23.423969268798828
1,6,1619,5,55.201515197753906,23.434974670410156
1,6,1619,6,55.218379974365234,23.44594383239746
1,6,1619,7,55.23486328125,23.45655059814453
1,6,1619,8,55.2520637512207,23.46832847595215
1,6,1619,9,55.2690544128418,23.47907829284668
1,6,1619,10,55.28464889526367,23.489845275878906
1,6,1619,11,55.302249908447266,23.5007266998291
1,6,1619,12,55.3193473815918,23.511962890625
1,6,1619,13,55.33586883544922,23.522418975830078
1,6,1619,14,55.35334014892578,23.53359603881836
1,6,1619,15,55.36933517456055,23.54425811767578
1,6,1619,16,55.386390686035156,23.555818557739258
1,6,1619,17,55.403419494628906,23.567045211791992
1,6,1619,18,55.41962432861328,23.577686309814453
1,6,1619,19,55.437217712402344,23.589771270751953
1,6,1619,20,55.4543342590332,23.600505828857422
1,6,1620,0,58.7998161315918,26.68450355529785
1,6,1620,1,58.812625885009766,26.688936233520508
1,6,1620,2,58.82509231567383,26.69330406188965
1,6,1620,3,58.83735656738281,26.698156356811523
1,6,1620,4,58.84955596923828,26.702110290527344
1,6,1620,5,58.862300872802734,26.706575393676758
1,6,1620,6,58.87494659423828,26.711002349853516
1,6,1620,7,58.88719940185547,26.715072631835938
1,6,1620,8,58.900169372558594,26.720321655273438
1,6,1620,9,58.91293716430664,26.72452735900879
1,6,1620,10,58.9243049621582,26.728748321533203
1,6,1620,11,58.937679290771484,26.733089447021484
1,6,1620,12,58.95055389404297,26.7377872467041
1,6,1620,13,58.96284866333008,26.7417049407959
1,6,1620,14,58.97608947753906,26.7463436126709
1,6,1620,15,58.987857818603516,26.75045394897461
1,6,1620,16,59.00068664550781,26.755481719970703
1,6,1620,17,59.01348876953125,26.760169982910156
1,6,1620,18,59.02546691894531,26.764266967773438
1,6,1620,19,59.03883743286133,26.769824981689453
1,6,1620,20,59.051727294921875,26.774015426635742
1,6,1621,0,51.331932067871094,43.26204299926758
1,6,1621,1,51.333595275878906,43.259178161621094
1,6,1621,2,51.33491134643555,43.256248474121094
1,6,1621,3,51.33600997924805,43.253807067871094
1,6,1621,4,51.33704376220703,43.250457763671875
1,6,1621,5,51.33864212036133,43.24762725830078
1,6,1621,6,51.340126037597656,43.24475860595703
1,6,1621,7,51.341209411621094,43.241512298583984
1,6,1621,8,51.343055725097656,43.239471435546875
1,6,1621,9,51.344669342041016,43.23638153076172
1,6,1621,10,51.34486389160156,43.23330307006836
1,6,1621,11,51.34708786010742,43.23032760620117
1,6,1621,12,51.34881591796875,43.22773361206055
1,6,1621,13,51.34994125366211,43.224342346191406
1,6,1621,14,51.3520393371582,43.2216796875
1,6,1621,15,51.352630615234375,43.2184944152832
1,6,1621,16,51.35430908203125,43.216224670410156
1,6,1621,17,51.355960845947266,43.213600158691406
1,6,1621,18,51.35676193237305,43.210391998291016
1,6,1621,19,51.359004974365234,43.20866394042969
1,6,1621,20,51.36073684692383,43.20554733276367
1,7,1700,0,53.877113342285156,12.055089950561523
1,7,1700,1,53.903011322021484,12.076906204223633
1,7,1700,2,53.928565979003906,12.098660469055176
1,7,1700,3,53.95391845703125,12.120901107788086
1,7,1700,4,53.97921371459961,12.142247200012207
1,7,1700,5,54.00505065917969,12.164097785949707
1,7,1700,6,54.030784606933594,12.18591594696045
1,7,1700,7,54.0561408996582,12.20737075805664
1,7,1700,8,54.08218765258789,12.229997634887695
1,7,1700,9,54.10805130004883,12.251593589782715
1,7,1700,10,54.132511138916016,12.273210525512695
1,7,1700,11,54.158973693847656,12.294952392578125
1,7,1700,12,54.184932708740234,12.317030906677246
1,7,1700,13,54.210323333740234,12.338330268859863
1,7,1700,14,54.236656188964844,12.360359191894531
1,7,1700,15,54.26152038574219,12.38187026977539
1,7,1700,16,54.28744125366211,12.404288291931152
1,7,1700,17,54.31333541870117,12.42636775970459
1,7,1700,18,54.33840560913086,12.447853088378906
1,7,1700,19,54.364845275878906,12.470788955688477
1,7,1700,20,54.39083480834961,12.492378234863281
1,7,1701,0,50.17539596557617,40.007408142089844
1,7,1701,1,50.174190521240234,39.996952056884766
1,7,1701,2,50.17264938354492,39.98643493652344
1,7,1701,3,50.1708869934082,39.97640609741211
1,7,1701,4,50.16905975341797,39.9654655456543
1,7,1701,5,50.167789459228516,39.95504379272461
1,7,1701,6,50.166412353515625,39.944580078125
1,7,1701,7,50.16463088989258,39.93375778198242
1,7,1701,8,50.163612365722656,39.924129486083984
1,7,1701,9,50.1623649597168,39.91344451904297
1,7,1701,10,50.159690856933594,39.902767181396484
1,7,1701,11,50.15904998779297,39.8922119140625
1,7,1701,12,50.157920837402344,39.88203048706055
1,7,1701,13,50.15618133544922,39.87105941772461
1,7,1701,14,50.15541458129883,39.86080551147461
1,7,1701,15,50.15314865112305,39.85002136230469
1,7,1701,16,50.15195846557617,39.84015655517578
1,7,1701,17,50.15074920654297,39.829952239990234
1,7,1701,18,50.14868927001953,39.819156646728516
1,7,1701,19,50.148075103759766,39.80984115600586
1,7,1701,20,50.146942138671875,39.79913330078125
1,7,1702,0,52.97405242919922,22.13017463684082
1,7,1702,1,52.98690414428711,22.136775970458984
1,7,1702,2,52.999412536621094,22.143312454223633
1,7,1702,3,53.011722564697266,22.15033531188965
1,7,1702,4,53.02396774291992,22.156457901000977
1,7,1702,5,53.0367546081543,22.1630916595459
1,7,1702,6,53.049442291259766,22.169689178466797
1,7,1702,7,53.061737060546875,22.175926208496094
1,7,1702,8,53.07475280761719,22.18334197998047
1,7,1702,9,53.087562561035156,22.18971824645996
1,7,1702,10,53.098976135253906,22.19610595703125
1,7,1702,11,53.11239242553711,22.202619552612305
1,7,1702,12,53.125308990478516,22.209487915039062
1,7,1702,13,53.13764953613281,22.2155704498291
1,7,1702,14,53.15092849731445,22.22237777709961
1,7,1702,15,53.162742614746094,22.228660583496094
1,7,1702,16,53.17561340332031,22.235855102539062
1,7,1702,17,53.18846130371094,22.242713928222656
1,7,1702,18,53.20048522949219,22.248977661132812
1,7,1702,19,53.21389389038086,22.256704330444336
1,7,1702,20,53.22682571411133,22.263065338134766
1,7,1703,0,50.79920959472656,19.57391929626465
1,7,1703,1,50.81515884399414,19.583740234375
1,7,1703,2,50.83076477050781,19.59349822998047
1,7,1703,3,50.846168518066406,19.603736877441406
1,7,1703,4,50.861515045166016,19.61308479309082
1,7,1703,5,50.87739944458008,19.62293815612793
1,7,1703,6,50.893184661865234,19.63275718688965
1,7,1703,7,50.90858840942383,19.642215728759766
1,7,1703,8,50.9246940612793,19.652843475341797
1,7,1703,9,50.94060516357422,19.66244125366211
1,7,1703,10,50.95512008666992,19.672056198120117
1,7,1703,11,50.97163391113281,19.68178939819336
1,7,1703,12,50.987648010253906,19.691875457763672
1,7,1703,13,51.003089904785156,19.701181411743164
1,7,1703,14,51.01947021484375,19.71120834350586
1,7,1703,15,51.03438186645508,19.720714569091797
1,7,1703,16,51.050350189208984,19.731128692626953
1,7,1703,17,51.06629180908203,19.74120330810547
1,7,1703,18,51.081417083740234,19.750690460205078
1,7,1703,19,51.09791946411133,19.761627197265625
1,7,1703,20,51.11395263671875,19.77121353149414
1,7,1704,0,54.651702880859375,31.71235466003418
1,7,1704,1,54.660011291503906,31.71353530883789
1,7,1704,2,54.66797637939453,31.71465492248535
1,7,1704,3,54.67573547363281,31.716259002685547
1,7,1704,4,54.68342971801758,31.716964721679688
1,7,1704,5,54.691673278808594,31.718177795410156
1,7,1704,6,54.69981002807617,31.71935272216797
1,7,1704,7,54.70755386352539,31.720169067382812
1,7,1704,8,54.71603012084961,31.722166061401367
1,7,1704,9,54.72429275512695,31.723119735717773
1,7,1704,10,54.73115921020508,31.72409439086914
1,7,1704,11,54.740028381347656,31.725175857543945
1,7,1704,12,54.7484016418457,31.726625442504883
1,7,1704,13,54.756187438964844,31.7272891998291
1,7,1704,14,54.76492691040039,31.72867202758789
1,7,1704,15,54.77219009399414,31.729534149169922
1,7,1704,16,54.780513763427734,31.73130989074707
1,7,1704,17,54.788814544677734,31.732744216918945
1,7,1704,18,54.796287536621094,31.73358917236328
1,7,1704,19,54.80515670776367,31.735897064208984
1,7,1704,20,54.813541412353516,31.736831665039062
1,7,1705,0,58.15821075439453,17.739822387695312
1,7,1705,1,58.19545364379883,17.768028259277344
1,7,1705,2,58.232337951660156,17.796173095703125
1,7,1705,3,58.269020080566406,17.82480239868164
1,7,1705,4,58.30562973022461,17.852535247802734
1,7,1705,5,58.34281921386719,17.88077735900879
1,7,1705,6,58.3798828125,17.90898323059082
1,7,1705,7,58.41657257080078,17.93681526184082
1,7,1705,8,58.4539794921875,17.965835571289062
1,7,1705,9,58.49116897583008,17.99382209777832
1,7,1705,10,58.526947021484375,18.021831512451172
1,7,1705,11,58.56476593017578,18.049949645996094
1,7,1705,12,58.60206985473633,18.078420639038086
1,7,1705,13,58.638790130615234,18.106103897094727
1,7,1705,14,58.676475524902344,18.134519577026367
1,7,1705,15,58.712646484375,18.162425994873047
1,7,1705,16,58.74992370605469,18.191234588623047
1,7,1705,17,58.78716278076172,18.21969985961914
1,7,1705,18,58.82355499267578,18.247575759887695
1,7,1705,19,58.86136245727539,18.276905059814453
1,7,1705,20,58.89869689941406,18.304887771606445
1,7,1706,0,49.90310287475586,42.581748962402344
1,7,1706,1,49.90389633178711,42.575904846191406
1,7,1706,2,49.90434646606445,42.56999588012695
1,7,1706,3,49.904579162597656,42.5645751953125
1,7,1706,4,49.90474319458008,42.55824661254883
1,7,1706,5,49.90547180175781,42.552433013916016
1,7,1706,6,49.90608596801758,42.54658508300781
1,7,1706,7,49.90629959106445,42.54036331176758
1,7,1706,8,49.90727996826172,42.53534698486328
1,7,1706,9,49.908023834228516,42.529273986816406
1,7,1706,10,49.9073486328125,42.523216247558594
1,7,1706,11,49.90870666503906,42.517269134521484
1,7,1706,12,49.90957260131836,42.511695861816406
1,7,1706,13,49.90982437133789,42.50532913208008
1,7,1706,14,49.91105651855469,42.499691009521484
1,7,1706,15,49.9107780456543,42.49352264404297
1,7,1706,16,49.911590576171875,42.4882698059082
1,7,1706,17,49.91238021850586,42.48267364501953
1,7,1706,18,49.91231155395508,42.47648620605469
1,7,1706,19,49.9136962890625,42.47177505493164
1,7,1706,20,49.91455841064453,42.46568298339844
1,7,1707,0,45.14407730102539,15.24385929107666
1,7,1707,1,45.165706634521484,15.260071754455566
1,7,1707,2,45.18699264526367,15.276223182678223
1,7,1707,3,45.20807647705078,15.292856216430664
1,7,1707,4,45.22909164428711,15.308595657348633
1,7,1707,5,45.25065994262695,15.32484245300293
1,7,1707,6,45.272125244140625,15.341055870056152
1,7,1707,7,45.29320526123047,15.356904029846191
1,7,1707,8,45.314998626708984,15.373927116394043
1,7,1707,9,45.336585998535156,15.38991928100586
1,7,1707,10,45.356773376464844,15.405929565429688
1,7,1707,11,45.378971099853516,15.4220609664917
1,7,1707,12,45.40066146850586,15.438538551330566
1,7,1707,13,45.42177963256836,15.45423698425293
1,7,1707,14,45.44384765625,15.470660209655762
1,7,1707,15,45.46443176269531,15.486563682556152
1,7,1707,16,45.486087799072266,15.503373146057129
1,7,1707,17,45.507713317871094,15.519845008850098
1,7,1707,18,45.52851486206055,15.535727500915527
1,7,1707,19,45.55070114135742,15.553060531616211
1,7,1707,20,45.572418212890625,15.569042205810547
1,7,1708,0,54.53014373779297,40.32430648803711
1,7,1708,1,54.531986236572266,40.31814956665039
1,7,1708,2,54.53348922729492,40.311927795410156
1,7,1708,3,54.53477478027344,40.30619430541992
1,7,1708,4,54.53599548339844,40.2995491027832
1,7,1708,5,54.53777313232422,40.29342269897461
1,7,1708,6,54.5394401550293,40.28725814819336
1,7,1708,7,54.54071044921875,40.280731201171875
1,7,1708,8,54.54273223876953,40.275394439697266
1,7,1708,9,54.544525146484375,40.269004821777344
1,7,1708,10,54.5449104309082,40.262630462646484
1,7,1708,11,54.54731750488281,40.25636672973633
1,7,1708,12,54.54922866821289,40.25048065185547
1,7,1708,13,54.550540924072266,40.243804931640625
1,7,1708,14,54.552818298339844,40.23784637451172
1,7,1708,15,54.55360412597656,40.231361389160156
1,7,1708,16,54.555458068847656,40.225791931152344
1,7,1708,17,54.55729293823242,40.21988296508789
1,7,1708,18,54.55828857421875,40.213382720947266
1,7,1708,19,54.560707092285156,40.20835494995117
1,7,1708,20,54.562625885009766,40.20195007324219
1,7,1709,0,50.934532165527344,34.16008377075195
1,7,1709,1,50.939605712890625,34.15809631347656
1,7,1709,2,50.944339752197266,34.15604782104492
1,7,1709,3,50.94886016845703,34.15448760986328
1,7,1709,4,50.95331573486328,34.15202331542969
1,7,1709,5,50.95832443237305,34.15007019042969
1,7,1709,6,50.963226318359375,34.14807891845703
1,7,1709,7,50.96773147583008,34.14572525024414
1,7,1709,8,50.97298049926758,34.144561767578125
1,7,1709,9,50.97800827026367,34.1423454284668
1,7,1709,10,50.98162841796875,34.14015197753906
1,7,1709,11,50.98726272583008,34.1380615234375
1,7,1709,12,50.99240493774414,34.13634490966797
1,7,1709,13,50.996952056884766,34.13384246826172
1,7,1709,14,51.00245666503906,34.13205337524414
1,7,1709,15,51.00647735595703,34.1297492980957
1,7,1709,16,51.011566162109375,34.12835693359375
1,7,1709,17,51.01663589477539,34.12662124633789
1,7,1709,18,51.0208625793457,34.12430191040039
1,7,1709,19,51.02650833129883,34.12344741821289
1,7,1709,20,51.031654357910156,34.121212005615234
1,7,1710,0,47.5194091796875,14.429614067077637
1,7,1710,1,47.542015075683594,14.44631290435791
1,7,1710,2,47.564273834228516,14.462949752807617
1,7,1710,3,47.58633041381836,14.48006820678711
1,7,1710,4,47.60832977294922,14.496294975280762
1,7,1710,5,47.6308708190918,14.513026237487793
1,7,1710,6,47.6533088684082,14.52972412109375
1,7,1710,7,47.67536926269531,14.546061515808105
1,7,1710,8,47.6981315612793,14.563569068908691
1,7,1710,9,47.7206916809082,14.580045700073242
1,7,1710,10,47.741859436035156,14.596542358398438
1,7,1710,11,47.76502990722656,14.61316204071045
1,7,1710,12,47.787696838378906,14.630123138427734
1,7,1710,13,47.80979537963867,14.646306991577148
1,7,1710,14,47.83283233642578,14.663214683532715
1,7,1710,15,47.85439682006836,14.679604530334473
1,7,1710,16,47.87702178955078,14.696898460388184
1,7,1710,17,47.89962387084961,14.713857650756836
1,7,1710,18,47.92140197753906,14.730224609375
1,7,1710,19,47.94455337524414,14.748040199279785
1,7,1710,20,47.967247009277344,14.764508247375488
1,7,1711,0,54.256874084472656,39.92177200317383
1,7,1711,1,54.25831985473633,39.91285705566406
1,7,1711,2,54.259429931640625,39.90387725830078
1,7,1711,3,54.260318756103516,39.895381927490234
1,7,1711,4,54.26114273071289,39.8859748840332
1,7,1711,5,54.26252365112305,39.87709045410156
1,7,1711,6,54.263797760009766,39.868167877197266
1,7,1711,7,54.26466751098633,39.85887908935547
1,7,1711,8,54.266292572021484,39.850791931152344
1,7,1711,9,54.2677001953125,39.84164047241211
1,7,1711,10,54.267677307128906,39.83250045776367
1,7,1711,11,54.269691467285156,39.823490142822266
1,7,1711,12,54.271209716796875,39.814842224121094
1,7,1711,13,54.272125244140625,39.8054084777832
1,7,1711,14,54.27400588989258,39.796695709228516
1,7,1711,15,54.27439880371094,39.78744888305664
1,7,1711,16,54.275856018066406,39.77912139892578
1,7,1711,17,54.27729797363281,39.77045440673828
1,7,1711,18,54.27789306640625,39.761192321777344
1,7,1711,19,54.2799186706543,39.75341796875
1,7,1711,20,54.28144073486328,39.7442512512207
1,7,1712,0,53.1028938293457,29.48207664489746
1,7,1712,1,53.111576080322266,29.4825496673584
1,7,1712,2,53.11991882324219,29.482959747314453
1,7,1712,3,53.128055572509766,29.483856201171875
1,7,1712,4,53.13612747192383,29.483850479125977
1,7,1712,5,53.144744873046875,29.484355926513672
1,7,1712,6,53.15325927734375,29.48482322692871
1,7,1712,7,53.161380767822266,29.48493003845215
1,7,1712,8,53.17023468017578,29.486223220825195
1,7,1712,9,53.17887496948242,29.486467361450195
1,7,1712,10,53.18611526489258,29.486730575561523
1,7,1712,11,53.19535827636719,29.487104415893555
1,7,1712,12,53.20410919189453,29.48784637451172
1,7,1712,13,53.212276458740234,29.48780059814453
1,7,1712,14,53.22138977050781,29.488473892211914
1,7,1712,15,53.229026794433594,29.488628387451172
1,7,1712,16,53.237728118896484,29.489694595336914
1,7,1712,17,53.24640655517578,29.490421295166016
1,7,1712,18,53.25425338745117,29.490556716918945
1,7,1712,19,53.26350402832031,29.49216079711914
1,7,1712,20,53.27226257324219,29.492385864257812
1,7,1713,0,53.13557052612305,30.8303279876709
1,7,1713,1,53.14215850830078,30.82864761352539
1,7,1713,2,53.148406982421875,30.826904296875
1,7,1713,3,53.154449462890625,30.82564926147461
1,7,1713,4,53.16042709350586,30.823488235473633
1,7,1713,5,53.16695022583008,30.821840286254883
1,7,1713,6,53.173370361328125,30.820154190063477
1,7,1713,7,53.17939758300781,30.8181095123291
1,7,1713,8,53.1861572265625,30.817251205444336
1,7,1713,9,53.19270706176758,30.815340042114258
1,7,1713,10,53.19784927368164,30.813453674316406
1,7,1713,11,53.20500183105469,30.81167221069336
1,7,1713,12,53.2116584777832,30.810260772705078
1,7,1713,13,53.21773147583008,30.808061599731445
1,7,1713,14,53.22475051879883,30.806581497192383
1,7,1713,15,53.23029708862305,30.804582595825195
1,7,1713,16,53.236900329589844,30.803495407104492
1,7,1713,17,53.24348449707031,30.80206871032715
1,7,1713,18,53.249237060546875,30.800050735473633
1,7,1713,19,53.25639343261719,30.799503326416016
1,7,1713,20,53.2630615234375,30.79757308959961
1,7,1714,0,58.800140380859375,37.89686584472656
1,7,1714,1,58.80542755126953,37.8925666809082
1,7,1714,2,58.81037521362305,37.888206481933594
1,7,1714,3,58.81511306762695,37.884334564208984
1,7,1714,4,58.819786071777344,37.879554748535156
1,7,1714,5,58.825008392333984,37.87528991699219
1,7,1714,6,58.83012771606445,37.87098693847656
1,7,1714,7,58.83484649658203,37.86632537841797
1,7,1714,8,58.84031295776367,37.862850189208984
1,7,1714,9,58.84555435180664,37.85832214355469
1,7,1714,10,58.849388122558594,37.85381317138672
1,7,1714,11,58.85523986816406,37.84941482543945
1,7,1714,12,58.860599517822266,37.84538650512695
1,7,1714,13,58.86536407470703,37.840576171875
1,7,1714,14,58.8710823059082,37.83647537231445
1,7,1714,15,58.87532424926758,37.83185577392578
1,7,1714,16,58.8806266784668,37.828147888183594
1,7,1714,17,58.88591003417969,37.82410430908203
1,7,1714,18,58.89035415649414,37.8194694519043
1,7,1714,19,58.89621353149414,37.816307067871094
1,7,1714,20,58.90157699584961,37.81175994873047
1,7,1715,0,59.175045013427734,25.661828994750977
1,7,1715,1,59.190460205078125,25.66958999633789
1,7,1715,2,59.205528259277344,25.67728614807129
1,7,1715,3,59.220394134521484,25.68546485900879
1,7,1715,4,59.235198974609375,25.692750930786133
1,7,1715,5,59.250545501708984,25.700544357299805
1,7,1715,6,59.26579284667969,25.70829963684082
1,7,1715,7,59.28065490722656,25.7156982421875
1,7,1715,8,59.29623031616211,25.724267959594727
1,7,1715,9,59.31159591674805,25.73180389404297
1,7,1715,10,59.3255729675293,25.739356994628906
1,7,1715,11,59.34154510498047,25.747028350830078
1,7,1715,12,59.357025146484375,25.75505256652832
1,7,1715,13,59.371925354003906,25.762298583984375
1,7,1715,14,59.38776779174805,25.770263671875
1,7,1715,15,59.402137756347656,25.777708053588867
1,7,1715,16,59.41756820678711,25.786060333251953
1,7,1715,17,59.43297576904297,25.79407501220703
1,7,1715,18,59.44755935668945,25.801504135131836
1,7,1715,19,59.46352767944336,25.810382843017578
1,7,1715,20,59.47902297973633,25.817903518676758
1,7,1716,0,52.9852294921875,24.673303604125977
1,7,1716,1,53.002410888671875,24.683900833129883
1,7,1716,2,53.01924133300781,24.694435119628906
1,7,1716,3,53.035865783691406,24.7054500579834
1,7,1716,4,53.052433013916016,24.715572357177734
1,7,1716,5,53.069549560546875,24.7262020111084
1,7,1716,6,53.086551666259766,24.736797332763672
1,7,1716,7,53.103179931640625,24.74702262878418
1,7,1716,8,53.120521545410156,24.758426666259766
1,7,1716,9,53.137657165527344,24.7688045501709
1,7,1716,10,53.15338897705078,24.779193878173828
1,7,1716,11,53.1711311340332,24.78969955444336
1,7,1716,12,53.18837356567383,24.800561904907227
1,7,1716,13,53.20503616333008,24.810640335083008
1,7,1716,14,53.22264862060547,24.821443557739258
1,7,1716,15,53.2387809753418,24.831727981567383
1,7,1716,16,53.2559814453125,24.842914581298828
1,7,1716,17,53.27315139770508,24.853763580322266
1,7,1716,18,53.289493560791016,24.86402702331543
1,7,1716,19,53.30723190307617,24.8757381439209
1,7,1716,20,53.32448959350586,24.8861026763916
1,7,1717,0,59.317596435546875,30.41025161743164
1,7,1717,1,59.3317985534668,30.41853904724121
1,7,1717,2,59.34565734863281,30.42676544189453
1,7,1717,3,59.35930252075195,30.435468673706055
1,7,1717,4,59.37289047241211,30.443281173706055
1,7,1717,5,59.387027740478516,30.451602935791016
1,7,1717,6,59.401058197021484,30.459888458251953
1,7,1717,7,59.414703369140625,30.467805862426758
1,7,1717,8,59.42906951904297,30.476900100708008
1,7,1717,9,59.44322967529297,30.484968185424805
1,7,1717,10,59.45597839355469,30.493045806884766
1,7,1717,11,59.47074890136719,30.501243591308594
1,7,1717,12,59.485015869140625,30.509798049926758
1,7,1717,13,59.49869918823242,30.517566680908203
1,7,1717,14,59.513336181640625,30.526060104370117
1,7,1717,15,59.5264892578125,30.534034729003906
1,7,1717,16,59.54071044921875,30.542909622192383
1,7,1717,17,59.554908752441406,30.551448822021484
1,7,1717,18,59.56827163696289,30.559402465820312
1,7,1717,19,59.58303451538086,30.568805694580078
1,7,1717,20,59.59731674194336,30.576858520507812
1,7,1718,0,53.48568344116211,22.133493423461914
1,7,1718,1,53.49958038330078,22.139324188232422
1,7,1718,2,53.51313781738281,22.145090103149414
1,7,1718,3,53.526485443115234,22.151338577270508
1,7,1718,4,53.53977584838867,22.156692504882812
1,7,1718,5,53.55360794067383,22.162555694580078
1,7,1718,6,53.56734085083008,22.168380737304688
1,7,1718,7,53.580684661865234,22.173851013183594
1,7,1718,8,53.59474182128906,22.180498123168945
1,7,1718,9,53.60860061645508,22.18610191345215
1,7,1718,10,53.621055603027344,22.191722869873047
1,7,1718,11,53.63551712036133,22.19746971130371
1,7,1718,12,53.64948272705078,22.20356559753418
1,7,1718,13,53.66286849975586,22.208881378173828
1,7,1718,14,53.67719650268555,22.214920043945312
1,7,1718,15,53.69005584716797,22.220430374145508
1,7,1718,16,53.7039680480957,22.226856231689453
1,7,1718,17,53.71786117553711,22.232942581176758
1,7,1718,18,53.73093032836914,22.23843765258789
1,7,1718,19,53.74538040161133,22.245393753051758
1,7,1718,20,53.75936508178711,22.250988006591797
1,7,1719,0,54.01940155029297,36.33482360839844
1,7,1719,1,54.02601623535156,36.333316802978516
1,7,1719,2,54.03228759765625,36.331748962402344
1,7,1719,3,54.03834915161133,36.33067321777344
1,7,1719,4,54.04434585571289,36.32868957519531
1,7,1719,5,54.05089569091797,36.32721710205078
1,7,1719,6,54.05733871459961,36.325706481933594
1,7,1719,7,54.06338119506836,36.32383728027344
1,7,1719,8,54.07017135620117,36.32315444946289
1,7,1719,9,54.07674026489258,36.3214225769043
1,7,1719,10,54.081905364990234,36.31970977783203
1,7,1719,11,54.08907699584961,36.3181037902832
1,7,1719,12,54.095760345458984,36.31686782836914
1,7,1719,13,54.10184860229492,36.314849853515625
1,7,1719,14,54.108890533447266,36.31354522705078
1,7,1719,15,54.11445617675781,36.31172180175781
1,7,1719,16,54.12108612060547,36.310813903808594
1,7,1719,17,54.12769317626953,36.3095588684082
1,7,1719,18,54.133460998535156,36.30772018432617
1,7,1719,19,54.140647888183594,36.30734634399414
1,7,1719,20,54.147335052490234,36.30559539794922
1,7,1720,0,59.148719787597656,23.83709716796875
1,7,1720,1,59.168209075927734,23.850990295410156
1,7,1720,2,59.18735122680664,23.86482048034668
1,7,1720,3,59.20629119873047,23.879133224487305
1,7,1720,4,59.22516632080078,23.892553329467773
1,7,1720,5,59.244598388671875,23.90648078918457
1,7,1720,6,59.263916015625,23.920373916625977
1,7,1720,7,59.28285598754883,23.933900833129883
1,7,1720,8,59.30250930786133,23.94860076904297
1,7,1720,9,59.321956634521484,23.9622745513916
1,7,1720,10,59.34000015258789,23.97596549987793
1,7,1720,11,59.36005783081055,23.98977279663086
1,7,1720,12,59.37961196899414,24.003931045532227
1,7,1720,13,59.39858627319336,24.017309188842773
1,7,1720,14,59.418514251708984,24.031410217285156
1,7,1720,15,59.43695831298828,24.044994354248047
1,7,1720,16,59.45647048950195,24.059480667114258
1,7,1720,17,59.47595977783203,24.07362937927246
1,7,1720,18,59.49461364746094,24.08719253540039
1,7,1720,19,59.51466369628906,24.10219955444336
1,7,1720,20,59.534236907958984,24.115861892700195
1,7,1721,0,51.20509719848633,44.22349166870117
1,7,1721,1,51.20344161987305,44.21546173095703
1,7,1721,2,51.201438903808594,44.20736312866211
1,7,1721,3,51.19921875,44.19975280761719
1,7,1721,4,51.19693374633789,44.19123077392578
1,7,1721,5,51.19520950317383,44.18323516845703
1,7,1721,6,51.19337463378906,44.17519760131836
1,7,1721,7,51.191131591796875,44.16679000854492
1,7,1721,8,51.189659118652344,44.159584045410156
1,7,1721,9,51.187957763671875,44.15132522583008
1,7,1721,10,51.1848258972168,44.143070220947266
1,7,1721,11,51.18373489379883,44.13493728637695
1,7,1721,12,51.18214797973633,44.12717819213867
1,7,1721,13,51.17995071411133,44.11862564086914
1,7,1721,14,51.17873001098633,44.11079788208008
1,7,1721,15,51.176002502441406,44.10243606567383
1,7,1721,16,51.174354553222656,44.094993591308594
1,7,1721,17,51.172691345214844,44.08721160888672
1,7,1721,18,51.17017364501953,44.078834533691406
1,7,1721,19,51.16910171508789,44.071937561035156
1,7,1721,20,51.16751480102539,44.063655853271484
1,8,1800,0,51.505638122558594,43.315879821777344
1,8,1800,1,51.502925872802734,43.30533218383789
1,8,1800,2,51.49987030029297,43.29471969604492
1,8,1800,3,51.49659729003906,43.28459548950195
1,8,1800,4,51.493255615234375,43.2735595703125
1,8,1800,5,51.490474700927734,43.26304626464844
1,8,1800,6,51.487586975097656,43.25249099731445
1,8,1800,7,51.484291076660156,43.24156951904297
1,8,1800,8,51.48176193237305,43.231849670410156
1,8,1800,9,51.479000091552734,43.2210693359375
1,8,1800,10,51.474815368652344,43.21030044555664
1,8,1800,11,51.4726676940918,43.19964599609375
1,8,1800,12,51.470027923583984,43.18937301635742
1,8,1800,13,51.46677780151367,43.178306579589844
1,8,1800,14,51.46449661254883,43.1679573059082
1,8,1800,15,51.46072006225586,43.15707778930664
1,8,1800,16,51.4580192565918,43.147117614746094
1,8,1800,17,51.45529556274414,43.136817932128906
1,8,1800,18,51.451725006103516,43.12592697143555
1,8,1800,19,51.4495964050293,43.11651611328125
1,8,1800,20,51.446956634521484,43.105716705322266
1,8,1801,0,51.00041580200195,27.808040618896484
1,8,1801,1,51.00830841064453,27.808202743530273
1,8,1801,2,51.01586151123047,27.80830192565918
1,8,1801,3,51.0232048034668,27.80888557434082
1,8,1801,4,51.030487060546875,27.808568954467773
1,8,1801,5,51.03831481933594,27.808765411376953
1,8,1801,6,51.04603958129883,27.80891990661621
1,8,1801,7,51.053375244140625,27.808719635009766
1,8,1801,8,51.06143569946289,27.80970001220703
1,8,1801,9,51.06928634643555,27.809633255004883
1,8,1801,10,51.07573699951172,27.809585571289062
1,8,1801,11,51.08419418334961,27.809650421142578
1,8,1801,12,51.09215545654297,27.810081481933594
1,8,1801,13,51.09953308105469,27.80972671508789
1,8,1801,14,51.10785675048828,27.810089111328125
1,8,1801,15,51.114707946777344,27.809932708740234
1,8,1801,16,51.122615814208984,27.810686111450195
1,8,1801,17,51.1305046081543,27.811100006103516
1,8,1801,18,51.13756561279297,27.810928344726562
1,8,1801,19,51.146018981933594,27.81221580505371
1,8,1801,20,51.15399169921875,27.812131881713867
1,8,1802,0,49.48609161376953,34.54117202758789
1,8,1802,1,49.490352630615234,34.53763961791992
1,8,1802,2,49.49427032470703,34.53404235839844
1,8,1802,3,49.49797821044922,34.53093719482422
1,8,1802,4,49.50162124633789,34.52692413330078
1,8,1802,5,49.50581359863281,34.52342224121094
1,8,1802,6,49.50990295410156,34.51988220214844
1,8,1802,7,49.51359176635742,34.5159797668457
1,8,1802,8,49.518028259277344,34.513275146484375
1,8,1802,9,49.52224349975586,34.5095100402832
1,8,1802,10,49.52505111694336,34.505767822265625
1,8,1802,11,49.52987289428711,34.50212860107422
1,8,1802,12,49.534202575683594,34.49886703491211
1,8,1802,13,49.537933349609375,34.494815826416016
1,8,1802,14,49.542625427246094,34.49148178100586
1,8,1802,15,49.545833587646484,34.48762893676758
1,8,1802,16,49.55010986328125,34.48469161987305
1,8,1802,17,49.55436325073242,34.481407165527344
1,8,1802,18,49.557777404785156,34.477535247802734
1,8,1802,19,49.5626106262207,34.47514343261719
1,8,1802,20,49.56694793701172,34.47135925292969
1,8,1803,0,49.3087043762207,41.95114517211914
1,8,1803,1,49.31186294555664,41.95327377319336
1,8,1803,2,49.314666748046875,41.95533752441406
1,8,1803,3,49.317256927490234,41.957889556884766
1,8,1803,4,49.31978225708008,41.959537506103516
1,8,1803,5,49.322872161865234,41.961700439453125
1,8,1803,6,49.325843811035156,41.96382522583008
1,8,1803,7,49.32841873168945,41.9655647277832
1,8,1803,8,49.33176040649414,41.96852111816406
1,8,1803,9,49.334861755371094,41.97042465209961
1,8,1803,10,49.3365478515625,41.97233963012695
1,8,1803,11,49.34026336669922,41.97435760498047
1,8,1803,12,49.343482971191406,41.97675704956055
1,8,1803,13,49.346099853515625,41.978355407714844
1,8,1803,14,49.34968566894531,41.980690002441406
1,8,1803,15,49.35176467895508,41.98249816894531
1,8,1803,16,49.35493850708008,41.98522186279297
1,8,1803,17,49.35808563232422,41.98759078979492
1,8,1803,18,49.36037826538086,41.98937225341797
1,8,1803,19,49.36410903930664,41.992637634277344
1,8,1803,20,49.36733627319336,41.9945182800293
1,8,1804,0,50.98466110229492,34.90095138549805
1,8,1804,1,50.99382019042969,34.90423583984375
1,8,1804,2,51.002628326416016,34.9074592590332
1,8,1804,3,51.01122283935547,34.911155700683594
1,8,1804,4,51.01976013183594,34.913963317871094
1,8,1804,5,51.02885055541992,34.91728210449219
1,8,1804,6,51.03782653808594,34.92055892944336
1,8,1804,7,51.04641342163086,34.923465728759766
1,8,1804,8,51.05574417114258,34.92756271362305
1,8,1804,9,51.064849853515625,34.930625915527344
1,8,1804,10,51.072547912597656,34.93368911743164
1,8,1804,11,51.08226776123047,34.9368782043457
1,8,1804,12,51.091487884521484,34.940433502197266
1,8,1804,13,51.10011672973633,34.94319534301758
1,8,1804,14,51.109703063964844,34.946685791015625
1,8,1804,15,51.1177978515625,34.94964599609375
1,8,1804,16,51.1269645690918,34.95351791381836
1,8,1804,17,51.1361083984375,34.95705032348633
1,8,1804,18,51.14441680908203,34.95999526977539
1,8,1804,19,51.15414047241211,34.96440124511719
1,8,1804,20,51.16337203979492,34.96744918823242
1,8,1805,0,58.96656036376953,11.273772239685059
1,8,1805,1,59.001094818115234,11.301499366760254
1,8,1805,2,59.0352783203125,11.329167366027832
1,8,1805,3,59.06925964355469,11.35732364654541
1,8,1805,4,59.10318374633789,11.384581565856934
1,8,1805,5,59.13766098022461,11.41234302520752
1,8,1805,6,59.172027587890625,11.44007396697998
1,8,1805,7,59.20602035522461,11.467440605163574
1,8,1805,8,59.240699768066406,11.495979309082031
1,8,1805,9,59.27519226074219,11.52348518371582
1,8,1805,10,59.308284759521484,11.55102825164795
1,8,1805,11,59.34339141845703,11.578681945800781
1,8,1805,12,59.37798309326172,11.606667518615723
1,8,1805,13,59.412010192871094,11.633883476257324
1,8,1805,14,59.446983337402344,11.661825180053711
1,8,1805,15,59.48047637939453,11.689258575439453
1,8,1805,16,59.51502990722656,11.7175874710083
1,8,1805,17,59.549560546875,11.74558162689209
1,8,1805,18,59.58326721191406,11.772987365722656
1,8,1805,19,59.618343353271484,11.801836013793945
1,8,1805,20,59.65296936035156,11.829341888427734
1,8,1806,0,48.58005905151367,40.498573303222656
1,8,1806,1,48.57966613769531,40.493621826171875
1,8,1806,2,48.57892608642578,40.48860549926758
1,8,1806,3,48.57796859741211,40.48407745361328
1,8,1806,4,48.576942443847656,40.478641510009766
1,8,1806,5,48.576480865478516,40.473724365234375
1,8,1806,6,48.57590866088867,40.46876525878906
1,8,1806,7,48.574928283691406,40.463436126708984
1,8,1806,8,48.57472229003906,40.459312438964844
1,8,1806,9,48.574275970458984,40.454132080078125
1,8,1806,10,48.572410583496094,40.4489631652832
1,8,1806,11,48.57257843017578,40.44390869140625
1,8,1806,12,48.5722541809082,40.43922805786133
1,8,1806,13,48.571319580078125,40.433753967285156
1,8,1806,14,48.57135772705078,40.42900466918945
1,8,1806,15,48.56989288330078,40.423728942871094
1,8,1806,16,48.56951141357422,40.41937255859375
1,8,1806,17,48.56911087036133,40.41466522216797
1,8,1806,18,48.56785583496094,40.40937042236328
1,8,1806,19,48.56804656982422,40.405555725097656
1,8,1806,20,48.567718505859375,40.400352478027344
1,8,1807,0,55.031246185302734,26.944849014282227
1,8,1807,1,55.03984451293945,26.945796966552734
1,8,1807,2,55.048099517822266,26.946678161621094
1,8,1807,3,55.05614471435547,26.948043823242188
1,8,1807,4,55.06413269042969,26.948509216308594
1,8,1807,5,55.072662353515625,26.949487686157227
1,8,1807,6,55.081092834472656,26.950428009033203
1,8,1807,7,55.08913040161133,26.951011657714844
1,8,1807,8,55.0978889465332,26.952774047851562
1,8,1807,9,55.106449127197266,26.953493118286133
1,8,1807,10,55.11359405517578,26.954221725463867
1,8,1807,11,55.12275695800781,26.955080032348633
1,8,1807,12,55.13142013549805,26.956295013427734
1,8,1807,13,55.139503479003906,26.956724166870117
1,8,1807,14,55.14853286743164,26.957876205444336
1,8,1807,15,55.15608596801758,26.958498001098633
1,8,1807,16,55.164695739746094,26.96003532409668
1,8,1807,17,55.17328643798828,26.961238861083984
1,8,1807,18,55.181053161621094,26.96184539794922
1,8,1807,19,55.19020462036133,26.963918685913086
1,8,1807,20,55.198883056640625,26.96462059020996
1,8,1808,0,45.08759689331055,33.874229431152344
1,8,1808,1,45.092315673828125,33.871620178222656
1,8,1808,2,45.0966911315918,33.86894607543945
1,8,1808,3,45.100852966308594,33.86676025390625
1,8,1808,4,45.104949951171875,33.863670349121094
1,8,1808,5,45.10960388183594,33.8610954284668
1,8,1808,6,45.1141471862793,33.85847854614258
1,8,1808,7,45.11829376220703,33.85549545288086
1,8,1808,8,45.123191833496094,33.85370635986328
1,8,1808,9,45.12786102294922,33.850868225097656
1,8,1808,10,45.131126403808594,33.848052978515625
1,8,1808,11,45.13640594482422,33.8453369140625
1,8,1808,12,45.14119338989258,33.84299850463867
1,8,1808,13,45.145381927490234,33.83987045288086
1,8,1808,14,45.15053176879883,33.837459564208984
1,8,1808,15,45.15419006347656,33.83453369140625
1,8,1808,16,45.1589241027832,33.832515716552734
1,8,1808,17,45.16363525390625,33.83015441894531
1,8,1808,18,45.167503356933594,33.827205657958984
1,8,1808,19,45.17279815673828,33.82572555541992
1,8,1808,20,45.17759323120117,33.82286834716797
1,8,1809,0,52.218841552734375,19.90390968322754
1,8,1809,1,52.237022399902344,19.91650390625
1,8,1809,2,52.25485610961914,19.929035186767578
1,8,1809,3,52.27248764038086,19.942047119140625
1,8,1809,4,52.29005432128906,19.954166412353516
1,8,1809,5,52.30817413330078,19.966796875
1,8,1809,6,52.3261833190918,19.979389190673828
1,8,1809,7,52.343814849853516,19.991619110107422
1,8,1809,8,52.36215591430664,20.00501823425293
1,8,1809,9,52.38029479980469,20.017393112182617
1,8,1809,10,52.39703369140625,20.029783248901367
1,8,1809,11,52.41577911376953,20.042293548583984
1,8,1809,12,52.43402099609375,20.055150985717773
1,8,1809,13,52.451690673828125,20.067232131958008
1,8,1809,14,52.47030258178711,20.080034255981445
1,8,1809,15,52.48744201660156,20.092317581176758
1,8,1809,16,52.50564193725586,20.10550308227539
1,8,1809,17,52.5238151550293,20.11835479736328
1,8,1809,18,52.54116439819336,20.130617141723633
1,8,1809,19,52.559898376464844,20.14432716369629
1,8,1809,20,52.578163146972656,20.156686782836914
1,8,1810,0,46.36935043334961,41.48432159423828
1,8,1810,1,46.37253189086914,41.48295593261719
1,8,1810,2,46.37535858154297,41.481529235839844
1,8,1810,3,46.37797164916992,41.48058319091797
1,8,1810,4,46.380523681640625,41.478736877441406
1,8,1810,5,46.383636474609375,41.4774055480957
1,8,1810,6,46.38663101196289,41.47603988647461
1,8,1810,7,46.38923263549805,41.47428894042969
1,8,1810,8,46.39259719848633,41.4737548828125
1,8,1810,9,46.395721435546875,41.472164154052734
1,8,1810,10,46.39743423461914,41.47058868408203
1,8,1810,11,46.40117263793945,41.4691162109375
1,8,1810,12,46.4044189453125,41.468021392822266
1,8,1810,13,46.40705871582031,41.466129302978516
1,8,1810,14,46.41067123413086,41.46497344970703
1,8,1810,15,46.41277313232422,41.46328353881836
1,8,1810,16,46.41596603393555,41.4625129699707
1,8,1810,17,46.41913604736328,41.46139144897461
1,8,1810,18,46.42145538330078,41.459686279296875
1,8,1810,19,46.42521286010742,41.45945358276367
1,8,1810,20,46.428462982177734,41.45784378051758
1,8,1811,0,56.95113754272461,22.272993087768555
1,8,1811,1,56.96646499633789,22.279943466186523
1,8,1811,2,56.981449127197266,22.286827087402344
1,8,1811,3,56.99623107910156,22.29419708251953
1,8,1811,4,57.01095199584961,22.300670623779297
1,8,1811,5,57.026214599609375,22.30765151977539
1,8,1811,6,57.0413818359375,22.31459617614746
1,8,1811,7,57.056156158447266,22.321186065673828
1,8,1811,8,57.0716438293457,22.32895278930664
1,8,1811,9,57.08693313598633,22.335676193237305
1,8,1811,10,57.1008186340332,22.342416763305664
1,8,1811,11,57.1167106628418,22.34928321838379
1,8,1811,12,57.13210678100586,22.35649871826172
1,8,1811,13,57.14692306518555,22.362934112548828
1,8,1811,14,57.162681579589844,22.370092391967773
1,8,1811,15,57.176971435546875,22.376724243164062
1,8,1811,16,57.192317962646484,22.38426971435547
1,8,1811,17,57.207637786865234,22.391477584838867
1,8,1811,18,57.22214126586914,22.39809226989746
1,8,1811,19,57.2380256652832,22.40616798400879
1,8,1811,20,57.25343704223633,22.412879943847656
1,8,1812,0,57.845008850097656,39.16641616821289
1,8,1812,1,57.85722732543945,39.17609786987305
1,8,1812,2,57.86909103393555,39.18571472167969
1,8,1812,3,57.880741119384766,39.1958122253418
1,8,1812,4,57.89231872558594,39.205013275146484
1,8,1812,5,57.904476165771484,39.21472930908203
1,8,1812,6,57.91650390625,39.224403381347656
1,8,1812,7,57.92814254760742,39.233699798583984
1,8,1812,8,57.94053649902344,39.244197845458984
1,8,1812,9,57.952701568603516,39.253658294677734
1,8,1812,10,57.96344757080078,39.26313018798828
1,8,1812,11,57.97622299194336,39.272701263427734
1,8,1812,12,57.98849868774414,39.282649993896484
1,8,1812,13,58.00017547607422,39.291805267333984
1,8,1812,14,58.01282501220703,39.30168914794922
1,8,1812,15,58.02396774291992,39.311058044433594
1,8,1812,16,58.03620529174805,39.32133102416992
1,8,1812,17,58.04841613769531,39.33125686645508
1,8,1812,18,58.05976867675781,39.34059524536133
1,8,1812,19,58.07255935668945,39.351402282714844
1,8,1812,20,58.08484649658203,39.360843658447266
1,8,1813,0,54.22429656982422,17.498437881469727
1,8,1813,1,54.241050720214844,17.509387969970703
1,8,1813,2,54.257469177246094,17.52027130126953
1,8,1813,3,54.273685455322266,17.531639099121094
1,8,1813,4,54.28983688354492,17.542112350463867
1,8,1813,5,54.3065299987793,17.55309295654297
1,8,1813,6,54.32312774658203,17.56403923034668
1,8,1813,7,54.33933639526367,17.574630737304688
1,8,1813,8,54.35625076293945,17.58639144897461
1,8,1813,9,54.37297439575195,17.59711456298828
1,8,1813,10,54.3882942199707,17.60785484313965
1,8,1813,11,54.405616760253906,17.618724822998047
1,8,1813,12,54.42243957519531,17.62993812561035
1,8,1813,13,54.438690185546875,17.64037322998047
1,8,1813,14,54.45587921142578,17.651531219482422
1,8,1813,15,54.47160339355469,17.66216468811035
1,8,1813,16,54.488380432128906,17.673707962036133
1,8,1813,17,54.50513458251953,17.68491554260254
1,8,1813,18,54.52106857299805,17.69552993774414
1,8,1813,19,54.53837585449219,17.707599639892578
1,8,1813,20,54.55522155761719,17.718313217163086
1,8,1814,0,58.48178482055664,41.60974884033203
1,8,1814,1,58.48524856567383,41.604881286621094
1,8,1814,2,58.488372802734375,41.599952697753906
1,8,1814,3,58.49128341674805,41.59551239013672
1,8,1814,4,58.4941291809082,41.59016418457031
1,8,1814,5,58.497528076171875,41.5853271484375
1,8,1814,6,58.50082015991211,41.5804557800293
1,8,1814,7,58.50371170043945,41.57522201538086
1,8,1814,8,58.50735092163086,41.5711784362793
1,8,1814,9,58.51076889038086,41.56608200073242
1,8,1814,10,58.512779235839844,41.561004638671875
1,8,1814,11,58.51680374145508,41.556034088134766
1,8,1814,12,58.52033996582031,41.55143737792969
1,8,1814,13,58.52327346801758,41.54605484008789
1,8,1814,14,58.52717208862305,41.54138946533203
1,8,1814,15,58.52958297729492,41.536197662353516
1,8,1814,16,58.533058166503906,41.531925201416016
1,8,1814,17,58.53651809692383,41.52730941772461
1,8,1814,18,58.53913497924805,41.5221061706543
1,8,1814,19,58.543174743652344,41.51837158203125
1,8,1814,20,58.54671096801758,41.51325607299805
1,8,1815,0,51.26872634887695,13.962077140808105
1,8,1815,1,51.292537689208984,13.981732368469238
1,8,1815,2,51.316001892089844,14.001326560974121
1,8,1815,3,51.33926773071289,14.021405220031738
1,8,1815,4,51.362464904785156,14.04058837890625
1,8,1815,5,51.38621520996094,14.06027889251709
1,8,1815,6,51.40985870361328,14.079935073852539
1,8,1815,7,51.43312072753906,14.099227905273438
1,8,1815,8,51.457088470458984,14.1196928024292
1,8,1815,9,51.480857849121094,14.139127731323242
1,8,1815,10,51.50322723388672,14.158583641052246
1,8,1815,11,51.52760314941406,14.178160667419434
1,8,1815,12,51.551475524902344,14.198081970214844
1,8,1815,13,51.57477569580078,14.217222213745117
1,8,1815,14,51.599021911621094,14.237088203430176
1,8,1815,15,51.62179183959961,14.256438255310059
1,8,1815,16,51.645626068115234,14.276692390441895
1,8,1815,17,51.66943359375,14.296609878540039
1,8,1815,18,51.692413330078125,14.315936088562012
1,8,1815,19,51.71677780151367,14.336711883544922
1,8,1815,20,51.74067306518555,14.356139183044434
1,8,1816,0,55.8680419921875,25.207841873168945
1,8,1816,1,55.88766098022461,25.219585418701172
1,8,1816,2,55.90693664550781,25.23126792907715
1,8,1816,3,55.926002502441406,25.24342918395996
1,8,1816,4,55.945003509521484,25.25469970703125
1,8,1816,5,55.964561462402344,25.266477584838867
1,8,1816,6,55.9840087890625,25.27821922302246
1,8,1816,7,56.003074645996094,25.289594650268555
1,8,1816,8,56.022857666015625,25.302146911621094
1,8,1816,9,56.04243087768555,25.313671112060547
1,8,1816,10,56.060604095458984,25.325210571289062
1,8,1816,11,56.08079147338867,25.33686637878418
1,8,1816,12,56.10047149658203,25.348873138427734
1,8,1816,13,56.11957550048828,25.3601016998291
1,8,1816,14,56.13962936401367,25.372053146362305
1,8,1816,15,56.158199310302734,25.383487701416016
1,8,1816,16,56.17784118652344,25.395822525024414
1,8,1816,17,56.19745635986328,25.407819747924805
1,8,1816,18,56.21623611450195,25.419231414794922
1,8,1816,19,56.23641586303711,25.432090759277344
1,8,1816,20,56.25611877441406,25.443601608276367
1,8,1817,0,59.76594924926758,10.754072189331055
1,8,1817,1,59.7952880859375,10.778800010681152
1,8,1817,2,59.824283599853516,10.803467750549316
1,8,1817,3,59.85307693481445,10.828621864318848
1,8,1817,4,59.881813049316406,10.852882385253906
1,8,1817,5,59.911094665527344,10.877644538879395
1,8,1817,6,59.940269470214844,10.902375221252441
1,8,1817,7,59.96906661987305,10.926745414733887
1,8,1817,8,59.99855041503906,10.952285766601562
1,8,1817,9,60.027854919433594,10.97679328918457
1,8,1817,10,60.055755615234375,11.001330375671387
1,8,1817,11,60.085662841796875,11.02598762512207
1,8,1817,12,60.11506271362305,11.05097484588623
1,8,1817,13,60.143898010253906,11.075191497802734
1,8,1817,14,60.173667907714844,11.100132942199707
1,8,1817,15,60.20198059082031,11.12455940246582
1,8,1817,16,60.23133850097656,11.149889945983887
1,8,1817,17,60.26066970825195,11.174884796142578
1,8,1817,18,60.2891845703125,11.199286460876465
1,8,1817,19,60.319061279296875,11.22513484954834
1,8,1817,20,60.34849166870117,11.249637603759766
1,8,1818,0,51.632476806640625,38.101558685302734
1,8,1818,1,51.63396453857422,38.09303665161133
1,8,1818,2,51.63511276245117,38.084449768066406
1,8,1818,3,51.636043548583984,38.076351165771484
1,8,1818,4,51.63690948486328,38.06734085083008
1,8,1818,5,51.63833236694336,38.0588493347168
1,8,1818,6,51.639644622802734,38.05031967163086
1,8,1818,7,51.64055633544922,38.04142761230469
1,8,1818,8,51.64222717285156,38.033729553222656
1,8,1818,9,51.64366912841797,38.02497482299805
1,8,1818,10,51.6436882019043,38.016231536865234
1,8,1818,11,51.64574432373047,38.00761032104492
1,8,1818,12,51.64730453491211,37.999359130859375
1,8,1818,13,51.64826202392578,37.990318298339844
1,8,1818,14,51.650184631347656,37.98199462890625
1,8,1818,15,51.65061569213867,37.97314453125
1,8,1818,16,51.65211486816406,37.9652099609375
1,8,1818,17,51.65359878540039,37.956939697265625
1,8,1818,18,51.654232025146484,37.94807434082031
1,8,1818,19,51.65629959106445,37.94068908691406
1,8,1818,20,51.65786361694336,37.931915283203125
1,8,1819,0,56.844993591308594,33.49306106567383
1,8,1819,1,56.855289459228516,33.497005462646484
1,8,1819,2,56.865238189697266,33.500892639160156
1,8,1819,3,56.874977111816406,33.50525665283203
1,8,1819,4,56.88465118408203,33.50872802734375
1,8,1819,5,56.89488220214844,33.51271057128906
1,8,1819,6,56.90500259399414,33.51665496826172
1,8,1819,7,56.91473388671875,33.520233154296875
1,8,1819,8,56.925201416015625,33.524986267089844
1,8,1819,9,56.935447692871094,33.52871322631836
1,8,1819,10,56.94429016113281,33.53245162963867
1,8,1819,11,56.95514678955078,33.53630065917969
1,8,1819,12,56.96550369262695,33.5405158996582
1,8,1819,13,56.975276947021484,33.543941497802734
1,8,1819,14,56.98600387573242,33.548091888427734
1,8,1819,15,56.995243072509766,33.55172348022461
1,8,1819,16,57.00555419921875,33.55625915527344
1,8,1819,17,57.01584243774414,33.560455322265625
1,8,1819,18,57.025291442871094,33.56407165527344
1,8,1819,19,57.03615188598633,33.56913375854492
1,8,1819,20,57.0465202331543,33.57284164428711
1,8,1820,0,51.92027282714844,12.07136058807373
1,8,1820,1,51.94972610473633,12.095793724060059
1,8,1820,2,51.978824615478516,12.120161056518555
1,8,1820,3,52.007728576660156,12.145015716552734
1,8,1820,4,52.036563873291016,12.168973922729492
1,8,1820,5,52.06595993041992,12.193439483642578
1,8,1820,6,52.09524154663086,12.217873573303223
1,8,1820,7,52.124149322509766,12.241939544677734
1,8,1820,8,52.153751373291016,12.267181396484375
1,8,1820,9,52.183162689208984,12.29139232635498
1,8,1820,10,52.21116638183594,12.315625190734863
1,8,1820,11,52.24119186401367,12.339982986450195
1,8,1820,12,52.27070236206055,12.364676475524902
1,8,1820,13,52.299644470214844,12.388591766357422
1,8,1820,14,52.32953643798828,12.413239479064941
1,8,1820,15,52.357940673828125,12.43736457824707
1,8,1820,16,52.387420654296875,12.462397575378418
1,8,1820,17,52.4168701171875,12.487093925476074
1,8,1820,18,52.44548797607422,12.51119327545166
1,8,1820,19,52.475486755371094,12.536746978759766
1,8,1820,20,52.505027770996094,12.560954093933105
1,8,1821,0,59.84629440307617,29.976364135742188
1,8,1821,1,59.85490417480469,29.976572036743164
1,8,1821,2,59.8631706237793,29.976713180541992
1,8,1821,3,59.8712272644043,29.977338790893555
1,8,1821,4,59.87922668457031,29.977062225341797
1,8,1821,5,59.88776779174805,29.9773006439209
1,8,1821,6,59.896209716796875,29.97749900817871
1,8,1821,7,59.904258728027344,29.97734260559082
1,8,1821,8,59.913028717041016,29.97836685180664
1,8,1821,9,59.921600341796875,29.978343963623047
1,8,1821,10,59.92875671386719,29.978334426879883
1,8,1821,11,59.937931060791016,29.978450775146484
1,8,1821,12,59.94660568237305,29.97892189025879
1,8,1821,13,59.9547004699707,29.97861099243164
1,8,1821,14,59.96373748779297,29.979021072387695
1,8,1821,15,59.9713020324707,29.978899002075195
1,8,1821,16,59.97992706298828,29.979698181152344
1,8,1821,17,59.988529205322266,29.980159759521484
1,8,1821,18,59.996299743652344,29.980024337768555
1,8,1821,19,60.005470275878906,29.981359481811523
1,8,1821,20,60.014156341552734,29.981319427490234
1,9,1900,0,53.52420425415039,34.17686462402344
1,9,1900,1,53.53089904785156,34.176090240478516
1,9,1900,2,53.53725051879883,34.175254821777344
1,9,1900,3,53.54338836669922,34.17490768432617
1,9,1900,4,53.54946517944336,34.17366027832031
1,9,1900,5,53.55609130859375,34.17292022705078
1,9,1900,6,53.5626106262207,34.172142028808594
1,9,1900,7,53.5687370300293,34.17100143432617
1,9,1900,8,53.57560348510742,34.171051025390625
1,9,1900,9,53.58224868774414,34.17005157470703
1,9,1900,10,53.587493896484375,34.169071197509766
1,9,1900,11,53.59474563598633,34.16819381713867
1,9,1900,12,53.60150146484375,34.167694091796875
1,9,1900,13,53.607669830322266,34.166404724121094
1,9,1900,14,53.61479187011719,34.16583251953125
1,9,1900,15,53.62043762207031,34.16474151611328
1,9,1900,16,53.62714385986328,34.1645622253418
1,9,1900,17,53.63383102416992,34.16404342651367
1,9,1900,18,53.639678955078125,34.16293716430664
1,9,1900,19,53.64693832397461,34.163291931152344
1,9,1900,20,53.65370559692383,34.16227340698242
1,9,1901,0,48.553802490234375,30.346097946166992
1,9,1901,1,48.55988693237305,30.342330932617188
1,9,1901,2,48.565635681152344,30.338497161865234
1,9,1901,3,48.5711669921875,30.33515167236328
1,9,1901,4,48.57664108276367,30.330900192260742
1,9,1901,5,48.58265686035156,30.327163696289062
1,9,1901,6,48.58857727050781,30.323389053344727
1,9,1901,7,48.594093322753906,30.319257736206055
1,9,1901,8,48.60035705566406,30.316308975219727
1,9,1901,9,48.60639953613281,30.31230926513672
1,9,1901,10,48.61103057861328,30.30832862854004
1,9,1901,11,48.61768341064453,30.304460525512695
1,9,1901,12,48.623836517333984,30.300960540771484
1,9,1901,13,48.62940216064453,30.29667854309082
1,9,1901,14,48.635921478271484,30.29311180114746
1,9,1901,15,48.64095687866211,30.289016723632812
1,9,1901,16,48.647056579589844,30.285837173461914
1,9,1901,17,48.653141021728516,30.28232192993164
1,9,1901,18,48.658382415771484,30.278213500976562
1,9,1901,19,48.6650390625,30.275575637817383
1,9,1901,20,48.67120361328125,30.27155876159668
1,9,1902,0,50.378089904785156,39.92538833618164
1,9,1902,1,50.37687683105469,39.9150390625
1,9,1902,2,50.375328063964844,39.90462112426758
1,9,1902,3,50.37355422973633,39.894691467285156
1,9,1902,4,50.37171936035156,39.883853912353516
1,9,1902,5,50.37043762207031,39.873538970947266
1,9,1902,6,50.36905288696289,39.86317443847656
1,9,1902,7,50.36726379394531,39.85245132446289
1,9,1902,8,50.366233825683594,39.842926025390625
1,9,1902,9,50.36497497558594,39.83234405517578
1,9,1902,10,50.36228942871094,39.82176971435547
1,9,1902,11,50.36164474487305,39.81131362915039
1,9,1902,12,50.360504150390625,39.80123519897461
1,9,1902,13,50.35875701904297,39.790367126464844
1,9,1902,14,50.35797882080078,39.78021240234375
1,9,1902,15,50.35570526123047,39.76953125
1,9,1902,16,50.3545036315918,39.759769439697266
1,9,1902,17,50.35328674316406,39.749664306640625
1,9,1902,18,50.351219177246094,39.73896789550781
1,9,1902,19,50.350589752197266,39.72975540161133
1,9,1902,20,50.349449157714844,39.719146728515625
1,9,1903,0,50.444602966308594,11.826504707336426
1,9,1903,1,50.484535217285156,11.858382225036621
1,9,1903,2,50.52410125732422,11.89019775390625
1,9,1903,3,50.56346893310547,11.922507286071777
1,9,1903,4,50.60275650024414,11.953903198242188
1,9,1903,5,50.642635345458984,11.985821723937988
1,9,1903,6,50.68238830566406,12.01770305633545
1,9,1903,7,50.721763610839844,12.049200057983398
1,9,1903,8,50.76185989379883,12.081908226013184
1,9,1903,9,50.801734924316406,12.113564491271973
1,9,1903,10,50.84019088745117,12.14523983001709
1,9,1903,11,50.88070297241211,12.17703628540039
1,9,1903,12,50.92069625854492,12.209187507629395
1,9,1903,13,50.96009826660156,12.240527153015137
1,9,1903,14,51.00048065185547,12.272626876831055
1,9,1903,15,51.039329528808594,12.30419921875
1,9,1903,16,51.07930374145508,12.336699485778809
1,9,1903,17,51.119232177734375,12.368843078613281
1,9,1903,18,51.158302307128906,12.400383949279785
1,9,1903,19,51.198814392089844,12.433415412902832
1,9,1903,20,51.23883819580078,12.465071678161621
1,9,1904,0,53.17545700073242,10.21438980102539
1,9,1904,1,53.208065032958984,10.242720603942871
1,9,1904,2,53.240318298339844,10.270990371704102
1,9,1904,3,53.272369384765625,10.299744606018066
1,9,1904,4,53.30436325073242,10.327603340148926
1,9,1904,5,53.3369140625,10.355969429016113
1,9,1904,6,53.369346618652344,10.38430118560791
1,9,1904,7,53.40141296386719,10.412266731262207
1,9,1904,8,53.43416213989258,10.44140625
1,9,1904,9,53.46672821044922,10.46951675415039
1,9,1904,10,53.49788284301758,10.497650146484375
1,9,1904,11,53.531063079833984,10.52590560913086
1,9,1904,12,53.563724517822266,10.554497718811035
1,9,1904,13,53.5958251953125,10.582308769226074
1,9,1904,14,53.628868103027344,10.610854148864746
1,9,1904,15,53.660423278808594,10.638884544372559
1,9,1904,16,53.69305419921875,10.667815208435059
1,9,1904,17,53.72565841674805,10.696410179138184
1,9,1904,18,53.75743103027344,10.724411010742188
1,9,1904,19,53.79058074951172,10.753862380981445
1,9,1904,20,53.82327651977539,10.781970024108887
1,9,1905,0,56.0091667175293,21.9200496673584
1,9,1905,1,56.03519058227539,21.937606811523438
1,9,1905,2,56.06085968017578,21.955102920532227
1,9,1905,3,56.086326599121094,21.973079681396484
1,9,1905,4,56.111724853515625,21.99016571044922
1,9,1905,5,56.1376838684082,22.00775718688965
1,9,1905,6,56.16353225708008,22.02531623840332
1,9,1905,7,56.189002990722656,22.042503356933594
1,9,1905,8,56.215187072753906,22.060867309570312
1,9,1905,9,56.24116134643555,22.07820701599121
1,9,1905,10,56.26573181152344,22.095563888549805
1,9,1905,11,56.29232406616211,22.113037109375
1,9,1905,12,56.31840515136719,22.130855560302734
1,9,1905,13,56.343910217285156,22.147897720336914
1,9,1905,14,56.37036895751953,22.165664672851562
1,9,1905,15,56.39533615112305,22.18291473388672
1,9,1905,16,56.42137908935547,22.201065063476562
1,9,1905,17,56.44739532470703,22.2188777923584
1,9,1905,18,56.47257995605469,22.23610496520996
1,9,1905,19,56.49916076660156,22.25477409362793
1,9,1905,20,56.525264739990234,22.272104263305664
1,9,1906,0,51.26163101196289,27.440420150756836
1,9,1906,1,51.26985168457031,27.43976402282715
1,9,1906,2,51.27773666381836,27.439041137695312
1,9,1906,3,51.28540802001953,27.438806533813477
1,9,1906,4,51.293025970458984,27.43766975402832
1,9,1906,5,51.301185607910156,27.437044143676758
1,9,1906,6,51.309242248535156,27.436378479003906
1,9,1906,7,51.3169059753418,27.435359954833984
1,9,1906,8,51.325294494628906,27.43552017211914
1,9,1906,9,51.33348083496094,27.434635162353516
1,9,1906,10,51.34025955200195,27.43376922607422
1,9,1906,11,51.34904861450195,27.43301773071289
1,9,1906,12,51.35734176635742,27.432626724243164
1,9,1906,13,51.36505126953125,27.431453704833984
1,9,1906,14,51.37370300292969,27.430997848510742
1,9,1906,15,51.38088607788086,27.43001937866211
1,9,1906,16,51.38912582397461,27.42995262145996
1,9,1906,17,51.39734649658203,27.429550170898438
1,9,1906,18,51.40473175048828,27.428556442260742
1,9,1906,19,51.41352081298828,27.429025650024414
1,9,1906,20,51.42182540893555,27.42812156677246
1,9,1907,0,53.850337982177734,28.703208923339844
1,9,1907,1,53.866905212402344,28.71529769897461
1,9,1907,2,53.88311767578125,28.727323532104492
1,9,1907,3,53.89912414550781,28.73982810974121
1,9,1907,4,53.915061950683594,28.751440048217773
1,9,1907,5,53.93156433105469,28.763561248779297
1,9,1907,6,53.94794845581055,28.775646209716797
1,9,1907,7,53.963951110839844,28.78736114501953
1,9,1907,8,53.980682373046875,28.80025863647461
1,9,1907,9,53.997196197509766,28.812124252319336
1,9,1907,10,54.01230239868164,28.824003219604492
1,9,1907,11,54.0294303894043,28.835994720458984
1,9,1907,12,54.04605484008789,28.848350524902344
1,9,1907,13,54.062095642089844,28.85991668701172
1,9,1907,14,54.07909393310547,28.872211456298828
1,9,1907,15,54.0945930480957,28.883983612060547
1,9,1907,16,54.11117935180664,28.896665573120117
1,9,1907,17,54.12773513793945,28.909000396728516
1,9,1907,18,54.14345169067383,28.92075538635254
1,9,1907,19,54.16058349609375,28.933963775634766
1,9,1907,20,54.177223205566406,28.945816040039062
1,9,1908,0,44.35335922241211,31.358192443847656
1,9,1908,1,44.35890579223633,31.355283737182617
1,9,1908,2,44.364112854003906,31.352312088012695
1,9,1908,3,44.369102478027344,31.34983253479004
1,9,1908,4,44.37403106689453,31.3464412689209
1,9,1908,5,44.379512786865234,31.34356689453125
1,9,1908,6,44.384883880615234,31.340652465820312
1,9,1908,7,44.389862060546875,31.337373733520508
1,9,1908,8,44.39558410644531,31.335290908813477
1,9,1908,9,44.40108108520508,31.3321533203125
1,9,1908,10,44.40517807006836,31.329036712646484
1,9,1908,11,44.411285400390625,31.32602310180664
1,9,1908,12,44.41689682006836,31.32338523864746
1,9,1908,13,44.42191696166992,31.319957733154297
1,9,1908,14,44.427894592285156,31.317251205444336
1,9,1908,15,44.43238830566406,31.314022064208984
1,9,1908,16,44.43794631958008,31.311710357666016
1,9,1908,17,44.443485260009766,31.309053421020508
1,9,1908,18,44.448184967041016,31.305809020996094
1,9,1908,19,44.45430374145508,31.304035186767578
1,9,1908,20,44.459922790527344,31.30087661743164
1,9,1909,0,53.15774917602539,12.976539611816406
1,9,1909,1,53.18866729736328,13.001367568969727
1,9,1909,2,53.21923065185547,13.026132583618164
1,9,1909,3,53.249595642089844,13.051384925842285
1,9,1909,4,53.27989959716797,13.075740814208984
1,9,1909,5,53.31075668334961,13.100602149963379
1,9,1909,6,53.34150314331055,13.125432014465332
1,9,1909,7,53.37187957763672,13.149894714355469
1,9,1909,8,53.4029426574707,13.175531387329102
1,9,1909,9,53.433815002441406,13.200139045715332
1,9,1909,10,53.46329116821289,13.224773406982422
1,9,1909,11,53.49477767944336,13.249526023864746
1,9,1909,12,53.525753021240234,13.274613380432129
1,9,1909,13,53.5561637878418,13.29892635345459
1,9,1909,14,53.58751678466797,13.323968887329102
1,9,1909,15,53.61738967895508,13.348495483398438
1,9,1909,16,53.6483268737793,13.373923301696777
1,9,1909,17,53.679237365722656,13.399016380310059
1,9,1909,18,53.70932388305664,13.423515319824219
1,9,1909,19,53.74078369140625,13.449462890625
1,9,1909,20,53.771793365478516,13.474065780639648
1,9,1910,0,49.95128631591797,11.181807518005371
1,9,1910,1,49.972293853759766,11.199997901916504
1,9,1910,2,49.992958068847656,11.218127250671387
1,9,1910,3,50.0134162902832,11.236742973327637
1,9,1910,4,50.03382110595703,11.254464149475098
1,9,1910,5,50.05476379394531,11.272687911987305
1,9,1910,6,50.07560729980469,11.290879249572754
1,9,1910,7,50.0960693359375,11.30871295928955
1,9,1910,8,50.11722183227539,11.327714920043945
1,9,1910,9,50.1381950378418,11.345684051513672
1,9,1910,10,50.15776062011719,11.363677024841309
1,9,1910,11,50.17933654785156,11.381792068481445
1,9,1910,12,50.200401306152344,11.400246620178223
1,9,1910,13,50.22090530395508,11.417924880981445
1,9,1910,14,50.24234390258789,11.436325073242188
1,9,1910,15,50.2623176574707,11.454211235046387
1,9,1910,16,50.28334045410156,11.473001480102539
1,9,1910,17,50.30434036254883,11.491455078125
1,9,1910,18,50.32452392578125,11.509316444396973
1,9,1910,19,50.3460693359375,11.528627395629883
1,9,1910,20,50.367164611816406,11.546588897705078
1,9,1911,0,56.961181640625,41.15674591064453
1,9,1911,1,56.96366882324219,41.1515007019043
1,9,1911,2,56.96581268310547,41.14619827270508
1,9,1911,3,56.96773910522461,41.14137649536133
1,9,1911,4,56.9696044921875,41.135650634765625
1,9,1911,5,56.972023010253906,41.13043975830078
1,9,1911,6,56.97433090209961,41.12519454956055
1,9,1911,7,56.97624206542969,41.11957931518555
1,9,1911,8,56.978904724121094,41.11516189575195
1,9,1911,9,56.98134231567383,41.10968780517578
1,9,1911,10,56.98236846923828,41.10422897338867
1,9,1911,11,56.985416412353516,41.09888458251953
1,9,1911,12,56.98796844482422,41.09391403198242
1,9,1911,13,56.989925384521484,41.08815383911133
1,9,1911,14,56.99284362792969,41.08311080932617
1,9,1911,15,56.99427032470703,41.077545166015625
1,9,1911,16,56.996768951416016,41.07289123535156
1,9,1911,17,56.99924850463867,41.06789779663086
1,9,1911,18,57.00088119506836,41.06231689453125
1,9,1911,19,57.003944396972656,41.058204650878906
1,9,1911,20,57.006500244140625,41.05271530151367
1,9,1912,0,59.38188171386719,23.638774871826172
1,9,1912,1,59.396873474121094,23.646940231323242
1,9,1912,2,59.41152572631836,23.655038833618164
1,9,1912,3,59.42597198486328,23.66362190246582
1,9,1912,4,59.44036102294922,23.671310424804688
1,9,1912,5,59.455291748046875,23.679508209228516
1,9,1912,6,59.47011947631836,23.687667846679688
1,9,1912,7,59.484561920166016,23.695470809936523
1,9,1912,8,59.49971389770508,23.704448699951172
1,9,1912,9,59.51466751098633,23.712387084960938
1,9,1912,10,59.52822494506836,23.720340728759766
1,9,1912,11,59.54378128051758,23.72842025756836
1,9,1912,12,59.558837890625,23.736848831176758
1,9,1912,13,59.57332229614258,23.74449920654297
1,9,1912,14,59.5887451171875,23.75286865234375
1,9,1912,15,59.602699279785156,23.76071548461914
1,9,1912,16,59.617713928222656,23.769474029541016
1,9,1912,17,59.6327018737793,23.77789306640625
1,9,1912,18,59.64686965942383,23.785724639892578
1,9,1912,19,59.66241455078125,23.79500961303711
1,9,1912,20,59.677494049072266,23.802934646606445
1,9,1913,0,54.562931060791016,20.831188201904297
1,9,1913,1,54.576358795166016,20.838359832763672
1,9,1913,2,54.58945083618164,20.8454647064209
1,9,1913,3,54.60233688354492,20.853057861328125
1,9,1913,4,54.61516571044922,20.859750747680664
1,9,1913,5,54.62853240966797,20.866952896118164
1,9,1913,6,54.64179992675781,20.87411880493164
1,9,1913,7,54.65467834472656,20.880929946899414
1,9,1913,8,54.66826629638672,20.888916015625
1,9,1913,9,54.68165969848633,20.895858764648438
1,9,1913,10,54.69365310668945,20.902820587158203
1,9,1913,11,54.707645416259766,20.90990447998047
1,9,1913,12,54.72114562988281,20.917341232299805
1,9,1913,13,54.734066009521484,20.923995971679688
1,9,1913,14,54.7479248046875,20.931371688842773
1,9,1913,15,54.76032257080078,20.93822479248047
1,9,1913,16,54.773773193359375,20.94599151611328
1,9,1913,17,54.78719711303711,20.953420639038086
1,9,1913,18,54.7998046875,20.960256576538086
1,9,1913,19,54.81378936767578,20.96855354309082
1,9,1913,20,54.82730484008789,20.97548484802246
1,9,1914,0,52.33595657348633,32.857948303222656
1,9,1914,1,52.35036087036133,32.868553161621094
1,9,1914,2,52.364410400390625,32.87909698486328
1,9,1914,3,52.37824630737305,32.89012145996094
1,9,1914,4,52.39201736450195,32.90024948120117
1,9,1914,5,52.4063606262207,32.910888671875
1,9,1914,6,52.42057418823242,32.92148971557617
1,9,1914,7,52.43440628051758,32.93171310424805
1,9,1914,8,52.448978424072266,32.943138122558594
1,9,1914,9,52.46332931518555,32.953521728515625
1,9,1914,10,52.47626495361328,32.96392059326172
1,9,1914,11,52.49122619628906,32.974422454833984
1,9,1914,12,52.50568771362305,32.985294342041016
1,9,1914,13,52.51955795288086,32.99537658691406
1,9,1914,14,52.53438949584961,33.006187438964844
1,9,1914,15,52.547725677490234,33.0164794921875
1,9,1914,16,52.5621452331543,33.027679443359375
1,9,1914,17,52.5765380859375,33.03853225708008
1,9,1914,18,52.590084075927734,33.04880142211914
1,9,1914,19,52.60505676269531,33.06053161621094
1,9,1914,20,52.61952590942383,33.070899963378906
1,9,1915,0,52.27548599243164,21.378005981445312
1,9,1915,1,52.290672302246094,21.385543823242188
1,9,1915,2,52.305519104003906,21.393016815185547
1,9,1915,3,52.320159912109375,21.400972366333008
1,9,1915,4,52.33474349975586,21.40803337097168
1,9,1915,5,52.34986877441406,21.415603637695312
1,9,1915,6,52.364891052246094,21.423137664794922
1,9,1915,7,52.37952423095703,21.430313110351562
1,9,1915,8,52.394874572753906,21.438663482666016
1,9,1915,9,52.4100227355957,21.445974349975586
1,9,1915,10,52.423770904541016,21.45330238342285
1,9,1915,11,52.43952178955078,21.46075439453125
1,9,1915,12,52.454776763916016,21.468557357788086
1,9,1915,13,52.469451904296875,21.4755802154541
1,9,1915,14,52.485069274902344,21.48332405090332
1,9,1915,15,52.49922180175781,21.490543365478516
1,9,1915,16,52.514427185058594,21.498674392700195
1,9,1915,17,52.52960968017578,21.5064697265625
1,9,1915,18,52.54397201538086,21.513671875
1,9,1915,19,52.559715270996094,21.52233123779297
1,9,1915,20,52.57498550415039,21.529630661010742
1,9,1916,0,55.44134521484375,12.295001983642578
1,9,1916,1,55.47861099243164,12.324812889099121
1,9,1916,2,55.515506744384766,12.354560852050781
1,9,1916,3,55.55220031738281,12.384796142578125
1,9,1916,4,55.58882141113281,12.414130210876465
1,9,1916,5,55.62602996826172,12.443977355957031
1,9,1916,6,55.66311264038086,12.47378921508789
1,9,1916,7,55.69982147216797,12.50322437286377
1,9,1916,8,55.73723602294922,12.533849716186523
1,9,1916,9,55.77444076538086,12.56343936920166
1,9,1916,10,55.81023025512695,12.593049049377441
1,9,1916,11,55.84807205200195,12.622779846191406
1,9,1916,12,55.88539123535156,12.65285587310791
1,9,1916,13,55.9221305847168,12.682137489318848
1,9,1916,14,55.959835052490234,12.712165832519531
1,9,1916,15,55.99602127075195,12.741670608520508
1,9,1916,16,56.03330993652344,12.772089004516602
1,9,1916,17,56.0705680847168,12.802162170410156
1,9,1916,18,56.106971740722656,12.83163833618164
1,9,1916,19,56.144798278808594,12.862579345703125
1,9,1916,20,56.18214797973633,12.892169952392578
1,9,1917,0,51.7336540222168,40.172950744628906
1,9,1917,1,51.73301315307617,40.16343688964844
1,9,1917,2,51.732032775878906,40.15385818481445
1,9,1917,3,51.730831146240234,40.14476776123047
1,9,1917,4,51.72956466674805,40.134765625
1,9,1917,5,51.72885513305664,40.125282287597656
1,9,1917,6,51.7280387878418,40.115760803222656
1,9,1917,7,51.7268180847168,40.105873107910156
1,9,1917,8,51.726356506347656,40.09718322753906
1,9,1917,9,51.72567367553711,40.08743667602539
1,9,1917,10,51.72355651855469,40.077701568603516
1,9,1917,11,51.72348403930664,40.068084716796875
1,9,1917,12,51.72291564941406,40.058841705322266
1,9,1917,13,51.72174072265625,40.04880905151367
1,9,1917,14,51.721534729003906,40.039493560791016
1,9,1917,15,51.71982955932617,40.0296516418457
1,9,1917,16,51.719200134277344,40.020721435546875
1,9,1917,17,51.71855163574219,40.01145935058594
1,9,1917,18,51.7170524597168,40.0015983581543
1,9,1917,19,51.71699142456055,39.993221282958984
1,9,1917,20,51.71642303466797,39.98345184326172
1,9,1918,0,51.39855194091797,23.232690811157227
1,9,1918,1,51.4111328125,23.23630714416504
1,9,1918,2,51.42337417602539,23.239858627319336
1,9,1918,3,51.43540573120117,23.243896484375
1,9,1918,4,51.44738006591797,23.24703598022461
1,9,1918,5,51.459896087646484,23.250682830810547
1,9,1918,6,51.47230911254883,23.25429344177246
1,9,1918,7,51.484336853027344,23.257551193237305
1,9,1918,8,51.49707794189453,23.26198387145996
1,9,1918,9,51.509620666503906,23.26537322998047
1,9,1918,10,51.520755767822266,23.268779754638672
1,9,1918,11,51.53390121459961,23.272308349609375
1,9,1918,12,51.546546936035156,23.27618980407715
1,9,1918,13,51.558616638183594,23.279294967651367
1,9,1918,14,51.57162857055664,23.283117294311523
1,9,1918,15,51.58317184448242,23.286413192749023
1,9,1918,16,51.595767974853516,23.29062271118164
1,9,1918,17,51.60834503173828,23.294496536254883
1,9,1918,18,51.620094299316406,23.29777717590332
1,9,1918,19,51.63323211669922,23.302518844604492
1,9,1918,20,51.64589309692383,23.305892944335938
1,9,1919,0,49.54798126220703,22.3881893157959
1,9,1919,1,49.56094741821289,22.392305374145508
1,9,1919,2,49.573570251464844,22.396358489990234
1,9,1919,3,49.58598709106445,22.400894165039062
1,9,1919,4,49.59834671020508,22.40453338623047
1,9,1919,5,49.61124801635742,22.408681869506836
1,9,1919,6,49.624046325683594,22.412792205810547
1,9,1919,7,49.63645553588867,22.416547775268555
1,9,1919,8,49.64958190917969,22.421480178833008
1,9,1919,9,49.66250991821289,22.425369262695312
1,9,1919,10,49.67403030395508,22.429275512695312
1,9,1919,11,49.687557220458984,22.43330192565918
1,9,1919,12,49.700592041015625,22.43768310546875
1,9,1919,13,49.713043212890625,22.441286087036133
1,9,1919,14,49.7264404296875,22.445608139038086
1,9,1919,15,49.738365173339844,22.449403762817383
1,9,1919,16,49.751346588134766,22.45411491394043
1,9,1919,17,49.764305114746094,22.458486557006836
1,9,1919,18,49.77644348144531,22.46226692199707
1,9,1919,19,49.78996658325195,22.467510223388672
1,9,1919,20,49.80301284790039,22.471384048461914
1,9,1920,0,59.95362854003906,17.95023536682129
1,9,1920,1,59.97111511230469,17.961383819580078
1,9,1920,2,59.98826217651367,17.972469329833984
1,9,1920,3,60.00520324707031,17.984037399291992
1,9,1920,4,60.0220947265625,17.99471092224121
1,9,1920,5,60.03951644897461,18.005891799926758
1,9,1920,6,60.056846618652344,18.017038345336914
1,9,1920,7,60.073787689208984,18.027830123901367
1,9,1920,8,60.091426849365234,18.039793014526367
1,9,1920,9,60.108882904052734,18.050716400146484
1,9,1920,10,60.124935150146484,18.061656951904297
1,9,1920,11,60.14298629760742,18.072729110717773
1,9,1920,12,60.16053771972656,18.08414077758789
1,9,1920,13,60.177520751953125,18.094778060913086
1,9,1920,14,60.195438385009766,18.10613441467285
1,9,1920,15,60.21189880371094,18.116968154907227
1,9,1920,16,60.22940444946289,18.128713607788086
1,9,1920,17,60.24688720703125,18.14012336730957
1,9,1920,18,60.263553619384766,18.150938034057617
1,9,1920,19,60.281585693359375,18.1632080078125
1,9,1920,20,60.29916000366211,18.174121856689453
1,9,1921,0,53.09598159790039,29.830942153930664
1,9,1921,1,53.10432052612305,29.830974578857422
1,9,1921,2,53.11231994628906,29.830944061279297
1,9,1921,3,53.120113372802734,29.831401824951172
1,9,1921,4,53.12784194946289,29.830955505371094
1,9,1921,5,53.13611602783203,29.831022262573242
1,9,1921,6,53.144287109375,29.8310489654541
1,9,1921,7,53.152069091796875,29.83071517944336
1,9,1921,8,53.160579681396484,29.831571578979492
1,9,1921,9,53.16887664794922,29.831375122070312
1,9,1921,10,53.17577362060547,29.831199645996094
1,9,1921,11,53.18467712402344,29.831132888793945
1,9,1921,12,53.193084716796875,29.83143424987793
1,9,1921,13,53.20090866088867,29.830949783325195
1,9,1921,14,53.209678649902344,29.8311824798584
1,9,1921,15,53.216976165771484,29.830896377563477
1,9,1921,16,53.22533416748047,29.831523895263672
1,9,1921,17,53.23366928100586,29.831809997558594
1,9,1921,18,53.241172790527344,29.831506729125977
1,9,1921,19,53.25008010864258,29.832672119140625
1,9,1921,20,53.25849914550781,29.832456588745117
1,10,2000,0,48.77274703979492,22.989259719848633
1,10,2000,1,48.78682327270508,22.99622344970703
1,10,2000,2,48.800559997558594,23.00312614440918
1,10,2000,3,48.8140869140625,23.010507583618164
1,10,2000,4,48.82755661010742,23.017000198364258
1,10,2000,5,48.84157180786133,23.023998260498047
1,10,2000,6,48.85548400878906,23.030960083007812
1,10,2000,7,48.8690071105957,23.03756332397461
1,10,2000,8,48.88324737548828,23.045333862304688
1,10,2000,9,48.897281646728516,23.05207633972168
1,10,2000,10,48.90991973876953,23.058835983276367
1,10,2000,11,48.924564361572266,23.065710067749023
1,10,2000,12,48.93870544433594,23.072938919067383
1,10,2000,13,48.952274322509766,23.079391479492188
1,10,2000,14,48.96678161621094,23.08656120300293
1,10,2000,15,48.97981643676758,23.093212127685547
1,10,2000,16,48.99391174316406,23.100765228271484
1,10,2000,17,49.00798034667969,23.107982635498047
1,10,2000,18,49.0212287902832,23.1146183013916
1,10,2000,19,49.035858154296875,23.12269401550293
1,10,2000,20,49.05002212524414,23.129423141479492
1,10,2001,0,46.14952850341797,9.511151313781738
1,10,2001,1,46.173709869384766,9.531938552856445
1,10,2001,2,46.197547912597656,9.552664756774902
1,10,2001,3,46.2211799621582,9.57387638092041
1,10,2001,4,46.244754791259766,9.594194412231445
1,10,2001,5,46.26887512207031,9.615015029907227
1,10,2001,6,46.29289245605469,9.635804176330566
1,10,2001,7,46.3165283203125,9.656234741210938
1,10,2001,8,46.340858459472656,9.677834510803223
1,10,2001,9,46.3650016784668,9.698402404785156
1,10,2001,10,46.38774108886719,9.718992233276367
1,10,2001,11,46.41249084472656,9.739707946777344
1,10,2001,12,46.43673324584961,9.760758399963379
1,10,2001,13,46.46040725708008,9.781033515930176
1,10,2001,14,46.485023498535156,9.802032470703125
1,10,2001,15,46.5081672668457,9.822515487670898
1,10,2001,16,46.53236389160156,9.843904495239258
1,10,2001,17,46.556541442871094,9.864957809448242
1,10,2001,18,46.57989501953125,9.885416030883789
1,10,2001,19,46.604618072509766,9.907323837280273
1,10,2001,20,46.62888717651367,9.927885055541992
1,10,2002,0,45.612876892089844,41.3869743347168
1,10,2002,1,45.61284637451172,41.379642486572266
1,10,2002,2,45.612464904785156,41.37224197387695
1,10,2002,3,45.61186981201172,41.36532974243164
1,10,2002,4,45.611202239990234,41.35750961303711
1,10,2002,5,45.61109924316406,41.35020446777344
1,10,2002,6,45.61088562011719,41.34286880493164
1,10,2002,7,45.61026382446289,41.33515167236328
1,10,2002,8,45.61042022705078,41.32864761352539
1,10,2002,9,45.61033248901367,41.321083068847656
1,10,2002,10,45.608821868896484,41.31352615356445
1,10,2002,11,45.609352111816406,41.30609130859375
1,10,2002,12,45.60939025878906,41.29902648925781
1,10,2002,13,45.60881042480469,41.29117202758789
1,10,2002,14,45.60921096801758,41.28404235839844
1,10,2002,15,45.60810089111328,41.2763786315918
1,10,2002,16,45.60808181762695,41.26963806152344
1,10,2002,17,45.60803985595703,41.262550354003906
1,10,2002,18,45.607139587402344,41.25486755371094
1,10,2002,19,45.607696533203125,41.24867248535156
1,10,2002,20,45.607730865478516,41.2410888671875
1,10,2003,0,46.78258514404297,24.411840438842773
1,10,2003,1,46.79738998413086,24.420320510864258
1,10,2003,2,46.81184768676758,24.428739547729492
1,10,2003,3,46.82609558105469,24.43763542175293
1,10,2003,4,46.84028244018555,24.445640563964844
1,10,2003,5,46.85502243041992,24.454153060913086
1,10,2003,6,46.869651794433594,24.462631225585938
1,10,2003,7,46.8838996887207,24.47074317932129
1,10,2003,8,46.89887237548828,24.480026245117188
1,10,2003,9,46.913631439208984,24.488285064697266
1,10,2003,10,46.92698287963867,24.496557235717773
1,10,2003,11,46.94235610961914,24.504945755004883
1,10,2003,12,46.95722579956055,24.51369285583496
1,10,2003,13,46.97150802612305,24.521656036376953
1,10,2003,14,46.98674774169922,24.53034210205078
1,10,2003,15,47.0004997253418,24.538509368896484
1,10,2003,16,47.015323638916016,24.547576904296875
1,10,2003,17,47.030120849609375,24.556306838989258
1,10,2003,18,47.04408645629883,24.564455032348633
1,10,2003,19,47.05945587158203,24.574047088623047
1,10,2003,20,47.0743408203125,24.582294464111328
1,10,2004,0,47.47285079956055,24.238754272460938
1,10,2004,1,47.481727600097656,24.23877716064453
1,10,2004,2,47.49026107788086,24.23873519897461
1,10,2004,3,47.49858474731445,24.239177703857422
1,10,2004,4,47.50685119628906,24.238719940185547
1,10,2004,5,47.515663146972656,24.2387752532959
1,10,2004,6,47.52437210083008,24.238788604736328
1,10,2004,7,47.532684326171875,24.238449096679688
1,10,2004,8,47.541725158691406,24.239288330078125
1,10,2004,9,47.55056381225586,24.239084243774414
1,10,2004,10,47.557987213134766,24.2388916015625
1,10,2004,11,47.56742858886719,24.23882484436035
1,10,2004,12,47.57637023925781,24.23911476135254
1,10,2004,13,47.58473587036133,24.23862075805664
1,10,2004,14,47.59403991699219,24.238847732543945
1,10,2004,15,47.60187530517578,24.23854637145996
1,10,2004,16,47.61076354980469,24.239158630371094
1,10,2004,17,47.619632720947266,24.239439010620117
1,10,2004,18,47.6276741027832,24.239120483398438
1,10,2004,19,47.637107849121094,24.24026870727539
1,10,2004,20,47.64606475830078,24.240047454833984
1,10,2005,0,54.99720764160156,41.94281768798828
1,10,2005,1,55.019325256347656,41.9588508605957
1,10,2005,2,55.04107666015625,41.974822998046875
1,10,2005,3,55.06261444091797,41.991275787353516
1,10,2005,4,55.084083557128906,42.00682830810547
1,10,2005,5,55.106143951416016,42.02289581298828
1,10,2005,6,55.1280632019043,42.03893280029297
1,10,2005,7,55.14959716796875,42.054569244384766
1,10,2005,8,55.17189407348633,42.07143020629883
1,10,2005,9,55.19394302368164,42.08724594116211
1,10,2005,10,55.214576721191406,42.10306930541992
1,10,2005,11,55.23725509643555,42.118995666503906
1,10,2005,12,55.25942611694336,42.13529586791992
1,10,2005,13,55.28099822998047,42.150794982910156
1,10,2005,14,55.303550720214844,42.16703796386719
1,10,2005,15,55.32456588745117,42.18275451660156
1,10,2005,16,55.346702575683594,42.19939041137695
1,10,2005,17,55.368804931640625,42.215667724609375
1,10,2005,18,55.390045166015625,42.231361389160156
1,10,2005,19,55.41273498535156,42.24852752685547
1,10,2005,20,55.4349250793457,42.26432418823242
1,10,2006,0,52.77027130126953,21.688621520996094
1,10,2006,1,52.78420639038086,21.694242477416992
1,10,2006,2,52.79779815673828,21.699798583984375
1,10,2006,3,52.811180114746094,21.70583724975586
1,10,2006,4,52.82450866699219,21.710981369018555
1,10,2006,5,52.83837890625,21.716632843017578
1,10,2006,6,52.85214614868164,21.72224998474121
1,10,2006,7,52.86552429199219,21.727508544921875
1,10,2006,8,52.87961959838867,21.73394775390625
1,10,2006,9,52.893516540527344,21.739341735839844
1,10,2006,10,52.906005859375,21.7447509765625
1,10,2006,11,52.92050552368164,21.750288009643555
1,10,2006,12,52.934505462646484,21.756174087524414
1,10,2006,13,52.94792556762695,21.761280059814453
1,10,2006,14,52.9622917175293,21.767108917236328
1,10,2006,15,52.97518539428711,21.772409439086914
1,10,2006,16,52.9891357421875,21.778623580932617
1,10,2006,17,53.0030632019043,21.784502029418945
1,10,2006,18,53.016170501708984,21.789785385131836
1,10,2006,19,53.03065872192383,21.796531677246094
1,10,2006,20,53.044677734375,21.80191421508789
1,10,2007,0,52.45325469970703,29.270811080932617
1,10,2007,1,52.45992660522461,29.26935386657715
1,10,2007,2,52.46625900268555,29.267833709716797
1,10,2007,3,52.472381591796875,29.266799926757812
1,10,2007,4,52.47844696044922,29.264863967895508
1,10,2007,5,52.48505401611328,29.263439178466797
1,10,2007,6,52.49156188964844,29.261974334716797
1,10,2007,7,52.49767303466797,29.260154724121094
1,10,2007,8,52.5045166015625,29.259517669677734
1,10,2007,9,52.511146545410156,29.257829666137695
1,10,2007,10,52.51637268066406,29.25616455078125
1,10,2007,11,52.52360916137695,29.254608154296875
1,10,2007,12,52.53034973144531,29.25341796875
1,10,2007,13,52.53650665283203,29.25144386291504
1,10,2007,14,52.543609619140625,29.250186920166016
1,10,2007,15,52.54924011230469,29.248409271240234
1,10,2007,16,52.555931091308594,29.247543334960938
1,10,2007,17,52.562599182128906,29.246339797973633
1,10,2007,18,52.56843948364258,29.24454689025879
1,10,2007,19,52.57567596435547,29.244218826293945
1,10,2007,20,52.582427978515625,29.24251365661621
1,10,2008,0,51.289058685302734,31.902360916137695
1,10,2008,1,51.29753112792969,31.902538299560547
1,10,2008,2,51.3056640625,31.90265464782715
1,10,2008,3,51.31358337402344,31.903261184692383
1,10,2008,4,51.321441650390625,31.90296173095703
1,10,2008,5,51.32984924316406,31.903173446655273
1,10,2008,6,51.33815002441406,31.903345108032227
1,10,2008,7,51.34605407714844,31.903156280517578
1,10,2008,8,51.35470199584961,31.904155731201172
1,10,2008,9,51.363128662109375,31.90410614013672
1,10,2008,10,51.37015151977539,31.90407943725586
1,10,2008,11,51.379188537597656,31.90415382385254
1,10,2008,12,51.387725830078125,31.90460205078125
1,10,2008,13,51.39567565917969,31.90426254272461
1,10,2008,14,51.404579162597656,31.904640197753906
1,10,2008,15,51.41200256347656,31.90450096130371
1,10,2008,16,51.42049026489258,31.905275344848633
1,10,2008,17,51.428958892822266,31.90570640563965
1,10,2008,18,51.436588287353516,31.905550003051758
1,10,2008,19,51.44562911987305,31.906856536865234
1,10,2008,20,51.45417785644531,31.906787872314453
1,10,2009,0,46.535606384277344,18.214210510253906
1,10,2009,1,46.551124572753906,18.22048568725586
1,10,2009,2,46.56630325317383,18.226696014404297
1,10,2009,3,46.581275939941406,18.23339080810547
1,10,2009,4,46.59619140625,18.23918914794922
1,10,2009,5,46.61164474487305,18.24549674987793
1,10,2009,6,46.62699890136719,18.251766204833984
1,10,2009,7,46.6419677734375,18.25768280029297
1,10,2009,8,46.65764617919922,18.2647762298584
1,10,2009,9,46.673126220703125,18.270822525024414
1,10,2009,10,46.68720626831055,18.27688980102539
1,10,2009,11,46.70328903198242,18.2830810546875
1,10,2009,12,46.718875885009766,18.289621353149414
1,10,2009,13,46.73388671875,18.29538345336914
1,10,2009,14,46.74983215332031,18.301864624023438
1,10,2009,15,46.76431655883789,18.30782127380371
1,10,2009,16,46.77985382080078,18.314693450927734
1,10,2009,17,46.79536819458008,18.32122802734375
1,10,2009,18,46.810062408447266,18.327167510986328
1,10,2009,19,46.82613754272461,18.334569931030273
1,10,2009,20,46.84174346923828,18.340606689453125
1,10,2010,0,54.740169525146484,33.310054779052734
1,10,2010,1,54.747066497802734,33.30940628051758
1,10,2010,2,54.75361633300781,33.30869674682617
1,10,2010,3,54.75996017456055,33.308475494384766
1,10,2010,4,54.766239166259766,33.307350158691406
1,10,2010,5,54.773067474365234,33.30673599243164
1,10,2010,6,54.77979278564453,33.30608367919922
1,10,2010,7,54.78611755371094,33.30506896972656
1,10,2010,8,54.79318618774414,33.30524826049805
1,10,2010,9,54.80003356933594,33.30437088012695
1,10,2010,10,54.80548095703125,33.30351638793945
1,10,2010,11,54.81293487548828,33.30276870727539
1,10,2010,12,54.81989669799805,33.302391052246094
1,10,2010,13,54.82626724243164,33.30122756958008
1,10,2010,14,54.83359146118164,33.30078125
1,10,2010,15,54.839439392089844,33.29981231689453
1,10,2010,16,54.84634780883789,33.29976272583008
1,10,2010,17,54.85323715209961,33.29936981201172
1,10,2010,18,54.859291076660156,33.29838562011719
1,10,2010,19,54.86675262451172,33.29887008666992
1,10,2010,20,54.873722076416016,33.297977447509766
1,10,2011,0,55.60918045043945,31.542377471923828
1,10,2011,1,55.62893295288086,31.55854606628418
1,10,2011,2,55.64832305908203,31.57465171813965
1,10,2011,3,55.667503356933594,31.59123992919922
1,10,2011,4,55.68661117553711,31.60692596435547
1,10,2011,5,55.706302642822266,31.623130798339844
1,10,2011,6,55.72586441040039,31.639299392700195
1,10,2011,7,55.74504089355469,31.655080795288086
1,10,2011,8,55.76496505737305,31.672073364257812
1,10,2011,9,55.7846565246582,31.688020706176758
1,10,2011,10,55.80292892456055,31.703977584838867
1,10,2011,11,55.823246002197266,31.720048904418945
1,10,2011,12,55.84305191040039,31.736486434936523
1,10,2011,13,55.86226272583008,31.752124786376953
1,10,2011,14,55.882450103759766,31.768503189086914
1,10,2011,15,55.901119232177734,31.784358978271484
1,10,2011,16,55.920894622802734,31.801130294799805
1,10,2011,17,55.940635681152344,31.817546844482422
1,10,2011,18,55.95951843261719,31.833375930786133
1,10,2011,19,55.97983932495117,31.850677490234375
1,10,2011,20,55.999664306640625,31.86661148071289
1,10,2012,0,59.23715591430664,29.836788177490234
1,10,2012,1,59.24699401855469,29.837995529174805
1,10,2012,2,59.25648880004883,29.839139938354492
1,10,2012,3,59.265777587890625,29.840768814086914
1,10,2012,4,59.27500915527344,29.84149932861328
1,10,2012,5,59.2847785949707,29.84273910522461
1,10,2012,6,59.29445266723633,29.84393882751465
1,10,2012,7,59.30373001098633,29.844785690307617
1,10,2012,8,59.3137321472168,29.846811294555664
1,10,2012,9,59.32353210449219,29.84779167175293
1,10,2012,10,59.33192443847656,29.84878921508789
1,10,2012,11,59.34232711791992,29.849905014038086
1,10,2012,12,59.352230072021484,29.851377487182617
1,10,2012,13,59.36155319213867,29.85207176208496
1,10,2012,14,59.371822357177734,29.853483200073242
1,10,2012,15,59.380619049072266,29.854372024536133
1,10,2012,16,59.390472412109375,29.856170654296875
1,10,2012,17,59.400306701660156,29.857635498046875
1,10,2012,18,59.4093132019043,29.85850715637207
1,10,2012,19,59.419708251953125,29.860841751098633
1,10,2012,20,59.42962646484375,29.861804962158203
1,10,2013,0,55.8790168762207,30.314252853393555
1,10,2013,1,55.88985061645508,30.31483268737793
1,10,2013,2,55.90034103393555,30.315351486206055
1,10,2013,3,55.910621643066406,30.316356658935547
1,10,2013,4,55.92084503173828,30.31645965576172
1,10,2013,5,55.93161392211914,30.317073822021484
1,10,2013,6,55.94227600097656,30.317649841308594
1,10,2013,7,55.95254898071289,30.317869186401367
1,10,2013,8,55.96355056762695,30.319271087646484
1,10,2013,9,55.974342346191406,30.319623947143555
1,10,2013,10,55.98373031616211,30.31999969482422
1,10,2013,11,55.995121002197266,30.320484161376953
1,10,2013,12,56.00602340698242,30.321332931518555
1,10,2013,13,56.01633834838867,30.321399688720703
1,10,2013,14,56.0275993347168,30.32218360900879
1,10,2013,15,56.037391662597656,30.322444915771484
1,10,2013,16,56.04823684692383,30.323619842529297
1,10,2013,17,56.05906677246094,30.3244571685791
1,10,2013,18,56.069061279296875,30.324703216552734
1,10,2013,19,56.08045959472656,30.326414108276367
1,10,2013,20,56.09136962890625,30.326749801635742
1,10,2014,0,53.136497497558594,12.287141799926758
1,10,2014,1,53.16277313232422,12.307520866394043
1,10,2014,2,53.18870544433594,12.327838897705078
1,10,2014,3,53.21443557739258,12.34864330291748
1,10,2014,4,53.240108489990234,12.36855411529541
1,10,2014,5,53.26632308959961,12.388965606689453
1,10,2014,6,53.29243469238281,12.409346580505371
1,10,2014,7,53.31816864013672,12.42936897277832
1,10,2014,8,53.34458923339844,12.450560569763184
1,10,2014,9,53.370826721191406,12.470718383789062
1,10,2014,10,53.39567184448242,12.49090576171875
1,10,2014,11,53.422508239746094,12.511210441589355
1,10,2014,12,53.44884490966797,12.53184986114502
1,10,2014,13,53.47461700439453,12.551717758178711
1,10,2014,14,53.501319885253906,12.572308540344238
1,10,2014,15,53.52656936645508,12.592385292053223
1,10,2014,16,53.552860260009766,12.613364219665527
1,10,2014,17,53.57912826538086,12.63400936126709
1,10,2014,18,53.60457992553711,12.654060363769531
1,10,2014,19,53.63139343261719,12.675557136535645
1,10,2014,20,53.65775680541992,12.695708274841309
1,10,2015,0,57.71031188964844,17.191720962524414
1,10,2015,1,57.73257827758789,17.208251953125
1,10,2015,2,57.75450134277344,17.224720001220703
1,10,2015,3,57.776222229003906,17.24167251586914
1,10,2015,4,57.797882080078125,17.25773048400879
1,10,2015,5,57.82008361816406,17.274293899536133
1,10,2015,6,57.842185974121094,17.29082489013672
1,10,2015,7,57.86390686035156,17.30699348449707
1,10,2015,8,57.886329650878906,17.32433319091797
1,10,2015,9,57.90855407714844,17.34064292907715
1,10,2015,10,57.929386138916016,17.356969833374023
1,10,2015,11,57.95221710205078,17.373422622680664
1,10,2015,12,57.974544525146484,17.390216827392578
1,10,2015,13,57.996299743652344,17.406234741210938
1,10,2015,14,58.01900100708008,17.422975540161133
1,10,2015,15,58.04022979736328,17.439197540283203
1,10,2015,16,58.06251907348633,17.456323623657227
1,10,2015,17,58.084781646728516,17.473115921020508
1,10,2015,18,58.10622024536133,17.489315032958984
1,10,2015,19,58.12903594970703,17.5069637298584
1,10,2015,20,58.151390075683594,17.523263931274414
1,10,2016,0,55.071468353271484,25.001609802246094
1,10,2016,1,55.093170166015625,25.01595687866211
1,10,2016,2,55.11451721191406,25.030242919921875
1,10,2016,3,55.135658264160156,25.045007705688477
1,10,2016,4,55.156734466552734,25.058881759643555
1,10,2016,5,55.178375244140625,25.07326316833496
1,10,2016,6,55.199893951416016,25.087608337402344
1,10,2016,7,55.221038818359375,25.10158348083496
1,10,2016,8,55.24290084838867,25.116737365722656
1,10,2016,9,55.26455307006836,25.13086700439453
1,10,2016,10,55.28479766845703,25.145009994506836
1,10,2016,11,55.307064056396484,25.15926742553711
1,10,2016,12,55.32882308959961,25.173879623413086
1,10,2016,13,55.35000228881836,25.18770980834961
1,10,2016,14,55.372135162353516,25.2022647857666
1,10,2016,15,55.39277648925781,25.2163028717041
1,10,2016,16,55.41449737548828,25.23124122619629
1,10,2016,17,55.436187744140625,25.245840072631836
1,10,2016,18,55.45704650878906,25.259855270385742
1,10,2016,19,55.479305267333984,25.275318145751953
1,10,2016,20,55.50108337402344,25.2894344329834
1,10,2017,0,59.04494094848633,27.524045944213867
1,10,2017,1,59.059730529785156,27.531108856201172
1,10,2017,2,59.07417297363281,27.53811264038086
1,10,2017,3,59.088409423828125,27.545595169067383
1,10,2017,4,59.10258865356445,27.552186965942383
1,10,2017,5,59.117313385009766,27.559284210205078
1,10,2017,6,59.13193130493164,27.56634521484375
1,10,2017,7,59.14616394042969,27.57304573059082
1,10,2017,8,59.16111373901367,27.580917358398438
1,10,2017,9,59.17585372924805,27.587759017944336
1,10,2017,10,59.18920135498047,27.594621658325195
1,10,2017,11,59.204551696777344,27.601594924926758
1,10,2017,12,59.21940231323242,27.608922958374023
1,10,2017,13,59.23367691040039,27.615474700927734
1,10,2017,14,59.24889373779297,27.622743606567383
1,10,2017,15,59.262638092041016,27.629493713378906
1,10,2017,16,59.27743911743164,27.637149810791016
1,10,2017,17,59.29222106933594,27.644466400146484
1,10,2017,18,59.306175231933594,27.651201248168945
1,10,2017,19,59.32151794433594,27.659379959106445
1,10,2017,20,59.336387634277344,27.66620635986328
1,10,2018,0,56.55620193481445,23.35637664794922
1,10,2018,1,56.571922302246094,23.364864349365234
1,10,2018,2,56.587303161621094,23.373287200927734
1,10,2018,3,56.60247802734375,23.382192611694336
1,10,2018,4,56.617591857910156,23.390207290649414
1,10,2018,5,56.63325119018555,23.398725509643555
1,10,2018,6,56.648807525634766,23.407211303710938
1,10,2018,7,56.663978576660156,23.41533660888672
1,10,2018,8,56.67986297607422,23.424633026123047
1,10,2018,9,56.69554138183594,23.432893753051758
1,10,2018,10,56.7098274230957,23.441173553466797
1,10,2018,11,56.726112365722656,23.449573516845703
1,10,2018,12,56.74189758300781,23.45832633972168
1,10,2018,13,56.757110595703125,23.466299057006836
1,10,2018,14,56.77326202392578,23.474990844726562
1,10,2018,15,56.78794479370117,23.483163833618164
1,10,2018,16,56.80368423461914,23.49224281311035
1,10,2018,17,56.819400787353516,23.50098419189453
1,10,2018,18,56.834293365478516,23.509140014648438
1,10,2018,19,56.85057067871094,23.51874351501465
1,10,2018,20,56.86637878417969,23.526992797851562
1,10,2019,0,50.76801300048828,30.116912841796875
1,10,2019,1,50.77878952026367,30.11849021911621
1,10,2019,2,50.789222717285156,30.120006561279297
1,10,2019,3,50.7994499206543,30.122011184692383
1,10,2019,4,50.80961227416992,30.123111724853516
1,10,2019,5,50.8203239440918,30.124723434448242
1,10,2019,6,50.830928802490234,30.126298904418945
1,10,2019,7,50.84114074707031,30.12751007080078
1,10,2019,8,50.852088928222656,30.129907608032227
1,10,2019,9,50.86281967163086,30.13125991821289
1,10,2019,10,50.872154235839844,30.13263511657715
1,10,2019,11,50.883487701416016,30.134111404418945
1,10,2019,12,50.89432907104492,30.135957717895508
1,10,2019,13,50.90458679199219,30.137020111083984
1,10,2019,14,50.91579055786133,30.138797760009766
1,10,2019,15,50.9255256652832,30.14006233215332
1,10,2019,16,50.93631362915039,30.142236709594727
1,10,2019,17,50.947086334228516,30.144067764282227
1,10,2019,18,50.9570198059082,30.145313262939453
1,10,2019,19,50.968360900878906,30.14801788330078
1,10,2019,20,50.97921371459961,30.149351119995117
1,10,2020,0,51.46830368041992,19.465408325195312
1,10,2020,1,51.48722839355469,19.47829246520996
1,10,2020,2,51.50580978393555,19.49111557006836
1,10,2020,3,51.52418518066406,19.50441551208496
1,10,2020,4,51.54249954223633,19.516826629638672
1,10,2020,5,51.561363220214844,19.52974510192871
1,10,2020,6,51.58012008666992,19.542627334594727
1,10,2020,7,51.59849548339844,19.555147171020508
1,10,2020,8,51.61758041381836,19.568838119506836
1,10,2020,9,51.6364631652832,19.58150291442871
1,10,2020,10,51.65394592285156,19.59418296813965
1,10,2020,11,51.67343521118164,19.60698127746582
1,10,2020,12,51.69242477416992,19.620128631591797
1,10,2020,13,51.71083450317383,19.63249969482422
1,10,2020,14,51.730194091796875,19.645591735839844
1,10,2020,15,51.748077392578125,19.658166885375977
1,10,2020,16,51.767024993896484,19.671642303466797
1,10,2020,17,51.785945892333984,19.684782028198242
1,10,2020,18,51.80403518676758,19.697336196899414
1,10,2020,19,51.823516845703125,19.711332321166992
1,10,2020,20,51.842525482177734,19.723983764648438
1,10,2021,0,57.17312240600586,33.66427993774414
1,10,2021,1,57.18179702758789,33.663883209228516
1,10,2021,2,57.190128326416016,33.66342544555664
1,10,2021,3,57.1982536315918,33.663455963134766
1,10,2021,4,57.20631790161133,33.66257858276367
1,10,2021,5,57.21492385864258,33.66221618652344
1,10,2021,6,57.22343063354492,33.66181564331055
1,10,2021,7,57.23154067993164,33.66105270385742
1,10,2021,8,57.240386962890625,33.661476135253906
1,10,2021,9,57.24901580810547,33.66085433959961
1,10,2021,10,57.25624465942383,33.66025161743164
1,10,2021,11,57.265480041503906,33.659751892089844
1,10,2021,12,57.27422332763672,33.65962600708008
1,10,2021,13,57.28237533569336,33.658714294433594
1,10,2021,14,57.291481018066406,33.65851593017578
1,10,2021,15,57.299110412597656,33.65780258178711
1,10,2021,16,57.30780029296875,33.65800094604492
1,10,2021,17,57.316471099853516,33.65785598754883
1,10,2021,18,57.32430648803711,33.657127380371094
1,10,2021,19,57.33354949951172,33.657859802246094
1,10,2021,20,57.3422966003418,33.6572151184082
2,1,2100,0,53.540225982666016,31.77737045288086
2,1,2100,1,53.54531478881836,31.773941040039062
2,1,2100,2,53.55006790161133,31.770444869995117
2,1,2100,3,53.55460739135742,31.767436981201172
2,1,2100,4,53.55908966064453,31.76352310180664
2,1,2100,5,53.56411361694336,31.76012420654297
2,1,2100,6,53.569034576416016,31.756683349609375
2,1,2100,7,53.57356262207031,31.752887725830078
2,1,2100,8,53.57882308959961,31.750276565551758
2,1,2100,9,53.5838737487793,31.746612548828125
2,1,2100,10,53.5875129699707,31.742969512939453
2,1,2100,11,53.59316635131836,31.73944091796875
2,1,2100,12,53.59832763671875,31.736276626586914
2,1,2100,13,53.602901458740234,31.732328414916992
2,1,2100,14,53.608421325683594,31.729095458984375
2,1,2100,15,53.61246871948242,31.725341796875
2,1,2100,16,53.617576599121094,31.72249984741211
2,1,2100,17,53.62266159057617,31.719322204589844
2,1,2100,18,53.626914978027344,31.715551376342773
2,1,2100,19,53.63257598876953,31.71324920654297
2,1,2100,20,53.63774490356445,31.70956802368164
2,1,2101,0,52.633094787597656,40.26310348510742
2,1,2101,1,52.632972717285156,40.25382995605469
2,1,2101,2,52.63251495361328,40.24449157714844
2,1,2101,3,52.631839752197266,40.23564147949219
2,1,2101,4,52.631099700927734,40.22587585449219
2,1,2101,5,52.63091278076172,40.216636657714844
2,1,2101,6,52.6306266784668,40.20735168457031
2,1,2101,7,52.62993240356445,40.19770812988281
2,1,2101,8,52.6299934387207,40.18925857543945
2,1,2101,9,52.62982940673828,40.17974853515625
2,1,2101,10,52.62824249267578,40.17025375366211
2,1,2101,11,52.628692626953125,40.1608772277832
2,1,2101,12,52.62864685058594,40.15187454223633
2,1,2101,13,52.62799835205078,40.14208221435547
2,1,2101,14,52.62831497192383,40.13300704956055
2,1,2101,15,52.62713623046875,40.1234016418457
2,1,2101,16,52.62703323364258,40.114715576171875
2,1,2101,17,52.62690734863281,40.105690002441406
2,1,2101,18,52.62593460083008,40.096073150634766
2,1,2101,19,52.626399993896484,40.08793258666992
2,1,2101,20,52.6263542175293,40.07840347290039
2,1,2102,0,50.808860778808594,32.999420166015625
2,1,2102,1,50.81730270385742,33.00019836425781
2,1,2102,2,50.82539749145508,33.000919342041016
2,1,2102,3,50.833282470703125,33.00211715698242
2,1,2102,4,50.841102600097656,33.002418518066406
2,1,2102,5,50.8494758605957,33.00323486328125
2,1,2102,6,50.85774230957031,33.00400924682617
2,1,2102,7,50.86561584472656,33.00442123413086
2,1,2102,8,50.874229431152344,33.00601577758789
2,1,2102,9,50.88262176513672,33.006568908691406
2,1,2102,10,50.889610290527344,33.00714111328125
2,1,2102,11,50.89860916137695,33.00782012939453
2,1,2102,12,50.9071159362793,33.00886917114258
2,1,2102,13,50.9150276184082,33.009132385253906
2,1,2102,14,50.92390060424805,33.01011657714844
2,1,2102,15,50.9312858581543,33.01057815551758
2,1,2102,16,50.93974304199219,33.0119514465332
2,1,2102,17,50.94817352294922,33.012977600097656
2,1,2102,18,50.95576477050781,33.013423919677734
2,1,2102,19,50.96477508544922,33.01532745361328
2,1,2102,20,50.973289489746094,33.015865325927734
2,1,2103,0,51.46009826660156,35.856689453125
2,1,2103,1,51.466400146484375,35.85845947265625
2,1,2103,2,51.47235107421875,35.86016845703125
2,1,2103,3,51.47808837890625,35.86235427856445
2,1,2103,4,51.4837646484375,35.8636474609375
2,1,2103,5,51.48999786376953,35.86545181274414
2,1,2103,6,51.496116638183594,35.86721420288086
2,1,2103,7,51.50184631347656,35.86861038208008
2,1,2103,8,51.50831985473633,35.871192932128906
2,1,2103,9,51.51456832885742,35.87274169921875
2,1,2103,10,51.519405364990234,35.87429428100586
2,1,2103,11,51.52626419067383,35.8759651184082
2,1,2103,12,51.53262710571289,35.87800598144531
2,1,2103,13,51.53839874267578,35.87925338745117
2,1,2103,14,51.545127868652344,35.881229400634766
2,1,2103,15,51.55036163330078,35.8826789855957
2,1,2103,16,51.556671142578125,35.88503646850586
2,1,2103,17,51.562957763671875,35.887054443359375
2,1,2103,18,51.56840896606445,35.888484954833984
2,1,2103,19,51.57527542114258,35.89137649536133
2,1,2103,20,51.58164596557617,35.892906188964844
2,1,2104,0,48.0872688293457,33.024173736572266
2,1,2104,1,48.09812927246094,33.026798248291016
2,1,2104,2,48.108642578125,33.029361724853516
2,1,2104,3,48.11894226074219,33.032405853271484
2,1,2104,4,48.12918472290039,33.03455352783203
2,1,2104,5,48.13998031616211,33.03721618652344
2,1,2104,6,48.150665283203125,33.03983688354492
2,1,2104,7,48.16096115112305,33.04208755493164
2,1,2104,8,48.171993255615234,33.04552459716797
2,1,2104,9,48.182804107666016,33.04792785644531
2,1,2104,10,48.19220733642578,33.05034255981445
2,1,2104,11,48.20363235473633,33.0528678894043
2,1,2104,12,48.214561462402344,33.055763244628906
2,1,2104,13,48.22489547729492,33.05786895751953
2,1,2104,14,48.23618698120117,33.060699462890625
2,1,2104,15,48.24598693847656,33.06300735473633
2,1,2104,16,48.25686264038086,33.066219329833984
2,1,2104,17,48.2677116394043,33.069091796875
2,1,2104,18,48.27772521972656,33.071380615234375
2,1,2104,19,48.28915023803711,33.07512283325195
2,1,2104,20,48.300086975097656,33.0775146484375
2,1,2105,0,54.57987976074219,13.513599395751953
2,1,2105,1,54.61316680908203,13.540484428405762
2,1,2105,2,54.646095275878906,13.56730842590332
2,1,2105,3,54.6788215637207,13.594615936279297
2,1,2105,4,54.71147918701172,13.621026039123535
2,1,2105,5,54.74470901489258,13.647948265075684
2,1,2105,6,54.77781677246094,13.674833297729492
2,1,2105,7,54.810550689697266,13.701349258422852
2,1,2105,8,54.843990325927734,13.729043960571289
2,1,2105,9,54.87722396850586,13.755708694458008
2,1,2105,10,54.909053802490234,13.782394409179688
2,1,2105,11,54.942909240722656,13.809200286865234
2,1,2105,12,54.97624969482422,13.836349487304688
2,1,2105,13,55.00901794433594,13.862712860107422
2,1,2105,14,55.04273986816406,13.889812469482422
2,1,2105,15,55.0749626159668,13.916394233703613
2,1,2105,16,55.1082763671875,13.943878173828125
2,1,2105,17,55.14155578613281,13.971025466918945
2,1,2105,18,55.17399597167969,13.997579574584961
2,1,2105,19,55.20783615112305,14.025586128234863
2,1,2105,20,55.241207122802734,14.052247047424316
2,1,2106,0,49.221378326416016,37.5900993347168
2,1,2106,1,49.225059509277344,37.585205078125
2,1,2106,2,49.22840118408203,37.58024597167969
2,1,2106,3,49.23152542114258,37.57577896118164
2,1,2106,4,49.234580993652344,37.57040023803711
2,1,2106,5,49.238197326660156,37.56553649902344
2,1,2106,6,49.241703033447266,37.560638427734375
2,1,2106,7,49.244808197021484,37.55537414550781
2,1,2106,8,49.2486686706543,37.55130386352539
2,1,2106,9,49.25230026245117,37.54617691040039
2,1,2106,10,49.254520416259766,37.541072845458984
2,1,2106,11,49.258766174316406,37.53607177734375
2,1,2106,12,49.262516021728516,37.53144836425781
2,1,2106,13,49.26566696166992,37.52603530883789
2,1,2106,14,49.269779205322266,37.52134323120117
2,1,2106,15,49.272403717041016,37.5161247253418
2,1,2106,16,49.27609634399414,37.51182556152344
2,1,2106,17,49.27976989746094,37.507179260253906
2,1,2106,18,49.28260040283203,37.50194549560547
2,1,2106,19,49.28685760498047,37.49818420410156
2,1,2106,20,49.290611267089844,37.493038177490234
2,1,2107,0,52.860191345214844,42.153785705566406
2,1,2107,1,52.8631591796875,42.14973831176758
2,1,2107,2,52.865779876708984,42.145626068115234
2,1,2107,3,52.868186950683594,42.141998291015625
2,1,2107,4,52.87052536010742,42.13747024536133
2,1,2107,5,52.8734245300293,42.133453369140625
2,1,2107,6,52.87621307373047,42.12940216064453
2,1,2107,7,52.87860107421875,42.124977111816406
2,1,2107,8,52.881752014160156,42.12174987792969
2,1,2107,9,52.884666442871094,42.11747741699219
2,1,2107,10,52.88616943359375,42.11322021484375
2,1,2107,11,52.88969802856445,42.109066009521484
2,1,2107,12,52.89273452758789,42.105289459228516
2,1,2107,13,52.895164489746094,42.1007194519043
2,1,2107,14,52.898563385009766,42.09687423706055
2,1,2107,15,52.90046310424805,42.092506408691406
2,1,2107,16,52.903446197509766,42.08905029296875
2,1,2107,17,52.906402587890625,42.08525085449219
2,1,2107,18,52.908512115478516,42.08086013793945
2,1,2107,19,52.91205978393555,42.077938079833984
2,1,2107,20,52.91510009765625,42.073646545410156
2,1,2108,0,49.35774612426758,40.05986785888672
2,1,2108,1,49.362125396728516,40.06005096435547
2,1,2108,2,49.36615753173828,40.0601692199707
2,1,2108,3,49.36996841430664,40.060768127441406
2,1,2108,4,49.373722076416016,40.06047058105469
2,1,2108,5,49.37803649902344,40.06068801879883
2,1,2108,6,49.382232666015625,40.06086730957031
2,1,2108,7,49.38603973388672,40.060665130615234
2,1,2108,8,49.39059829711914,40.06167221069336
2,1,2108,9,49.39492416381836,40.06163024902344
2,1,2108,10,49.3978385925293,40.06159591674805
2,1,2108,11,49.40277862548828,40.061676025390625
2,1,2108,12,49.407222747802734,40.062129974365234
2,1,2108,13,49.411067962646484,40.06178283691406
2,1,2108,14,49.41587829589844,40.062171936035156
2,1,2108,15,49.41918182373047,40.06203079223633
2,1,2108,16,49.42357635498047,40.062808990478516
2,1,2108,17,49.42794418334961,40.063232421875
2,1,2108,18,49.43146514892578,40.063072204589844
2,1,2108,19,49.43642044067383,40.064388275146484
2,1,2108,20,49.44086837768555,40.064327239990234
2,1,2109,0,53.77930450439453,20.9492244720459
2,1,2109,1,53.79432678222656,20.957372665405273
2,1,2109,2,53.80900573730469,20.965456008911133
2,1,2109,3,53.823486328125,20.97402572631836
2,1,2109,4,53.83790588378906,20.981698989868164
2,1,2109,5,53.85286331176758,20.989877700805664
2,1,2109,6,53.86772537231445,20.998022079467773
2,1,2109,7,53.882198333740234,21.005807876586914
2,1,2109,8,53.89738082885742,21.0147705078125
2,1,2109,9,53.9123649597168,21.02269172668457
2,1,2109,10,53.92595291137695,21.030630111694336
2,1,2109,11,53.94153594970703,21.038692474365234
2,1,2109,12,53.95662307739258,21.047103881835938
2,1,2109,13,53.97113800048828,21.054737091064453
2,1,2109,14,53.98658752441406,21.063091278076172
2,1,2109,15,54.00057601928711,21.0709228515625
2,1,2109,16,54.015621185302734,21.079666137695312
2,1,2109,17,54.0306396484375,21.088069915771484
2,1,2109,18,54.044837951660156,21.095882415771484
2,1,2109,19,54.06041717529297,21.105154037475586
2,1,2109,20,54.07551956176758,21.11306381225586
2,1,2110,0,52.694175720214844,38.31657791137695
2,1,2110,1,52.70042037963867,38.31560134887695
2,1,2110,2,52.706321716308594,38.3145637512207
2,1,2110,3,52.71200180053711,38.31401062011719
2,1,2110,4,52.717628479003906,38.31256103515625
2,1,2110,5,52.72380828857422,38.31161880493164
2,1,2110,6,52.72987747192383,38.310638427734375
2,1,2110,7,52.73554992675781,38.309295654296875
2,1,2110,8,52.74197006225586,38.30913543701172
2,1,2110,9,52.748165130615234,38.30793762207031
2,1,2110,10,52.752952575683594,38.30675506591797
2,1,2110,11,52.759761810302734,38.3056755065918
2,1,2110,12,52.76607131958008,38.304969787597656
2,1,2110,13,52.77178955078125,38.3034782409668
2,1,2110,14,52.778465270996094,38.302703857421875
2,1,2110,15,52.78364562988281,38.30141067504883
2,1,2110,16,52.7899055480957,38.301029205322266
2,1,2110,17,52.796138763427734,38.3003044128418
2,1,2110,18,52.80153274536133,38.29899597167969
2,1,2110,19,52.808349609375,38.29914474487305
2,1,2110,20,52.81467056274414,38.29792404174805
2,1,2111,0,50.613372802734375,15.524394035339355
2,1,2111,1,50.633453369140625,15.538524627685547
2,1,2111,2,50.6531867980957,15.552592277526855
2,1,2111,3,50.6727180480957,15.567142486572266
2,1,2111,4,50.69218826293945,15.580799102783203
2,1,2111,5,50.71220016479492,15.594962120056152
2,1,2111,6,50.732112884521484,15.609090805053711
2,1,2111,7,50.751644134521484,15.6228609085083
2,1,2111,8,50.77187728881836,15.637800216674805
2,1,2111,9,50.79191589355469,15.65170669555664
2,1,2111,10,50.81055450439453,15.665633201599121
2,1,2111,11,50.831199645996094,15.679681777954102
2,1,2111,12,50.85133743286133,15.694075584411621
2,1,2111,13,50.870906829833984,15.707691192626953
2,1,2111,14,50.89141845703125,15.722029685974121
2,1,2111,15,50.91046142578125,15.735849380493164
2,1,2111,16,50.93055725097656,15.750575065612793
2,1,2111,17,50.95063018798828,15.764965057373047
2,1,2111,18,50.969879150390625,15.778762817382812
2,1,2111,19,50.99050521850586,15.794010162353516
2,1,2111,20,51.01066970825195,15.807908058166504
2,1,2112,0,57.571144104003906,41.191314697265625
2,1,2112,1,57.57619094848633,41.18931198120117
2,1,2112,2,57.58089065551758,41.1872444152832
2,1,2112,3,57.58538055419922,41.185665130615234
2,1,2112,4,57.58980178833008,41.18318176269531
2,1,2112,5,57.59477996826172,41.18121337890625
2,1,2112,6,57.59965133666992,41.17920684814453
2,1,2112,7,57.604122161865234,41.17683029174805
2,1,2112,8,57.609344482421875,41.1756477355957
2,1,2112,9,57.614341735839844,41.17341995239258
2,1,2112,10,57.61792755126953,41.171207427978516
2,1,2112,11,57.62353515625,41.169097900390625
2,1,2112,12,57.62864685058594,41.16736602783203
2,1,2112,13,57.63315963745117,41.16484451293945
2,1,2112,14,57.63863754272461,41.16304397583008
2,1,2112,15,57.64262390136719,41.16072082519531
2,1,2112,16,57.647682189941406,41.1593132019043
2,1,2112,17,57.65271759033203,41.15755844116211
2,1,2112,18,57.65691375732422,41.15522003173828
2,1,2112,19,57.66252899169922,41.15434646606445
2,1,2112,20,57.66764831542969,41.152095794677734
2,1,2113,0,52.80572509765625,12.8388671875
2,1,2113,1,52.83081817626953,12.859451293945312
2,1,2113,2,52.85556411743164,12.879973411560059
2,1,2113,3,52.88011169433594,12.900980949401855
2,1,2113,4,52.90460205078125,12.921093940734863
2,1,2113,5,52.92963409423828,12.941712379455566
2,1,2113,6,52.954559326171875,12.962297439575195
2,1,2113,7,52.97911071777344,12.982521057128906
2,1,2113,8,53.00435256958008,13.003912925720215
2,1,2113,9,53.0294075012207,13.024277687072754
2,1,2113,10,53.053062438964844,13.044663429260254
2,1,2113,11,53.07872009277344,13.06517219543457
2,1,2113,12,53.10387420654297,13.086018562316895
2,1,2113,13,53.12845993041992,13.106088638305664
2,1,2113,14,53.15398406982422,13.126883506774902
2,1,2113,15,53.178043365478516,13.147163391113281
2,1,2113,16,53.20315933227539,13.16834545135498
2,1,2113,17,53.22824478149414,13.189191818237305
2,1,2113,18,53.25251388549805,13.209446907043457
2,1,2113,19,53.27814865112305,13.231147766113281
2,1,2113,20,53.30332946777344,13.251502990722656
2,1,2114,0,54.10261535644531,19.612337112426758
2,1,2114,1,54.12206268310547,19.625213623046875
2,1,2114,2,54.14116668701172,19.638029098510742
2,1,2114,3,54.160072326660156,19.65132713317871
2,1,2114,4,54.17890930175781,19.663732528686523
2,1,2114,5,54.19829559326172,19.676645278930664
2,1,2114,6,54.21757507324219,19.68951988220215
2,1,2114,7,54.236473083496094,19.702037811279297
2,1,2114,8,54.256080627441406,19.715721130371094
2,1,2114,9,54.27548599243164,19.728378295898438
2,1,2114,10,54.29349899291992,19.74105453491211
2,1,2114,11,54.313507080078125,19.75384521484375
2,1,2114,12,54.3330192565918,19.766986846923828
2,1,2114,13,54.35195541381836,19.77935028076172
2,1,2114,14,54.37183380126953,19.792434692382812
2,1,2114,15,54.39024353027344,19.805004119873047
2,1,2114,16,54.40971374511719,19.81847381591797
2,1,2114,17,54.42915725708008,19.83160972595215
2,1,2114,18,54.447776794433594,19.844158172607422
2,1,2114,19,54.467777252197266,19.8581485748291
2,1,2114,20,54.487308502197266,19.870792388916016
2,1,2115,0,50.64274978637695,32.831844329833984
2,1,2115,1,50.65331268310547,32.83406066894531
2,1,2115,2,50.66353225708008,32.836212158203125
2,1,2115,3,50.67353820800781,32.83884811401367
2,1,2115,4,50.6834831237793,32.8405876159668
2,1,2115,5,50.6939811706543,32.842838287353516
2,1,2115,6,50.70437240600586,32.84505081176758
2,1,2115,7,50.71437072753906,32.846900939941406
2,1,2115,8,50.72510528564453,32.84992980957031
2,1,2115,9,50.73562240600586,32.851924896240234
2,1,2115,10,50.74473571777344,32.85393142700195
2,1,2115,11,50.755859375,32.856048583984375
2,1,2115,12,50.76648712158203,32.85853576660156
2,1,2115,13,50.776527404785156,32.860233306884766
2,1,2115,14,50.78752136230469,32.86265182495117
2,1,2115,15,50.797027587890625,32.86455535888672
2,1,2115,16,50.8076057434082,32.86736297607422
2,1,2115,17,50.81816101074219,32.86982727050781
2,1,2115,18,50.827880859375,32.87171173095703
2,1,2115,19,50.83900833129883,32.87504959106445
2,1,2115,20,50.849647521972656,32.87702560424805
2,1,2116,0,57.50941467285156,18.781110763549805
2,1,2116,1,57.52631378173828,18.791013717651367
2,1,2116,2,57.542869567871094,18.800851821899414
2,1,2116,3,57.559226989746094,18.811174392700195
2,1,2116,4,57.575523376464844,18.820602416992188
2,1,2116,5,57.59235382080078,18.830535888671875
2,1,2116,6,57.609092712402344,18.840435028076172
2,1,2116,7,57.62544250488281,18.849979400634766
2,1,2116,8,57.64249801635742,18.860694885253906
2,1,2116,9,57.659358978271484,18.870370864868164
2,1,2116,10,57.67482376098633,18.880067825317383
2,1,2116,11,57.692283630371094,18.889888763427734
2,1,2116,12,57.70924758911133,18.900054931640625
2,1,2116,13,57.72563552856445,18.90944480895996
2,1,2116,14,57.74296569824219,18.919553756713867
2,1,2116,15,57.75883102416992,18.929141998291016
2,1,2116,16,57.77574920654297,18.939638137817383
2,1,2116,17,57.79264450073242,18.949800491333008
2,1,2116,18,57.808719635009766,18.959369659423828
2,1,2116,19,57.826168060302734,18.97039222717285
2,1,2116,20,57.8431510925293,18.980060577392578
2,1,2117,0,56.51372528076172,26.845088958740234
2,1,2117,1,56.532806396484375,26.859088897705078
2,1,2117,2,56.551536560058594,26.87302589416504
2,1,2117,3,56.5700569152832,26.887441635131836
2,1,2117,4,56.5885124206543,26.900964736938477
2,1,2117,5,56.60752868652344,26.91499900817871
2,1,2117,6,56.626426696777344,26.92899513244629
2,1,2117,7,56.64495086669922,26.9426212310791
2,1,2117,8,56.664188385009766,26.95742416381836
2,1,2117,9,56.68321990966797,26.971206665039062
2,1,2117,10,56.70084762573242,26.984996795654297
2,1,2117,11,56.720489501953125,26.998905181884766
2,1,2117,12,56.739627838134766,27.01317024230957
2,1,2117,13,56.75818634033203,27.026649475097656
2,1,2117,14,56.77770233154297,27.040855407714844
2,1,2117,15,56.79572296142578,27.05454444885254
2,1,2117,16,56.814823150634766,27.069133758544922
2,1,2117,17,56.833892822265625,27.083383560180664
2,1,2117,18,56.85213088989258,27.097049713134766
2,1,2117,19,56.87176513671875,27.112163543701172
2,1,2117,20,56.89092254638672,27.125930786132812
2,1,2118,0,51.1907958984375,23.42460823059082
2,1,2118,1,51.20734405517578,23.434621810913086
2,1,2118,2,51.223548889160156,23.444578170776367
2,1,2118,3,51.23954391479492,23.45501136779785
2,1,2118,4,51.25547790527344,23.464553833007812
2,1,2118,5,51.27196502685547,23.4746036529541
2,1,2118,6,51.2883415222168,23.484619140625
2,1,2118,7,51.3043327331543,23.4942684173584
2,1,2118,8,51.321048736572266,23.505090713500977
2,1,2118,9,51.33755111694336,23.5148868560791
2,1,2118,10,51.35265350341797,23.524700164794922
2,1,2118,11,51.36977005004883,23.534626007080078
2,1,2118,12,51.386383056640625,23.54490852355957
2,1,2118,13,51.40241241455078,23.55440902709961
2,1,2118,14,51.419395446777344,23.564632415771484
2,1,2118,15,51.434898376464844,23.574338912963867
2,1,2118,16,51.45146560668945,23.584943771362305
2,1,2118,17,51.46800994873047,23.595212936401367
2,1,2118,18,51.48372268676758,23.604900360107422
2,1,2118,19,51.500831604003906,23.61602783203125
2,1,2118,20,51.517459869384766,23.625810623168945
2,1,2119,0,59.5366325378418,28.829769134521484
2,1,2119,1,59.54738998413086,28.831979751586914
2,1,2119,2,59.55780792236328,28.834123611450195
2,1,2119,3,59.56801986694336,28.836755752563477
2,1,2119,4,59.57817077636719,28.83848762512207
2,1,2119,5,59.588863372802734,28.840728759765625
2,1,2119,6,59.59945297241211,28.842931747436523
2,1,2119,7,59.609657287597656,28.84477996826172
2,1,2119,8,59.62057876586914,28.84780502319336
2,1,2119,9,59.63129806518555,28.849788665771484
2,1,2119,10,59.6406135559082,28.851787567138672
2,1,2119,11,59.65193557739258,28.853904724121094
2,1,2119,12,59.662757873535156,28.856380462646484
2,1,2119,13,59.673004150390625,28.858076095581055
2,1,2119,14,59.6841926574707,28.860488891601562
2,1,2119,15,59.693912506103516,28.86237907409668
2,1,2119,16,59.704689025878906,28.86518096923828
2,1,2119,17,59.7154426574707,28.867647171020508
2,1,2119,18,59.72536849975586,28.869522094726562
2,1,2119,19,59.73668670654297,28.87285614013672
2,1,2119,20,59.747528076171875,28.87482261657715
2,1,2120,0,53.196868896484375,12.478578567504883
2,1,2120,1,53.21942138671875,12.495635986328125
2,1,2120,2,53.241634368896484,12.512630462646484
2,1,2120,3,53.263641357421875,12.530115127563477
2,1,2120,4,53.28559494018555,12.546701431274414
2,1,2120,5,53.30809020996094,12.563791275024414
2,1,2120,6,53.330482482910156,12.580849647521973
2,1,2120,7,53.35249328613281,12.597549438476562
2,1,2120,8,53.37519454956055,12.615424156188965
2,1,2120,9,53.3977165222168,12.632257461547852
2,1,2120,10,53.41883087158203,12.649117469787598
2,1,2120,11,53.44195556640625,12.666098594665527
2,1,2120,12,53.46457290649414,12.683418273925781
2,1,2120,13,53.48662567138672,12.69996452331543
2,1,2120,14,53.509613037109375,12.717231750488281
2,1,2120,15,53.5311393737793,12.733983039855957
2,1,2120,16,53.553707122802734,12.751642227172852
2,1,2120,17,53.576255798339844,12.768965721130371
2,1,2120,18,53.59798812866211,12.785693168640137
2,1,2120,19,53.6210823059082,12.803874969482422
2,1,2120,20,53.64372634887695,12.820699691772461
2,1,2121,0,56.2308349609375,27.392518997192383
2,1,2121,1,56.24649429321289,27.397903442382812
2,1,2121,2,56.261810302734375,27.403226852416992
2,1,2121,3,56.276920318603516,27.40903663635254
2,1,2121,4,56.291969299316406,27.413951873779297
2,1,2121,5,56.30756378173828,27.419368743896484
2,1,2121,6,56.32305145263672,27.42475128173828
2,1,2121,7,56.33815002441406,27.429777145385742
2,1,2121,8,56.353973388671875,27.435976028442383
2,1,2121,9,56.36958694458008,27.44113540649414
2,1,2121,10,56.38380813598633,27.44632339477539
2,1,2121,11,56.400020599365234,27.45161247253418
2,1,2121,12,56.415740966796875,27.457263946533203
2,1,2121,13,56.430885314941406,27.462139129638672
2,1,2121,14,56.44696807861328,27.467727661132812
2,1,2121,15,56.461585998535156,27.472801208496094
2,1,2121,16,56.47726058959961,27.47878074645996
2,1,2121,17,56.49291229248047,27.484420776367188
2,1,2121,18,56.50773620605469,27.489479064941406
2,1,2121,19,56.52395248413086,27.49598503112793
2,1,2121,20,56.5396842956543,27.501129150390625
2,2,2200,0,49.558921813964844,23.07893943786621
2,2,2200,1,49.56991958618164,23.082719802856445
2,2,2200,2,49.5805778503418,23.086435317993164
2,2,2200,3,49.591026306152344,23.090633392333984
2,2,2200,4,49.60141372680664,23.093935012817383
2,2,2200,5,49.61234664916992,23.097745895385742
2,2,2200,6,49.62317657470703,23.101520538330078
2,2,2200,7,49.63361740112305,23.10494041442871
2,2,2200,8,49.644779205322266,23.109533309936523
2,2,2200,9,49.65573501586914,23.113086700439453
2,2,2200,10,49.66529083251953,23.116653442382812
2,2,2200,11,49.676849365234375,23.120342254638672
2,2,2200,12,49.68791198730469,23.1243896484375
2,2,2200,13,49.69839859008789,23.127653121948242
2,2,2200,14,49.7098274230957,23.13163948059082
2,2,2200,15,49.719783782958984,23.135099411010742
2,2,2200,16,49.730796813964844,23.139469146728516
2,2,2200,17,49.74178695678711,23.143503189086914
2,2,2200,18,49.751956939697266,23.146947860717773
2,2,2200,19,49.76350784301758,23.1518497467041
2,2,2200,20,49.77458953857422,23.1553897857666
2,2,2201,0,46.62094497680664,13.38710880279541
2,2,2201,1,46.647586822509766,13.408544540405273
2,2,2201,2,46.67387390136719,13.429916381835938
2,2,2201,3,46.6999626159668,13.451772689819336
2,2,2201,4,46.72598648071289,13.472733497619629
2,2,2201,5,46.7525634765625,13.49420166015625
2,2,2201,6,46.77903366088867,13.515639305114746
2,2,2201,7,46.80512237548828,13.536707878112793
2,2,2201,8,46.8319206237793,13.558953285217285
2,2,2201,9,46.85851287841797,13.580168724060059
2,2,2201,10,46.88370895385742,13.60140323638916
2,2,2201,11,46.910919189453125,13.622761726379395
2,2,2201,12,46.937618255615234,13.64445972442627
2,2,2201,13,46.9637451171875,13.66537857055664
2,2,2201,14,46.990821838378906,13.687027931213379
2,2,2201,15,47.01641082763672,13.70815658569336
2,2,2201,16,47.04307556152344,13.730191230773926
2,2,2201,17,47.0697135925293,13.751887321472168
2,2,2201,18,47.09552001953125,13.772990226745605
2,2,2201,19,47.122711181640625,13.795546531677246
2,2,2201,20,47.149436950683594,13.816756248474121
2,2,2202,0,53.94915771484375,24.601295471191406
2,2,2202,1,53.96501922607422,24.609460830688477
2,2,2202,2,53.98053741455078,24.617565155029297
2,2,2202,3,53.995849609375,24.626148223876953
2,2,2202,4,54.01110076904297,24.63384246826172
2,2,2202,5,54.02689743041992,24.64204216003418
2,2,2202,6,54.0425910949707,24.650205612182617
2,2,2202,7,54.05790328979492,24.658008575439453
2,2,2202,8,54.07392501831055,24.666980743408203
2,2,2202,9,54.08974075317383,24.674922943115234
2,2,2202,10,54.10416793823242,24.682886123657227
2,2,2202,11,54.12059020996094,24.690961837768555
2,2,2202,12,54.136512756347656,24.699390411376953
2,2,2202,13,54.15186309814453,24.707042694091797
2,2,2202,14,54.168155670166016,24.71541404724121
2,2,2202,15,54.18297576904297,24.7232666015625
2,2,2202,16,54.1988525390625,24.73202133178711
2,2,2202,17,54.21470642089844,24.740440368652344
2,2,2202,18,54.229736328125,24.748275756835938
2,2,2202,19,54.246150970458984,24.757553100585938
2,2,2202,20,54.2620964050293,24.765483856201172
2,2,2203,0,54.32486343383789,35.61637878417969
2,2,2203,1,54.33408737182617,35.61726760864258
2,2,2203,2,54.34297180175781,35.61809539794922
2,2,2203,3,54.35164260864258,35.619407653808594
2,2,2203,4,54.360252380371094,35.61981964111328
2,2,2203,5,54.36941146850586,35.62074661254883
2,2,2203,6,54.37846755981445,35.62163162231445
2,2,2203,7,54.38712692260742,35.622154235839844
2,2,2203,8,54.39652633666992,35.62385940551758
2,2,2203,9,54.40570831298828,35.6245231628418
2,2,2203,10,54.413482666015625,35.625205993652344
2,2,2203,11,54.42326736450195,35.62599563598633
2,2,2203,12,54.432559967041016,35.62715530395508
2,2,2203,13,54.441261291503906,35.62752914428711
2,2,2203,14,54.4509162902832,35.62862014770508
2,2,2203,15,54.45909118652344,35.62919616699219
2,2,2203,16,54.46833419799805,35.63067626953125
2,2,2203,17,54.47755432128906,35.63181686401367
2,2,2203,18,54.48593521118164,35.63237380981445
2,2,2203,19,54.4957275390625,35.6343879699707
2,2,2203,20,54.50503158569336,35.63503646850586
2,2,2204,0,46.365997314453125,11.626398086547852
2,2,2204,1,46.385982513427734,11.641349792480469
2,2,2204,2,46.4056282043457,11.65623664855957
2,2,2204,3,46.425071716308594,11.671613693237305
2,2,2204,4,46.4444580078125,11.686094284057617
2,2,2204,5,46.46438217163086,11.701079368591309
2,2,2204,6,46.48420715332031,11.716031074523926
2,2,2204,7,46.5036506652832,11.730626106262207
2,2,2204,8,46.52378845214844,11.746393203735352
2,2,2204,9,46.543739318847656,11.761120796203613
2,2,2204,10,46.562286376953125,11.775870323181152
2,2,2204,11,46.58283615112305,11.79074478149414
2,2,2204,12,46.60289001464844,11.805959701538086
2,2,2204,13,46.622371673583984,11.820399284362793
2,2,2204,14,46.64278793334961,11.83556079864502
2,2,2204,15,46.6617431640625,11.850203514099121
2,2,2204,16,46.68174743652344,11.865754127502441
2,2,2204,17,46.70172882080078,11.880969047546387
2,2,2204,18,46.720890045166016,11.895588874816895
2,2,2204,19,46.74142074584961,11.911664009094238
2,2,2204,20,46.76149368286133,11.926383972167969
2,2,2205,0,63.75494384765625,22.957984924316406
2,2,2205,1,63.797698974609375,22.990802764892578
2,2,2205,2,63.8400764465332,23.0235538482666
2,2,2205,3,63.88224411010742,23.056795120239258
2,2,2205,4,63.9243278503418,23.0891170501709
2,2,2205,5,63.9670295715332,23.12197494506836
2,2,2205,6,64.00958251953125,23.15479278564453
2,2,2205,7,64.05176544189453,23.18720817565918
2,2,2205,8,64.09469604492188,23.220869064331055
2,2,2205,9,64.13738250732422,23.253459930419922
2,2,2205,10,64.17862701416016,23.28606414794922
2,2,2205,11,64.22196960449219,23.31879425048828
2,2,2205,12,64.26478576660156,23.351886749267578
2,2,2205,13,64.30699157714844,23.3841495513916
2,2,2205,14,64.35020446777344,23.41718864440918
2,2,2205,15,64.39183807373047,23.449687957763672
2,2,2205,16,64.43463134765625,23.483135223388672
2,2,2205,17,64.47737884521484,23.51620864868164
2,2,2205,18,64.51924896240234,23.54867935180664
2,2,2205,19,64.5625991821289,23.58266830444336
2,2,2205,20,64.6054458618164,23.615259170532227
2,2,2206,0,49.50788116455078,14.788769721984863
2,2,2206,1,49.53157043457031,14.8052396774292
2,2,2206,2,49.55491638183594,14.821647644042969
2,2,2206,3,49.578060150146484,14.838540077209473
2,2,2206,4,49.60114669799805,14.854538917541504
2,2,2206,5,49.62477111816406,14.871041297912598
2,2,2206,6,49.64830017089844,14.887511253356934
2,2,2206,7,49.67144775390625,14.903621673583984
2,2,2206,8,49.695289611816406,14.920900344848633
2,2,2206,9,49.718936920166016,14.937149047851562
2,2,2206,10,49.74119567871094,14.953421592712402
2,2,2206,11,49.76544952392578,14.969812393188477
2,2,2206,12,49.78919982910156,14.986543655395508
2,2,2206,13,49.812381744384766,15.002501487731934
2,2,2206,14,49.83650588989258,15.019181251525879
2,2,2206,15,49.859161376953125,15.035344123840332
2,2,2206,16,49.882869720458984,15.052410125732422
2,2,2206,17,49.906551361083984,15.069141387939453
2,2,2206,18,49.929420471191406,15.085282325744629
2,2,2206,19,49.953651428222656,15.10286808013916
2,2,2206,20,49.9774284362793,15.119108200073242
2,2,2207,0,50.22933578491211,39.82902908325195
2,2,2207,1,50.22838592529297,39.81990432739258
2,2,2207,2,50.22709655761719,39.81071472167969
2,2,2207,3,50.2255859375,39.8020133972168
2,2,2207,4,50.22401428222656,39.79240036010742
2,2,2207,5,50.222991943359375,39.78330612182617
2,2,2207,6,50.221866607666016,39.774169921875
2,2,2207,7,50.220340728759766,39.76467514038086
2,2,2207,8,50.21957015991211,39.75637435913086
2,2,2207,9,50.218570709228516,39.74701690673828
2,2,2207,10,50.216156005859375,39.7376708984375
2,2,2207,11,50.21576690673828,39.72843933105469
2,2,2207,12,50.21488952636719,39.71958541870117
2,2,2207,13,50.21340560913086,39.70994186401367
2,2,2207,14,50.212886810302734,39.70101547241211
2,2,2207,15,50.210880279541016,39.69156265258789
2,2,2207,16,50.209938049316406,39.68302536010742
2,2,2207,17,50.208980560302734,39.67414855957031
2,2,2207,18,50.207176208496094,39.66468048095703
2,2,2207,19,50.20680618286133,39.65668869018555
2,2,2207,20,50.20592498779297,39.647308349609375
2,2,2208,0,53.87269592285156,41.05507278442383
2,2,2208,1,53.8734130859375,41.0478401184082
2,2,2208,2,53.87378692626953,41.04054260253906
2,2,2208,3,53.87394714355469,41.03373336791992
2,2,2208,4,53.87404251098633,41.02601623535156
2,2,2208,5,53.874691009521484,41.01881790161133
2,2,2208,6,53.8752326965332,41.01157760620117
2,2,2208,7,53.8753776550293,41.00397872924805
2,2,2208,8,53.87627029418945,40.99756622314453
2,2,2208,9,53.8769416809082,40.99010467529297
2,2,2208,10,53.876197814941406,40.98265838623047
2,2,2208,11,53.87747573852539,40.975318908691406
2,2,2208,12,53.87826156616211,40.968360900878906
2,2,2208,13,53.878448486328125,40.96061325073242
2,2,2208,14,53.87959671020508,40.95357894897461
2,2,2208,15,53.87925720214844,40.946022033691406
2,2,2208,16,53.87998580932617,40.93937683105469
2,2,2208,17,53.88069534301758,40.93239212036133
2,2,2208,18,53.88056182861328,40.92481994628906
2,2,2208,19,53.88185501098633,40.91872024536133
2,2,2208,20,53.88264465332031,40.91123580932617
2,2,2209,0,54.02193832397461,14.602204322814941
2,2,2209,1,54.04598617553711,14.621236801147461
2,2,2209,2,54.0696907043457,14.64020824432373
2,2,2209,3,54.09319305419922,14.659663200378418
2,2,2209,4,54.11663818359375,14.67822551727295
2,2,2209,5,54.140625,14.69729232788086
2,2,2209,6,54.16450881958008,14.716325759887695
2,2,2209,7,54.18801498413086,14.734996795654297
2,2,2209,8,54.212215423583984,14.754837989807129
2,2,2209,9,54.236228942871094,14.773651123046875
2,2,2209,10,54.25884246826172,14.79248332977295
2,2,2209,11,54.28345489501953,14.81143856048584
2,2,2209,12,54.30756759643555,14.830734252929688
2,2,2209,13,54.33110809326172,14.849252700805664
2,2,2209,14,54.3555908203125,14.868494987487793
2,2,2209,15,54.378604888916016,14.887222290039062
2,2,2209,16,54.40267562866211,14.906852722167969
2,2,2209,17,54.42672348022461,14.926146507263184
2,2,2209,18,54.449947357177734,14.944849014282227
2,2,2209,19,54.47454071044922,14.964999198913574
2,2,2209,20,54.49867630004883,14.983802795410156
2,2,2210,0,44.761863708496094,14.162771224975586
2,2,2210,1,44.78706741333008,14.181961059570312
2,2,2210,2,44.811920166015625,14.201089859008789
2,2,2210,3,44.836570739746094,14.220702171325684
2,2,2210,4,44.86116027832031,14.239420890808105
2,2,2210,5,44.88630294799805,14.258644104003906
2,2,2210,6,44.91133499145508,14.277835845947266
2,2,2210,7,44.93598937988281,14.296662330627441
2,2,2210,8,44.96134948730469,14.31666088104248
2,2,2210,9,44.98650360107422,14.335630416870117
2,2,2210,10,45.01026916503906,14.354625701904297
2,2,2210,11,45.036033630371094,14.373733520507812
2,2,2210,12,45.06129837036133,14.393186569213867
2,2,2210,13,45.08598709106445,14.411863327026367
2,2,2210,14,45.11162567138672,14.43126392364502
2,2,2210,15,45.13578414916992,14.450150489807129
2,2,2210,16,45.1610107421875,14.469938278198242
2,2,2210,17,45.18620681762695,14.489386558532715
2,2,2210,18,45.21057891845703,14.508247375488281
2,2,2210,19,45.236331939697266,14.528554916381836
2,2,2210,20,45.261619567871094,14.547515869140625
2,2,2211,0,54.38286209106445,26.6832275390625
2,2,2211,1,54.39444351196289,26.686880111694336
2,2,2211,2,54.40568542480469,26.690471649169922
2,2,2211,3,54.416725158691406,26.69454574584961
2,2,2211,4,54.42770004272461,26.697721481323242
2,2,2211,5,54.43921661376953,26.70140838623047
2,2,2211,6,54.45063400268555,26.705055236816406
2,2,2211,7,54.4616584777832,26.70834732055664
2,2,2211,8,54.47340774536133,26.71281623840332
2,2,2211,9,54.484947204589844,26.71624183654785
2,2,2211,10,54.495094299316406,26.71968650817871
2,2,2211,11,54.50723648071289,26.723247528076172
2,2,2211,12,54.51888656616211,26.7271671295166
2,2,2211,13,54.52995681762695,26.730304718017578
2,2,2211,14,54.541969299316406,26.734163284301758
2,2,2211,15,54.552513122558594,26.737497329711914
2,2,2211,16,54.56411361694336,26.741743087768555
2,2,2211,17,54.57569122314453,26.745649337768555
2,2,2211,18,54.58644485473633,26.74897003173828
2,2,2211,19,54.59858703613281,26.753747940063477
2,2,2211,20,54.610252380371094,26.757160186767578
2,2,2212,0,55.61283493041992,40.11034393310547
2,2,2212,1,55.619598388671875,40.10969543457031
2,2,2212,2,55.626014709472656,40.108985900878906
2,2,2212,3,55.63221740722656,40.1087646484375
2,2,2212,4,55.63835525512695,40.10763931274414
2,2,2212,5,55.64505386352539,40.10702896118164
2,2,2212,6,55.65163803100586,40.10637664794922
2,2,2212,7,55.65782928466797,40.1053581237793
2,2,2212,8,55.66476821899414,40.10552978515625
2,2,2212,9,55.67148208618164,40.10466003417969
2,2,2212,10,55.67678451538086,40.10380554199219
2,2,2212,11,55.68410873413086,40.103057861328125
2,2,2212,12,55.69093704223633,40.10268020629883
2,2,2212,13,55.69717025756836,40.10151672363281
2,2,2212,14,55.70436096191406,40.10107421875
2,2,2212,15,55.710060119628906,40.1001091003418
2,2,2212,16,55.716835021972656,40.10005569458008
2,2,2212,17,55.72358703613281,40.09965896606445
2,2,2212,18,55.72949981689453,40.09867858886719
2,2,2212,19,55.73683166503906,40.099159240722656
2,2,2212,20,55.74366760253906,40.0982666015625
2,2,2213,0,50.619258880615234,40.10111999511719
2,2,2213,1,50.61899948120117,40.09148406982422
2,2,2213,2,50.61840057373047,40.081783294677734
2,2,2213,3,50.617576599121094,40.07257080078125
2,2,2213,4,50.616695404052734,40.06244659423828
2,2,2213,5,50.616363525390625,40.0528450012207
2,2,2213,6,50.615928649902344,40.04319763183594
2,2,2213,7,50.615089416503906,40.0331916809082
2,2,2213,8,50.61500930786133,40.02437973022461
2,2,2213,9,50.614707946777344,40.01451110839844
2,2,2213,10,50.612972259521484,40.00465393066406
2,2,2213,11,50.613277435302734,39.994911193847656
2,2,2213,12,50.61309051513672,39.98554611206055
2,2,2213,13,50.61229705810547,39.97539520263672
2,2,2213,14,50.61246871948242,39.96595764160156
2,2,2213,15,50.611148834228516,39.955989837646484
2,2,2213,16,50.610897064208984,39.94694137573242
2,2,2213,17,50.61063003540039,39.93755340576172
2,2,2213,18,50.60951232910156,39.927574157714844
2,2,2213,19,50.60983657836914,39.91907501220703
2,2,2213,20,50.60964584350586,39.909183502197266
2,2,2214,0,50.95552062988281,12.995826721191406
2,2,2214,1,50.988067626953125,13.021541595458984
2,2,2214,2,51.02025604248047,13.047196388244629
2,2,2214,3,51.05224609375,13.07333755493164
2,2,2214,4,51.084171295166016,13.098580360412598
2,2,2214,5,51.116661071777344,13.1243314743042
2,2,2214,6,51.14903259277344,13.150049209594727
2,2,2214,7,51.1810302734375,13.175396919250488
2,2,2214,8,51.21372604370117,13.201920509338379
2,2,2214,9,51.2462272644043,13.227420806884766
2,2,2214,10,51.27731704711914,13.252942085266113
2,2,2214,11,51.3104362487793,13.278580665588379
2,2,2214,12,51.34304428100586,13.304558753967285
2,2,2214,13,51.37507247924805,13.329757690429688
2,2,2214,14,51.408058166503906,13.35568618774414
2,2,2214,15,51.439552307128906,13.381104469299316
2,2,2214,16,51.47212219238281,13.407417297363281
2,2,2214,17,51.504661560058594,13.43339729309082
2,2,2214,18,51.53636932373047,13.458785057067871
2,2,2214,19,51.56946563720703,13.485617637634277
2,2,2214,20,51.60210037231445,13.511110305786133
2,2,2215,0,56.184471130371094,16.62810516357422
2,2,2215,1,56.20321273803711,16.64130210876465
2,2,2215,2,56.22161102294922,16.654438018798828
2,2,2215,3,56.23980712890625,16.66805648803711
2,2,2215,4,56.25794219970703,16.6807804107666
2,2,2215,5,56.27661895751953,16.694011688232422
2,2,2215,6,56.295196533203125,16.70720672607422
2,2,2215,7,56.31338882446289,16.72004508972168
2,2,2215,8,56.33228302001953,16.73405647277832
2,2,2215,9,56.35098648071289,16.74703025817871
2,2,2215,10,56.368289947509766,16.76002311706543
2,2,2215,11,56.38759994506836,16.773143768310547
2,2,2215,12,56.406402587890625,16.786605834960938
2,2,2215,13,56.42463684082031,16.79928970336914
2,2,2215,14,56.443809509277344,16.81269645690918
2,2,2215,15,56.461517333984375,16.82558250427246
2,2,2215,16,56.48027420043945,16.839378356933594
2,2,2215,17,56.4990119934082,16.85283851623535
2,2,2215,18,56.51692581176758,16.86570167541504
2,2,2215,19,56.536216735839844,16.880020141601562
2,2,2215,20,56.55504608154297,16.892986297607422
2,2,2216,0,54.892234802246094,29.46672821044922
2,2,2216,1,54.90370178222656,29.4697322845459
2,2,2216,2,54.914825439453125,29.47267723083496
2,2,2216,3,54.925743103027344,29.476106643676758
2,2,2216,4,54.93659591674805,29.478639602661133
2,2,2216,5,54.947998046875,29.481679916381836
2,2,2216,6,54.95929718017578,29.484683990478516
2,2,2216,7,54.97020721435547,29.487327575683594
2,2,2216,8,54.98183822631836,29.49114227294922
2,2,2216,9,54.99325942993164,29.493925094604492
2,2,2216,10,55.00328826904297,29.496728897094727
2,2,2216,11,55.01531219482422,29.4996395111084
2,2,2216,12,55.0268440246582,29.502912521362305
2,2,2216,13,55.03779220581055,29.50540542602539
2,2,2216,14,55.04969024658203,29.50861358642578
2,2,2216,15,55.06011199951172,29.511306762695312
2,2,2216,16,55.07159423828125,29.51490592956543
2,2,2216,17,55.08305740356445,29.518163681030273
2,2,2216,18,55.09368896484375,29.520841598510742
2,2,2216,19,55.105716705322266,29.524965286254883
2,2,2216,20,55.11726379394531,29.52773094177246
2,2,2217,0,53.62153244018555,14.344080924987793
2,2,2217,1,53.640811920166016,14.357842445373535
2,2,2217,2,53.65975570678711,14.371540069580078
2,2,2217,3,53.678497314453125,14.385723114013672
2,2,2217,4,53.69718551635742,14.39901065826416
2,2,2217,5,53.71640396118164,14.412802696228027
2,2,2217,6,53.73552703857422,14.42656421661377
2,2,2217,7,53.754268646240234,14.439967155456543
2,2,2217,8,53.77370071411133,14.454543113708496
2,2,2217,9,53.7929573059082,14.468079566955566
2,2,2217,10,53.81079864501953,14.481637954711914
2,2,2217,11,53.830650329589844,14.495322227478027
2,2,2217,12,53.849998474121094,14.509346008300781
2,2,2217,13,53.86878204345703,14.522595405578613
2,2,2217,14,53.88849639892578,14.536565780639648
2,2,2217,15,53.9067497253418,14.55001449584961
2,2,2217,16,53.926048278808594,14.564373016357422
2,2,2217,17,53.94532775878906,14.578396797180176
2,2,2217,18,53.96379089355469,14.591825485229492
2,2,2217,19,53.983612060546875,14.606708526611328
2,2,2217,20,54.002986907958984,14.620237350463867
2,2,2218,0,60.06447982788086,38.84235763549805
2,2,2218,1,60.07229995727539,38.84340286254883
2,2,2218,2,60.07977294921875,38.844390869140625
2,2,2218,3,60.0870361328125,38.84585952758789
2,2,2218,4,60.094234466552734,38.84642791748047
2,2,2218,5,60.101985931396484,38.84750747680664
2,2,2218,6,60.1096305847168,38.84855270385742
2,2,2218,7,60.11688232421875,38.8492317199707
2,2,2218,8,60.124874114990234,38.85108947753906
2,2,2218,9,60.13264465332031,38.85191345214844
2,2,2218,10,60.139007568359375,38.852752685546875
2,2,2218,11,60.14738464355469,38.85369873046875
2,2,2218,12,60.155269622802734,38.855018615722656
2,2,2218,13,60.16256332397461,38.85554885864258
2,2,2218,14,60.17081069946289,38.85679626464844
2,2,2218,15,60.177574157714844,38.85752868652344
2,2,2218,16,60.18540573120117,38.85916519165039
2,2,2218,17,60.193214416503906,38.8604621887207
2,2,2218,18,60.20018768310547,38.861175537109375
2,2,2218,19,60.20857238769531,38.863346099853516
2,2,2218,20,60.21646499633789,38.86415100097656
2,2,2219,0,52.57900619506836,32.605289459228516
2,2,2219,1,52.586448669433594,32.605281829833984
2,2,2219,2,52.59355163574219,32.6052131652832
2,2,2219,3,52.60044479370117,32.60563278198242
2,2,2219,4,52.607269287109375,32.60514831542969
2,2,2219,5,52.614646911621094,32.60517120361328
2,2,2219,6,52.621917724609375,32.605159759521484
2,2,2219,7,52.6287956237793,32.60478591918945
2,2,2219,8,52.636409759521484,32.60559844970703
2,2,2219,9,52.64380645751953,32.60536575317383
2,2,2219,10,52.649803161621094,32.60515213012695
2,2,2219,11,52.657806396484375,32.60504150390625
2,2,2219,12,52.665313720703125,32.60530471801758
2,2,2219,13,52.67223358154297,32.60477828979492
2,2,2219,14,52.68010711669922,32.60497283935547
2,2,2219,15,52.686500549316406,32.60464859008789
2,2,2219,16,52.69396209716797,32.6052360534668
2,2,2219,17,52.70139694213867,32.6054801940918
2,2,2219,18,52.70800018310547,32.605140686035156
2,2,2219,19,52.71601104736328,32.60626220703125
2,2,2219,20,52.72352600097656,32.60600662231445
2,2,2220,0,56.589290618896484,35.482398986816406
2,2,2220,1,56.59479904174805,35.47941970825195
2,2,2220,2,56.599971771240234,35.476375579833984
2,2,2220,3,56.60493087768555,35.473819732666016
2,2,2220,4,56.60982894897461,35.47035598754883
2,2,2220,5,56.615272521972656,35.4674072265625
2,2,2220,6,56.62061309814453,35.464420318603516
2,2,2220,7,56.62555694580078,35.4610710144043
2,2,2220,8,56.63124084472656,35.458919525146484
2,2,2220,9,56.63671112060547,35.45570755004883
2,2,2220,10,56.640769958496094,35.4525146484375
2,2,2220,11,56.64684295654297,35.449432373046875
2,2,2220,12,56.65242385864258,35.446720123291016
2,2,2220,13,56.65740966796875,35.44322204589844
2,2,2220,14,56.663352966308594,35.4404411315918
2,2,2220,15,56.667816162109375,35.437137603759766
2,2,2220,16,56.673343658447266,35.434749603271484
2,2,2220,17,56.67884826660156,35.43202209472656
2,2,2220,18,56.68351745605469,35.42870330810547
2,2,2220,19,56.68960189819336,35.42686080932617
2,2,2220,20,56.6951904296875,35.42362976074219
2,2,2221,0,57.54710006713867,41.24374771118164
2,2,2221,1,57.55174255371094,41.24258041381836
2,2,2221,2,57.55603790283203,41.24135208129883
2,2,2221,3,57.56011962890625,41.2406120300293
2,2,2221,4,57.56413650512695,41.23896408081055
2,2,2221,5,57.5687141418457,41.23783493041992
2,2,2221,6,57.57318115234375,41.23666763305664
2,2,2221,7,57.577247619628906,41.235130310058594
2,2,2221,8,57.582069396972656,41.23478317260742
2,2,2221,9,57.5866584777832,41.23339080810547
2,2,2221,10,57.589839935302734,41.232017517089844
2,2,2221,11,57.59504318237305,41.23074722290039
2,2,2221,12,57.599754333496094,41.229854583740234
2,2,2221,13,57.60386657714844,41.22816848754883
2,2,2221,14,57.60894012451172,41.22720718383789
2,2,2221,15,57.612518310546875,41.22572326660156
2,2,2221,16,57.61717224121094,41.22515106201172
2,2,2221,17,57.621803283691406,41.2242317199707
2,2,2221,18,57.62559509277344,41.22273254394531
2,2,2221,19,57.63080978393555,41.222694396972656
2,2,2221,20,57.63552474975586,41.221282958984375
2,3,2300,0,49.98078536987305,10.101548194885254
2,3,2300,1,50.00444412231445,10.120077133178711
2,3,2300,2,50.02776336669922,10.138543128967285
2,3,2300,3,50.05087661743164,10.157502174377441
2,3,2300,4,50.07394027709961,10.175561904907227
2,3,2300,5,50.097537994384766,10.194123268127441
2,3,2300,6,50.121036529541016,10.212654113769531
2,3,2300,7,50.1441535949707,10.230828285217285
2,3,2300,8,50.16796112060547,10.250174522399902
2,3,2300,9,50.19158935546875,10.26848030090332
2,3,2300,10,50.21380615234375,10.286812782287598
2,3,2300,11,50.238037109375,10.305267333984375
2,3,2300,12,50.261756896972656,10.324056625366211
2,3,2300,13,50.284915924072266,10.342077255249023
2,3,2300,14,50.30900573730469,10.36081600189209
2,3,2300,15,50.33163833618164,10.379039764404297
2,3,2300,16,50.35531234741211,10.398171424865723
2,3,2300,17,50.37896728515625,10.41696834564209
2,3,2300,18,50.40180206298828,10.43516731262207
2,3,2300,19,50.42599868774414,10.454818725585938
2,3,2300,20,50.44974899291992,10.473119735717773
2,3,2301,0,47.20546340942383,33.32155990600586
2,3,2301,1,47.20646286010742,33.314998626708984
2,3,2301,2,47.20711898803711,33.308372497558594
2,3,2301,3,47.20756149291992,33.30223083496094
2,3,2301,4,47.207942962646484,33.29518508911133
2,3,2301,5,47.20886993408203,33.28865051269531
2,3,2301,6,47.20969772338867,33.28207778930664
2,3,2301,7,47.210121154785156,33.275150299072266
2,3,2301,8,47.21129608154297,33.2694091796875
2,3,2301,9,47.21224594116211,33.262611389160156
2,3,2301,10,47.21178436279297,33.25583267211914
2,3,2301,11,47.21334457397461,33.249168395996094
2,3,2301,12,47.214412689208984,33.24287414550781
2,3,2301,13,47.214881896972656,33.23579406738281
2,3,2301,14,47.216312408447266,33.22943115234375
2,3,2301,15,47.21625518798828,33.222537994384766
2,3,2301,16,47.21726608276367,33.2165641784668
2,3,2301,17,47.218257904052734,33.21024703979492
2,3,2301,18,47.218406677246094,33.20334243774414
2,3,2301,19,47.21997833251953,33.197914123535156
2,3,2301,20,47.22105026245117,33.19110107421875
2,3,2302,0,47.951351165771484,21.724163055419922
2,3,2302,1,47.96501159667969,21.728918075561523
2,3,2302,2,47.978328704833984,21.733610153198242
2,3,2302,3,47.99143981933594,21.738784790039062
2,3,2302,4,48.004493713378906,21.74306297302246
2,3,2302,5,48.018089294433594,21.74785041809082
2,3,2302,6,48.03158187866211,21.752599716186523
2,3,2302,7,48.04468536376953,21.756994247436523
2,3,2302,8,48.05850601196289,21.762563705444336
2,3,2302,9,48.07212829589844,21.767093658447266
2,3,2302,10,48.084346771240234,21.771636962890625
2,3,2302,11,48.098567962646484,21.776304244995117
2,3,2302,12,48.1122932434082,21.781326293945312
2,3,2302,13,48.12543869018555,21.785568237304688
2,3,2302,14,48.139530181884766,21.790529251098633
2,3,2302,15,48.15214920043945,21.794963836669922
2,3,2302,16,48.16582489013672,21.800312042236328
2,3,2302,17,48.17947769165039,21.805322647094727
2,3,2302,18,48.19231033325195,21.809741973876953
2,3,2302,19,48.20652389526367,21.81562042236328
2,3,2302,20,48.22026824951172,21.82013702392578
2,3,2303,0,53.79461669921875,25.320751190185547
2,3,2303,1,53.80903244018555,25.327781677246094
2,3,2303,2,53.823097229003906,25.334749221801758
2,3,2303,3,53.83695983886719,25.342199325561523
2,3,2303,4,53.850765228271484,25.348758697509766
2,3,2303,5,53.8651123046875,25.355823516845703
2,3,2303,6,53.87936019897461,25.362850189208984
2,3,2303,7,53.893218994140625,25.36952018737793
2,3,2303,8,53.90779113769531,25.377357482910156
2,3,2303,9,53.92216110229492,25.384166717529297
2,3,2303,10,53.93513488769531,25.390993118286133
2,3,2303,11,53.950111389160156,25.397933959960938
2,3,2303,12,53.9645881652832,25.405229568481445
2,3,2303,13,53.97848892211914,25.411746978759766
2,3,2303,14,53.99333190917969,25.418983459472656
2,3,2303,15,54.00669860839844,25.425701141357422
2,3,2303,16,54.0211296081543,25.433320999145508
2,3,2303,17,54.0355339050293,25.44060516357422
2,3,2303,18,54.04911422729492,25.447307586669922
2,3,2303,19,54.06407928466797,25.45545196533203
2,3,2303,20,54.07857894897461,25.46224594116211
2,3,2304,0,51.79897689819336,30.924970626831055
2,3,2304,1,51.80509948730469,30.921537399291992
2,3,2304,2,51.81087875366211,30.91803741455078
2,3,2304,3,51.81644821166992,30.915027618408203
2,3,2304,4,51.82196044921875,30.91111183166504
2,3,2304,5,51.8280143737793,30.9077091217041
2,3,2304,6,51.83396911621094,30.904266357421875
2,3,2304,7,51.83952331542969,30.900468826293945
2,3,2304,8,51.84581756591797,30.897855758666992
2,3,2304,9,51.851898193359375,30.894189834594727
2,3,2304,10,51.856563568115234,30.890544891357422
2,3,2304,11,51.863250732421875,30.887012481689453
2,3,2304,12,51.86944580078125,30.883846282958984
2,3,2304,13,51.87504577636719,30.87989616394043
2,3,2304,14,51.88159942626953,30.876663208007812
2,3,2304,15,51.88667297363281,30.87290382385254
2,3,2304,16,51.89281463623047,30.87006187438965
2,3,2304,17,51.898929595947266,30.86688232421875
2,3,2304,18,51.904212951660156,30.863109588623047
2,3,2304,19,51.91090393066406,30.860807418823242
2,3,2304,20,51.9171028137207,30.85712432861328
2,3,2305,0,56.246002197265625,38.57781219482422
2,3,2305,1,56.261131286621094,38.58675765991211
2,3,2305,2,56.275901794433594,38.595638275146484
2,3,2305,3,56.29045867919922,38.605003356933594
2,3,2305,4,56.304954528808594,38.613468170166016
2,3,2305,5,56.32001495361328,38.6224479675293
2,3,2305,6,56.334957122802734,38.63138961791992
2,3,2305,7,56.34950637817383,38.63995361328125
2,3,2305,8,56.36480712890625,38.649715423583984
2,3,2305,9,56.37987518310547,38.6584358215332
2,3,2305,10,56.39353942871094,38.667171478271484
2,3,2305,11,56.40922164916992,38.6760139465332
2,3,2305,12,56.424407958984375,38.68523025512695
2,3,2305,13,56.438995361328125,38.69364929199219
2,3,2305,14,56.454551696777344,38.702796936035156
2,3,2305,15,56.468605041503906,38.71142578125
2,3,2305,16,56.48374938964844,38.72096633911133
2,3,2305,17,56.498863220214844,38.73015594482422
2,3,2305,18,56.51313018798828,38.73876190185547
2,3,2305,19,56.52882766723633,38.74883270263672
2,3,2305,20,56.54402160644531,38.75754165649414
2,3,2306,0,47.586814880371094,14.858046531677246
2,3,2306,1,47.62356948852539,14.886272430419922
2,3,2306,2,47.65995788574219,14.914436340332031
2,3,2306,3,47.69614791870117,14.943085670471191
2,3,2306,4,47.732261657714844,14.970839500427246
2,3,2306,5,47.768959045410156,14.999102592468262
2,3,2306,6,47.8055305480957,15.02733039855957
2,3,2306,7,47.84172821044922,15.055180549621582
2,3,2306,8,47.87864303588867,15.084223747253418
2,3,2306,9,47.91533660888672,15.112234115600586
2,3,2306,10,47.95062255859375,15.140259742736816
2,3,2306,11,47.987953186035156,15.168404579162598
2,3,2306,12,48.02476119995117,15.196895599365234
2,3,2306,13,48.06098937988281,15.224599838256836
2,3,2306,14,48.09818649291992,15.25303840637207
2,3,2306,15,48.13386154174805,15.280962944030762
2,3,2306,16,48.17064666748047,15.309793472290039
2,3,2306,17,48.207393646240234,15.338279724121094
2,3,2306,18,48.243289947509766,15.366174697875977
2,3,2306,19,48.28060531616211,15.395526885986328
2,3,2306,20,48.317447662353516,15.423530578613281
2,3,2307,0,50.057960510253906,22.064804077148438
2,3,2307,1,50.070533752441406,22.069416046142578
2,3,2307,2,50.082767486572266,22.073963165283203
2,3,2307,3,50.094791412353516,22.07899284362793
2,3,2307,4,50.10675811767578,22.083127975463867
2,3,2307,5,50.1192626953125,22.087772369384766
2,3,2307,6,50.13167190551758,22.092378616333008
2,3,2307,7,50.14369201660156,22.096630096435547
2,3,2307,8,50.15642547607422,22.102054595947266
2,3,2307,9,50.1689567565918,22.106441497802734
2,3,2307,10,50.18008804321289,22.11083984375
2,3,2307,11,50.1932258605957,22.11536407470703
2,3,2307,12,50.20586395263672,22.120243072509766
2,3,2307,13,50.217926025390625,22.124340057373047
2,3,2307,14,50.230926513671875,22.1291561126709
2,3,2307,15,50.242462158203125,22.13344955444336
2,3,2307,16,50.25505065917969,22.138652801513672
2,3,2307,17,50.267616271972656,22.143518447875977
2,3,2307,18,50.279361724853516,22.147796630859375
2,3,2307,19,50.2924919128418,22.15353012084961
2,3,2307,20,50.30514907836914,22.15790367126465
2,3,2308,0,47.58648681640625,37.8603630065918
2,3,2308,1,47.586483001708984,37.850006103515625
2,3,2308,2,47.58613586425781,37.83958435058594
2,3,2308,3,47.5855712890625,37.82965087890625
2,3,2308,4,47.58494186401367,37.81880569458008
2,3,2308,5,47.584869384765625,37.80847930908203
2,3,2308,6,47.58469009399414,37.79811477661133
2,3,2308,7,47.584102630615234,37.787384033203125
2,3,2308,8,47.584285736083984,37.777854919433594
2,3,2308,9,47.584232330322266,37.76726531982422
2,3,2308,10,47.58275604248047,37.75668716430664
2,3,2308,11,47.583316802978516,37.7462272644043
2,3,2308,12,47.5833854675293,37.736141204833984
2,3,2308,13,47.58284378051758,37.72526931762695
2,3,2308,14,47.583274841308594,37.715110778808594
2,3,2308,15,47.58220672607422,37.70442199707031
2,3,2308,16,47.58221435546875,37.69465637207031
2,3,2308,17,47.58220291137695,37.684547424316406
2,3,2308,18,47.58134078979492,37.67384719848633
2,3,2308,19,47.58192443847656,37.66462707519531
2,3,2308,20,47.58198928833008,37.654014587402344
2,3,2309,0,55.09737014770508,11.434306144714355
2,3,2309,1,55.11775207519531,11.451202392578125
2,3,2309,2,55.137794494628906,11.468033790588379
2,3,2309,3,55.15762710571289,11.485356330871582
2,3,2309,4,55.17741012573242,11.501781463623047
2,3,2309,5,55.19772720336914,11.518710136413574
2,3,2309,6,55.21794891357422,11.535606384277344
2,3,2309,7,55.23778533935547,11.552145004272461
2,3,2309,8,55.2583122253418,11.569859504699707
2,3,2309,9,55.27866744995117,11.586531639099121
2,3,2309,10,55.29759979248047,11.603225708007812
2,3,2309,11,55.31855773925781,11.620048522949219
2,3,2309,12,55.3390007019043,11.63720703125
2,3,2309,13,55.35887908935547,11.653590202331543
2,3,2309,14,55.379695892333984,11.670698165893555
2,3,2309,15,55.3990478515625,11.687286376953125
2,3,2309,16,55.4194450378418,11.704782485961914
2,3,2309,17,55.439823150634766,11.721945762634277
2,3,2309,18,55.459381103515625,11.738509178161621
2,3,2309,19,55.48030090332031,11.756531715393066
2,3,2309,20,55.50077438354492,11.773198127746582
2,3,2310,0,47.658138275146484,25.070846557617188
2,3,2310,1,47.6676139831543,25.070640563964844
2,3,2310,2,47.6767463684082,25.070369720458984
2,3,2310,3,47.6856689453125,25.070585250854492
2,3,2310,4,47.69453811645508,25.06989860534668
2,3,2310,5,47.703948974609375,25.069725036621094
2,3,2310,6,47.713253021240234,25.06951141357422
2,3,2310,7,47.72216796875,25.06894302368164
2,3,2310,8,47.731807708740234,25.069557189941406
2,3,2310,9,47.74124526977539,25.069122314453125
2,3,2310,10,47.749271392822266,25.06870460510254
2,3,2310,11,47.75931167602539,25.06840705871582
2,3,2310,12,47.768856048583984,25.068466186523438
2,3,2310,13,47.77781677246094,25.067745208740234
2,3,2310,14,47.7877197265625,25.0677433013916
2,3,2310,15,47.7961540222168,25.067214965820312
2,3,2310,16,47.805641174316406,25.06760025024414
2,3,2310,17,47.81511306762695,25.067649841308594
2,3,2310,18,47.823753356933594,25.06710433959961
2,3,2310,19,47.83378982543945,25.06802749633789
2,3,2310,20,47.843345642089844,25.067575454711914
2,3,2311,0,54.541996002197266,23.667814254760742
2,3,2311,1,54.56066131591797,23.6796932220459
2,3,2311,2,54.578983306884766,23.691509246826172
2,3,2311,3,54.59709930419922,23.703807830810547
2,3,2311,4,54.615150451660156,23.715211868286133
2,3,2311,5,54.63375473022461,23.72712516784668
2,3,2311,6,54.65224838256836,23.739004135131836
2,3,2311,7,54.67036437988281,23.750516891479492
2,3,2311,8,54.68919372558594,23.763200759887695
2,3,2311,9,54.70781707763672,23.774860382080078
2,3,2311,10,54.72503662109375,23.786537170410156
2,3,2311,11,54.74427032470703,23.798328399658203
2,3,2311,12,54.76300048828125,23.810470581054688
2,3,2311,13,54.781150817871094,23.821834564208984
2,3,2311,14,54.80025100708008,23.833919525146484
2,3,2311,15,54.81787109375,23.845489501953125
2,3,2311,16,54.8365592956543,23.857959747314453
2,3,2311,17,54.855220794677734,23.870092391967773
2,3,2311,18,54.873050689697266,23.881641387939453
2,3,2311,19,54.892276763916016,23.894634246826172
2,3,2311,20,54.91102600097656,23.906280517578125
2,3,2312,0,56.73540496826172,11.039703369140625
2,3,2312,1,56.76606369018555,11.066251754760742
2,3,2312,2,56.79637145996094,11.092738151550293
2,3,2312,3,56.826480865478516,11.119714736938477
2,3,2312,4,56.85652542114258,11.145790100097656
2,3,2312,5,56.88712692260742,11.172375679016113
2,3,2312,6,56.91761779785156,11.19892692565918
2,3,2312,7,56.94773483276367,11.225109100341797
2,3,2312,8,56.978538513183594,11.252470970153809
2,3,2312,9,57.0091552734375,11.278800010681152
2,3,2312,10,57.038368225097656,11.305152893066406
2,3,2312,11,57.06959915161133,11.33162784576416
2,3,2312,12,57.100311279296875,11.358439445495605
2,3,2312,13,57.13046646118164,11.384469032287598
2,3,2312,14,57.16156005859375,11.411232948303223
2,3,2312,15,57.19117736816406,11.437482833862305
2,3,2312,16,57.221858978271484,11.464635848999023
2,3,2312,17,57.25251007080078,11.491453170776367
2,3,2312,18,57.28234100341797,11.517672538757324
2,3,2312,19,57.31353759765625,11.545347213745117
2,3,2312,20,57.34428787231445,11.571671485900879
2,3,2313,0,50.82604217529297,17.043991088867188
2,3,2313,1,50.84107208251953,17.05309295654297
2,3,2313,2,50.85576629638672,17.062129974365234
2,3,2313,3,50.87025451660156,17.071651458740234
2,3,2313,4,50.88468551635742,17.080276489257812
2,3,2313,5,50.89965057373047,17.08941078186035
2,3,2313,6,50.91452407836914,17.098508834838867
2,3,2313,7,50.92900848388672,17.10725212097168
2,3,2313,8,50.94419479370117,17.117170333862305
2,3,2313,9,50.95919418334961,17.12604522705078
2,3,2313,10,50.97278594970703,17.134937286376953
2,3,2313,11,50.98838424682617,17.143959045410156
2,3,2313,12,51.003482818603516,17.1533260345459
2,3,2313,13,51.018009185791016,17.16191291809082
2,3,2313,14,51.03347396850586,17.171222686767578
2,3,2313,15,51.0474739074707,17.18000602722168
2,3,2313,16,51.062522888183594,17.18970489501953
2,3,2313,17,51.077552795410156,17.199068069458008
2,3,2313,18,51.09176254272461,17.207834243774414
2,3,2313,19,51.10734176635742,17.218061447143555
2,3,2313,20,51.12246322631836,17.226926803588867
2,3,2314,0,57.99690246582031,33.535888671875
2,3,2314,1,58.00567626953125,33.53642654418945
2,3,2314,2,58.01410675048828,33.536903381347656
2,3,2314,3,58.02233123779297,33.53786849975586
2,3,2314,4,58.03049087524414,33.537925720214844
2,3,2314,5,58.03919982910156,33.53849792480469
2,3,2314,6,58.04780197143555,33.539031982421875
2,3,2314,7,58.05601119995117,33.53920364379883
2,3,2314,8,58.06495666503906,33.54056167602539
2,3,2314,9,58.07368469238281,33.54087448120117
2,3,2314,10,58.08101272583008,33.541202545166016
2,3,2314,11,58.09034729003906,33.54164123535156
2,3,2314,12,58.099185943603516,33.542449951171875
2,3,2314,13,58.10743713378906,33.5424690246582
2,3,2314,14,58.116641998291016,33.543209075927734
2,3,2314,15,58.12437057495117,33.543426513671875
2,3,2314,16,58.13315963745117,33.54456329345703
2,3,2314,17,58.141929626464844,33.545352935791016
2,3,2314,18,58.14986038208008,33.545555114746094
2,3,2314,19,58.159202575683594,33.54722595214844
2,3,2314,20,58.168052673339844,33.547515869140625
2,3,2315,0,52.692752838134766,27.881025314331055
2,3,2315,1,52.708438873291016,27.8886661529541
2,3,2315,2,52.72377395629883,27.896242141723633
2,3,2315,3,52.7389030456543,27.904294967651367
2,3,2315,4,52.75396728515625,27.911460876464844
2,3,2315,5,52.769588470458984,27.91913414001465
2,3,2315,6,52.785099029541016,27.92677116394043
2,3,2315,7,52.80022430419922,27.93404197692871
2,3,2315,8,52.81607437133789,27.942485809326172
2,3,2315,9,52.83171081542969,27.949905395507812
2,3,2315,10,52.845947265625,27.95733642578125
2,3,2315,11,52.86219787597656,27.964885711669922
2,3,2315,12,52.87794494628906,27.972789764404297
2,3,2315,13,52.89310836791992,27.97991371154785
2,3,2315,14,52.90922546386719,27.987760543823242
2,3,2315,15,52.923858642578125,27.995086669921875
2,3,2315,16,52.93955993652344,28.003313064575195
2,3,2315,17,52.955238342285156,28.011201858520508
2,3,2315,18,52.9700813293457,28.018508911132812
2,3,2315,19,52.986331939697266,28.02726173400879
2,3,2315,20,53.00209426879883,28.03466796875
2,3,2316,0,52.65573501586914,30.973125457763672
2,3,2316,1,52.6634635925293,30.97104263305664
2,3,2316,2,52.67085266113281,30.96889877319336
2,3,2316,3,52.67803192138672,30.967241287231445
2,3,2316,4,52.685150146484375,30.964677810668945
2,3,2316,5,52.692813873291016,30.962629318237305
2,3,2316,6,52.700374603271484,30.960540771484375
2,3,2316,7,52.70753860473633,30.958091735839844
2,3,2316,8,52.7154426574707,30.956830978393555
2,3,2316,9,52.72312927246094,30.954519271850586
2,3,2316,10,52.72941207885742,30.95223045349121
2,3,2316,11,52.73770523071289,30.95004653930664
2,3,2316,12,52.74550247192383,30.948232650756836
2,3,2316,13,52.75271224975586,30.945632934570312
2,3,2316,14,52.76087188720703,30.943750381469727
2,3,2316,15,52.76755905151367,30.941349029541016
2,3,2316,16,52.775306701660156,30.939861297607422
2,3,2316,17,52.78303146362305,30.938032150268555
2,3,2316,18,52.789920806884766,30.93561363220215
2,3,2316,19,52.7982177734375,30.934661865234375
2,3,2316,20,52.806026458740234,30.932331085205078
2,3,2317,0,57.96257019042969,25.59744644165039
2,3,2317,1,57.975955963134766,25.601430892944336
2,3,2317,2,57.98899841308594,25.605348587036133
2,3,2317,3,58.001834869384766,25.60975456237793
2,3,2317,4,58.014617919921875,25.61326026916504
2,3,2317,5,58.02793502807617,25.617277145385742
2,3,2317,6,58.04115676879883,25.621253967285156
2,3,2317,7,58.053985595703125,25.624879837036133
2,3,2317,8,58.06753158569336,25.629682540893555
2,3,2317,9,58.08087921142578,25.633438110351562
2,3,2317,10,58.09282302856445,25.6372127532959
2,3,2317,11,58.10676956176758,25.641109466552734
2,3,2317,12,58.12022018432617,25.645357131958008
2,3,2317,13,58.133094787597656,25.64883041381836
2,3,2317,14,58.14691162109375,25.65302085876465
2,3,2317,15,58.15925979614258,25.65668487548828
2,3,2317,16,58.17266082763672,25.66126251220703
2,3,2317,17,58.186038970947266,25.665504455566406
2,3,2317,18,58.1985969543457,25.669153213500977
2,3,2317,19,58.21253967285156,25.674264907836914
2,3,2317,20,58.22600555419922,25.678007125854492
2,3,2318,0,58.881492614746094,26.485458374023438
2,3,2318,1,58.89608383178711,26.4935359954834
2,3,2318,2,58.91032791137695,26.501548767089844
2,3,2318,3,58.92436599731445,26.51004409790039
2,3,2318,4,58.9383430480957,26.517648696899414
2,3,2318,5,58.95286560058594,26.525758743286133
2,3,2318,6,58.96728515625,26.53383445739746
2,3,2318,7,58.981319427490234,26.541547775268555
2,3,2318,8,58.996070861816406,26.550432205200195
2,3,2318,9,59.010616302490234,26.558286666870117
2,3,2318,10,59.02376174926758,26.5661563873291
2,3,2318,11,59.038917541503906,26.574146270751953
2,3,2318,12,59.05356979370117,26.582489013671875
2,3,2318,13,59.06764221191406,26.590049743652344
2,3,2318,14,59.082664489746094,26.598331451416016
2,3,2318,15,59.09621047973633,26.606096267700195
2,3,2318,16,59.110816955566406,26.614763259887695
2,3,2318,17,59.125396728515625,26.62309455871582
2,3,2318,18,59.13915252685547,26.630840301513672
2,3,2318,19,59.154300689697266,26.640033721923828
2,3,2318,20,59.16897201538086,26.64787483215332
2,3,2319,0,59.3843879699707,20.284730911254883
2,3,2319,1,59.40725326538086,20.3023738861084
2,3,2319,2,59.429771423339844,20.319955825805664
2,3,2319,3,59.452083587646484,20.338016510009766
2,3,2319,4,59.47433090209961,20.355186462402344
2,3,2319,5,59.49713134765625,20.37286376953125
2,3,2319,6,59.51982498168945,20.390504837036133
2,3,2319,7,59.542137145996094,20.407779693603516
2,3,2319,8,59.565162658691406,20.426227569580078
2,3,2319,9,59.58797836303711,20.443649291992188
2,3,2319,10,59.609397888183594,20.461088180541992
2,3,2319,11,59.63282775878906,20.47864532470703
2,3,2319,12,59.6557502746582,20.496551513671875
2,3,2319,13,59.6781005859375,20.51367950439453
2,3,2319,14,59.70140075683594,20.531530380249023
2,3,2319,15,59.72321701049805,20.548864364624023
2,3,2319,16,59.7461051940918,20.567100524902344
2,3,2319,17,59.76896286010742,20.584999084472656
2,3,2319,18,59.790992736816406,20.602310180664062
2,3,2319,19,59.814414978027344,20.62106704711914
2,3,2319,20,59.83736038208008,20.638479232788086
2,3,2320,0,55.29079055786133,23.099889755249023
2,3,2320,1,55.304988861083984,23.108015060424805
2,3,2320,2,55.318843841552734,23.116077423095703
2,3,2320,3,55.332489013671875,23.124624252319336
2,3,2320,4,55.34607696533203,23.13227653503418
2,3,2320,5,55.36021041870117,23.14043617248535
2,3,2320,6,55.37424087524414,23.1485595703125
2,3,2320,7,55.387882232666016,23.156322479248047
2,3,2320,8,55.40224075317383,23.165258407592773
2,3,2320,9,55.41639709472656,23.173160552978516
2,3,2320,10,55.42915344238281,23.18108367919922
2,3,2320,11,55.44391632080078,23.189117431640625
2,3,2320,12,55.45817947387695,23.197509765625
2,3,2320,13,55.47186279296875,23.205120086669922
2,3,2320,14,55.48649215698242,23.213449478149414
2,3,2320,15,55.49964904785156,23.221263885498047
2,3,2320,16,55.51386260986328,23.229982376098633
2,3,2320,17,55.528053283691406,23.23836326599121
2,3,2320,18,55.541419982910156,23.24616050720215
2,3,2320,19,55.556175231933594,23.255403518676758
2,3,2320,20,55.570457458496094,23.263290405273438
2,3,2321,0,52.22184753417969,13.591778755187988
2,3,2321,1,52.242584228515625,13.606181144714355
2,3,2321,2,52.26298141479492,13.62051773071289
2,3,2321,3,52.283172607421875,13.635344505310059
2,3,2321,4,52.303314208984375,13.649272918701172
2,3,2321,5,52.32398986816406,13.663705825805664
2,3,2321,6,52.344566345214844,13.678108215332031
2,3,2321,7,52.36476135253906,13.69215202331543
2,3,2321,8,52.38564682006836,13.70737361907959
2,3,2321,9,52.40635299682617,13.721549034118652
2,3,2321,10,52.4256477355957,13.735749244689941
2,3,2321,11,52.44695281982422,13.75007438659668
2,3,2321,12,52.46775436401367,13.764739036560059
2,3,2321,13,52.48799133300781,13.778629302978516
2,3,2321,14,52.509159088134766,13.793240547180176
2,3,2321,15,52.528865814208984,13.807330131530762
2,3,2321,16,52.549617767333984,13.822332382202148
2,3,2321,17,52.570350646972656,13.83699893951416
2,3,2321,18,52.59026336669922,13.851068496704102
2,3,2321,19,52.611541748046875,13.866596221923828
2,3,2321,20,52.63236999511719,13.880765914916992
2,4,2400,0,48.33562469482422,12.86793327331543
2,4,2400,1,48.35626220703125,12.88325023651123
2,4,2400,2,48.376556396484375,12.898504257202148
2,4,2400,3,48.396644592285156,12.914244651794434
2,4,2400,4,48.41667938232422,12.929091453552246
2,4,2400,5,48.437255859375,12.944441795349121
2,4,2400,6,48.45772933959961,12.959758758544922
2,4,2400,7,48.477821350097656,12.97471809387207
2,4,2400,8,48.49860763549805,12.990848541259766
2,4,2400,9,48.51921081542969,13.005943298339844
2,4,2400,10,48.53840637207031,13.021059036254883
2,4,2400,11,48.55961608886719,13.036299705505371
2,4,2400,12,48.5803108215332,13.051880836486816
2,4,2400,13,48.60044479370117,13.066685676574707
2,4,2400,14,48.621517181396484,13.082212448120117
2,4,2400,15,48.64112091064453,13.097222328186035
2,4,2400,16,48.661773681640625,13.113138198852539
2,4,2400,17,48.682403564453125,13.128718376159668
2,4,2400,18,48.70222091674805,13.143704414367676
2,4,2400,19,48.7234001159668,13.160141944885254
2,4,2400,20,48.74412536621094,13.175228118896484
2,4,2401,0,47.099857330322266,31.676965713500977
2,4,2401,1,47.10922622680664,31.68072509765625
2,4,2401,2,47.11824417114258,31.68442153930664
2,4,2401,3,47.127052307128906,31.6885929107666
2,4,2401,4,47.135799407958984,31.69187355041504
2,4,2401,5,47.14509963989258,31.695667266845703
2,4,2401,6,47.15428924560547,31.699419021606445
2,4,2401,7,47.163089752197266,31.702802658081055
2,4,2401,8,47.172630310058594,31.707368850708008
2,4,2401,9,47.18194580078125,31.710906982421875
2,4,2401,10,47.189857482910156,31.714447021484375
2,4,2401,11,47.19978713989258,31.718109130859375
2,4,2401,12,47.2092170715332,31.722135543823242
2,4,2401,13,47.21805953979492,31.725372314453125
2,4,2401,14,47.22785568237305,31.729333877563477
2,4,2401,15,47.23616027832031,31.732770919799805
2,4,2401,16,47.245540618896484,31.73711585998535
2,4,2401,17,47.25489807128906,31.741119384765625
2,4,2401,18,47.2634162902832,31.744539260864258
2,4,2401,19,47.273345947265625,31.74941635131836
2,4,2401,20,47.28279113769531,31.7529354095459
2,4,2402,0,51.7147331237793,41.30416488647461
2,4,2402,1,51.71335220336914,41.29485321044922
2,4,2402,2,51.711631774902344,41.28547286987305
2,4,2402,3,51.709693908691406,41.27658462524414
2,4,2402,4,51.70769119262695,41.266780853271484
2,4,2402,5,51.70624542236328,41.257503509521484
2,4,2402,6,51.704689025878906,41.2481803894043
2,4,2402,7,51.702735900878906,41.238494873046875
2,4,2402,8,51.701534271240234,41.230003356933594
2,4,2402,9,51.70010757446289,41.220458984375
2,4,2402,10,51.697261810302734,41.2109260559082
2,4,2402,11,51.69644546508789,41.201507568359375
2,4,2402,12,51.69514083862305,41.19246292114258
2,4,2402,13,51.6932258605957,41.18263244628906
2,4,2402,14,51.69227981567383,41.17351531982422
2,4,2402,15,51.689842224121094,41.163875579833984
2,4,2402,16,51.688472747802734,41.155147552490234
2,4,2402,17,51.68708801269531,41.14608383178711
2,4,2402,18,51.684852600097656,41.13642883300781
2,4,2402,19,51.68405532836914,41.12824630737305
2,4,2402,20,51.6827507019043,41.11867904663086
2,4,2403,0,53.843379974365234,19.002769470214844
2,4,2403,1,53.863155364990234,19.01557731628418
2,4,2403,2,53.88258743286133,19.0283203125
2,4,2403,3,53.901817321777344,19.041545867919922
2,4,2403,4,53.92098617553711,19.053878784179688
2,4,2403,5,53.94070053100586,19.06671714782715
2,4,2403,6,53.96030807495117,19.07952308654785
2,4,2403,7,53.97953796386719,19.09196662902832
2,4,2403,8,53.999473571777344,19.105581283569336
2,4,2403,9,54.01920700073242,19.1181640625
2,4,2403,10,54.03754425048828,19.130767822265625
2,4,2403,11,54.05788803100586,19.143489837646484
2,4,2403,12,54.07772445678711,19.156558990478516
2,4,2403,13,54.09699249267578,19.16884994506836
2,4,2403,14,54.1171989440918,19.181865692138672
2,4,2403,15,54.13593673706055,19.194358825683594
2,4,2403,16,54.15573501586914,19.207759857177734
2,4,2403,17,54.175506591796875,19.2208251953125
2,4,2403,18,54.194454193115234,19.233299255371094
2,4,2403,19,54.21478271484375,19.247222900390625
2,4,2403,20,54.23464584350586,19.259796142578125
2,4,2404,0,51.06269073486328,17.81993293762207
2,4,2404,1,51.089263916015625,17.841796875
2,4,2404,2,51.115482330322266,17.86359977722168
2,4,2404,3,51.14149475097656,17.885883331298828
2,4,2404,4,51.167442321777344,17.90727424621582
2,4,2404,5,51.1939582824707,17.92917823791504
2,4,2404,6,51.22035217285156,17.95104217529297
2,4,2404,7,51.24637222290039,17.972532272338867
2,4,2404,8,51.273101806640625,17.995203018188477
2,4,2404,9,51.29962921142578,18.01685333251953
2,4,2404,10,51.32474136352539,18.03851318359375
2,4,2404,11,51.35188674926758,18.060291290283203
2,4,2404,12,51.378517150878906,18.082420349121094
2,4,2404,13,51.404571533203125,18.1037654876709
2,4,2404,14,51.431583404541016,18.125839233398438
2,4,2404,15,51.457096099853516,18.14739990234375
2,4,2404,16,51.48369216918945,18.16986083984375
2,4,2404,17,51.510257720947266,18.191980361938477
2,4,2404,18,51.53598403930664,18.213512420654297
2,4,2404,19,51.56311798095703,18.236494064331055
2,4,2404,20,51.58977508544922,18.258129119873047
2,4,2405,0,59.93788146972656,44.64761734008789
2,4,2405,1,59.95008850097656,44.650691986083984
2,4,2405,2,59.961944580078125,44.65369415283203
2,4,2405,3,59.97358703613281,44.65718078613281
2,4,2405,4,59.985164642333984,44.65977096557617
2,4,2405,5,59.99730682373047,44.66287612915039
2,4,2405,6,60.00933074951172,44.66594314575195
2,4,2405,7,60.02096176147461,44.66862869262695
2,4,2405,8,60.033348083496094,44.672515869140625
2,4,2405,9,60.04549789428711,44.67536163330078
2,4,2405,10,60.05624008178711,44.67821502685547
2,4,2405,11,60.069007873535156,44.68118667602539
2,4,2405,12,60.081275939941406,44.68452453613281
2,4,2405,13,60.09294891357422,44.68707275390625
2,4,2405,14,60.105587005615234,44.69034957885742
2,4,2405,15,60.116722106933594,44.69309616088867
2,4,2405,16,60.128944396972656,44.696754455566406
2,4,2405,17,60.14113998413086,44.700069427490234
2,4,2405,18,60.152488708496094,44.70280075073242
2,4,2405,19,60.16526412963867,44.70698928833008
2,4,2405,20,60.17754364013672,44.70982360839844
2,4,2406,0,46.25894546508789,36.09177780151367
2,4,2406,1,46.263187408447266,36.09043884277344
2,4,2406,2,46.2670783996582,36.08904266357422
2,4,2406,3,46.270755767822266,36.08812713623047
2,4,2406,4,46.27436828613281,36.086307525634766
2,4,2406,5,46.278541564941406,36.08500289916992
2,4,2406,6,46.28260040283203,36.08366394042969
2,4,2406,7,46.2862663269043,36.081947326660156
2,4,2406,8,46.290687561035156,36.08143615722656
2,4,2406,9,46.29487228393555,36.079872131347656
2,4,2406,10,46.29764938354492,36.07832336425781
2,4,2406,11,46.30244827270508,36.076881408691406
2,4,2406,12,46.30675506591797,36.0758171081543
2,4,2406,13,46.31045913696289,36.07395553588867
2,4,2406,14,46.31513214111328,36.07282257080078
2,4,2406,15,46.318302154541016,36.071163177490234
2,4,2406,16,46.32255554199219,36.0704231262207
2,4,2406,17,46.3267822265625,36.069332122802734
2,4,2406,18,46.33016586303711,36.067649841308594
2,4,2406,19,46.334983825683594,36.067447662353516
2,4,2406,20,46.339290618896484,36.06586837768555
2,4,2407,0,49.45794677734375,23.962282180786133
2,4,2407,1,49.46888732910156,23.963760375976562
2,4,2407,2,49.47948455810547,23.96517562866211
2,4,2407,3,49.48987579345703,23.967071533203125
2,4,2407,4,49.50020980834961,23.96807289123535
2,4,2407,5,49.511085510253906,23.96958351135254
2,4,2407,6,49.52185821533203,23.971054077148438
2,4,2407,7,49.5322380065918,23.9721736907959
2,4,2407,8,49.54334259033203,23.97446632385254
2,4,2407,9,49.55424499511719,23.975717544555664
2,4,2407,10,49.56373977661133,23.976985931396484
2,4,2407,11,49.57524490356445,23.978376388549805
2,4,2407,12,49.58625030517578,23.980117797851562
2,4,2407,13,49.5966796875,23.98108673095703
2,4,2407,14,49.60805130004883,23.98276710510254
2,4,2407,15,49.61795425415039,23.98392677307129
2,4,2407,16,49.62890625,23.985994338989258
2,4,2407,17,49.63984298706055,23.987728118896484
2,4,2407,18,49.64995193481445,23.98887062072754
2,4,2407,19,49.66144561767578,23.991470336914062
2,4,2407,20,49.67247009277344,23.992706298828125
2,4,2408,0,53.49859619140625,14.893442153930664
2,4,2408,1,53.51828384399414,14.907659530639648
2,4,2408,2,53.537628173828125,14.921813011169434
2,4,2408,3,53.55677032470703,14.936453819274902
2,4,2408,4,53.57585525512695,14.95019817352295
2,4,2408,5,53.59547805786133,14.964447975158691
2,4,2408,6,53.61500549316406,14.97866439819336
2,4,2408,7,53.63414764404297,14.992522239685059
2,4,2408,8,53.653987884521484,15.00755500793457
2,4,2408,9,53.67363739013672,15.0215482711792
2,4,2408,10,53.69188690185547,15.035561561584473
2,4,2408,11,53.71214294433594,15.049701690673828
2,4,2408,12,53.73189163208008,15.06418228149414
2,4,2408,13,53.751075744628906,15.077885627746582
2,4,2408,14,53.77119827270508,15.09231185913086
2,4,2408,15,53.789852142333984,15.106219291687012
2,4,2408,16,53.80955505371094,15.121034622192383
2,4,2408,17,53.82923889160156,15.135515213012695
2,4,2408,18,53.84810256958008,15.149398803710938
2,4,2408,19,53.86833190917969,15.164738655090332
2,4,2408,20,53.88811111450195,15.178723335266113
2,4,2409,0,52.498069763183594,12.545576095581055
2,4,2409,1,52.521446228027344,12.565524101257324
2,4,2409,2,52.54447555541992,12.585411071777344
2,4,2409,3,52.56730270385742,12.605782508850098
2,4,2409,4,52.5900764465332,12.625259399414062
2,4,2409,5,52.6133918762207,12.645242691040039
2,4,2409,6,52.636600494384766,12.665190696716309
2,4,2409,7,52.65943145751953,12.68477725982666
2,4,2409,8,52.68295669555664,12.705535888671875
2,4,2409,9,52.706298828125,12.725263595581055
2,4,2409,10,52.728233337402344,12.745010375976562
2,4,2409,11,52.752174377441406,12.764883041381836
2,4,2409,12,52.775611877441406,12.785094261169434
2,4,2409,13,52.79848098754883,12.804526329040527
2,4,2409,14,52.822288513183594,12.824685096740723
2,4,2409,15,52.84463119506836,12.844326972961426
2,4,2409,16,52.86802673339844,12.864874839782715
2,4,2409,17,52.891395568847656,12.885085105895996
2,4,2409,18,52.91394805908203,12.904701232910156
2,4,2409,19,52.9378662109375,12.925769805908203
2,4,2409,20,52.96133041381836,12.945488929748535
2,4,2410,0,49.57633972167969,13.5903902053833
2,4,2410,1,49.600730895996094,13.608917236328125
2,4,2410,2,49.62477493286133,13.6273832321167
2,4,2410,3,49.648616790771484,13.646332740783691
2,4,2410,4,49.672401428222656,13.664388656616211
2,4,2410,5,49.69672775268555,13.682950019836426
2,4,2410,6,49.720951080322266,13.701478004455566
2,4,2410,7,49.74479675292969,13.719644546508789
2,4,2410,8,49.76933670043945,13.738980293273926
2,4,2410,9,49.7936897277832,13.75728702545166
2,4,2410,10,49.81664276123047,13.775615692138672
2,4,2410,11,49.84159469604492,13.79406452178955
2,4,2410,12,49.86604309082031,13.812854766845703
2,4,2410,13,49.88992691040039,13.830867767333984
2,4,2410,14,49.91474914550781,13.849605560302734
2,4,2410,15,49.93810272216797,13.867826461791992
2,4,2410,16,49.96250915527344,13.886950492858887
2,4,2410,17,49.98689651489258,13.905738830566406
2,4,2410,18,50.010459899902344,13.923937797546387
2,4,2410,19,50.03539276123047,13.943580627441406
2,4,2410,20,50.05986785888672,13.961878776550293
2,4,2411,0,57.83280944824219,17.217790603637695
2,4,2411,1,57.86499786376953,17.24276351928711
2,4,2411,2,57.89683151245117,17.267675399780273
2,4,2411,3,57.92845916748047,17.29306983947754
2,4,2411,4,57.96002197265625,17.317569732666016
2,4,2411,5,57.992149353027344,17.342578887939453
2,4,2411,6,58.02416229248047,17.3675537109375
2,4,2411,7,58.0557975769043,17.39215660095215
2,4,2411,8,58.088138580322266,17.417936325073242
2,4,2411,9,58.120277404785156,17.44269371032715
2,4,2411,10,58.1510124206543,17.467470169067383
2,4,2411,11,58.18376922607422,17.49236297607422
2,4,2411,12,58.21601486206055,17.51759910583496
2,4,2411,13,58.247684478759766,17.54205322265625
2,4,2411,14,58.28030776977539,17.567241668701172
2,4,2411,15,58.31143569946289,17.5919132232666
2,4,2411,16,58.343650817871094,17.617481231689453
2,4,2411,17,58.37582778930664,17.64271354675293
2,4,2411,18,58.40717315673828,17.667356491088867
2,4,2411,19,58.43991470336914,17.693445205688477
2,4,2411,20,58.472190856933594,17.71819496154785
2,4,2412,0,58.677059173583984,34.637054443359375
2,4,2412,1,58.68272399902344,34.634159088134766
2,4,2412,2,58.688053131103516,34.631202697753906
2,4,2412,3,58.69316864013672,34.62873458862305
2,4,2412,4,58.69822311401367,34.625362396240234
2,4,2412,5,58.70382308959961,34.622501373291016
2,4,2412,6,58.70932388305664,34.619598388671875
2,4,2412,7,58.71442413330078,34.61634063720703
2,4,2412,8,58.72026062011719,34.6142692565918
2,4,2412,9,58.725887298583984,34.61114501953125
2,4,2412,10,58.7301025390625,34.6080436706543
2,4,2412,11,58.736331939697266,34.60504913330078
2,4,2412,12,58.742069244384766,34.60242462158203
2,4,2412,13,58.74721908569336,34.59901428222656
2,4,2412,14,58.75331497192383,34.59632110595703
2,4,2412,15,58.757938385009766,34.59310531616211
2,4,2412,16,58.76361846923828,34.59080505371094
2,4,2412,17,58.76927947998047,34.588165283203125
2,4,2412,18,58.77410888671875,34.58493423461914
2,4,2412,19,58.78034210205078,34.58317184448242
2,4,2412,20,58.78608703613281,34.58002853393555
2,4,2413,0,54.68058776855469,15.256062507629395
2,4,2413,1,54.71879959106445,15.286428451538086
2,4,2413,2,54.75664138793945,15.31673526763916
2,4,2413,3,54.79428482055664,15.347532272338867
2,4,2413,4,54.83184814453125,15.377420425415039
2,4,2413,5,54.8700065612793,15.407829284667969
2,4,2413,6,54.90803527832031,15.438199043273926
2,4,2413,7,54.94568634033203,15.468182563781738
2,4,2413,8,54.98405838012695,15.499378204345703
2,4,2413,9,55.022212982177734,15.529526710510254
2,4,2413,10,55.05894470214844,15.559691429138184
2,4,2413,11,55.09772872924805,15.589970588684082
2,4,2413,12,55.1359977722168,15.620610237121582
2,4,2413,13,55.173675537109375,15.650440216064453
2,4,2413,14,55.21232986450195,15.681025505065918
2,4,2413,15,55.24945831298828,15.711090087890625
2,4,2413,16,55.28770446777344,15.742074012756348
2,4,2413,17,55.32590866088867,15.772704124450684
2,4,2413,18,55.36326217651367,15.802736282348633
2,4,2413,19,55.40204620361328,15.834250450134277
2,4,2413,20,55.44034194946289,15.86439323425293
2,4,2414,0,54.42436599731445,33.00480651855469
2,4,2414,1,54.4373893737793,33.009300231933594
2,4,2414,2,54.45006561279297,33.01373291015625
2,4,2414,3,54.4625358581543,33.01864242553711
2,4,2414,4,54.47494125366211,33.02266311645508
2,4,2414,5,54.4879035949707,33.027191162109375
2,4,2414,6,54.50075149536133,33.031681060791016
2,4,2414,7,54.513214111328125,33.035804748535156
2,4,2414,8,54.526405334472656,33.04111099243164
2,4,2414,9,54.53938293457031,33.04538345336914
2,4,2414,10,54.55095672607422,33.04966735839844
2,4,2414,11,54.56454086303711,33.0540657043457
2,4,2414,12,54.577632904052734,33.0588264465332
2,4,2414,13,54.59012985229492,33.062801361083984
2,4,2414,14,54.60358428955078,33.067501068115234
2,4,2414,15,54.61555480957031,33.071678161621094
2,4,2414,16,54.62859344482422,33.07676315307617
2,4,2414,17,54.64160919189453,33.081504821777344
2,4,2414,18,54.65378952026367,33.08566665649414
2,4,2414,19,54.66737365722656,33.09127426147461
2,4,2414,20,54.68047332763672,33.09553146362305
2,4,2415,0,54.14949417114258,27.095108032226562
2,4,2415,1,54.15973663330078,27.097415924072266
2,4,2415,2,54.16963577270508,27.099658966064453
2,4,2415,3,54.1793327331543,27.102388381958008
2,4,2415,4,54.18896484375,27.104217529296875
2,4,2415,5,54.19913864135742,27.106557846069336
2,4,2415,6,54.20921325683594,27.10886001586914
2,4,2415,7,54.21889877319336,27.11080551147461
2,4,2415,8,54.229305267333984,27.11393165588379
2,4,2415,9,54.239501953125,27.116010665893555
2,4,2415,10,54.2483024597168,27.11810874938965
2,4,2415,11,54.25910568237305,27.12032127380371
2,4,2415,12,54.269412994384766,27.122896194458008
2,4,2415,13,54.27914047241211,27.12468719482422
2,4,2415,14,54.28981399536133,27.127199172973633
2,4,2415,15,54.299015045166016,27.129186630249023
2,4,2415,16,54.30927276611328,27.13208770751953
2,4,2415,17,54.31950759887695,27.1346492767334
2,4,2415,18,54.32891845703125,27.13662338256836
2,4,2415,19,54.3397216796875,27.140058517456055
2,4,2415,20,54.35004425048828,27.142122268676758
2,4,2416,0,52.85991287231445,20.327556610107422
2,4,2416,1,52.87638854980469,20.336105346679688
2,4,2416,2,52.892520904541016,20.344589233398438
2,4,2416,3,52.90845489501953,20.353559494018555
2,4,2416,4,52.92432403564453,20.36163330078125
2,4,2416,5,52.940738677978516,20.370214462280273
2,4,2416,6,52.95704650878906,20.378759384155273
2,4,2416,7,52.97297668457031,20.38694953918457
2,4,2416,8,52.9896125793457,20.39630699157715
2,4,2416,9,53.006046295166016,20.40462875366211
2,4,2416,10,53.021087646484375,20.412973403930664
2,4,2416,11,53.038124084472656,20.42143440246582
2,4,2416,12,53.054664611816406,20.430248260498047
2,4,2416,13,53.07062911987305,20.438282012939453
2,4,2416,14,53.0875358581543,20.44703483581543
2,4,2416,15,53.10297393798828,20.455270767211914
2,4,2416,16,53.119468688964844,20.46441078186035
2,4,2416,17,53.13594055175781,20.473215103149414
2,4,2416,18,53.15159225463867,20.481433868408203
2,4,2416,19,53.16862106323242,20.49109649658203
2,4,2416,20,53.1851806640625,20.499408721923828
2,4,2417,0,51.9305305480957,14.270086288452148
2,4,2417,1,51.962867736816406,14.295942306518555
2,4,2417,2,51.99485397338867,14.321739196777344
2,4,2417,3,52.026634216308594,14.348015785217285
2,4,2417,4,52.058345794677734,14.373403549194336
2,4,2417,5,52.09062957763672,14.399297714233398
2,4,2417,6,52.1227912902832,14.425155639648438
2,4,2417,7,52.154579162597656,14.450643539428711
2,4,2417,8,52.18707275390625,14.477304458618164
2,4,2417,9,52.219364166259766,14.502950668334961
2,4,2417,10,52.250247955322266,14.528609275817871
2,4,2417,11,52.28315353393555,14.554387092590332
2,4,2417,12,52.3155517578125,14.580510139465332
2,4,2417,13,52.347373962402344,14.60584831237793
2,4,2417,14,52.380149841308594,14.631918907165527
2,4,2417,15,52.41143035888672,14.657476425170898
2,4,2417,16,52.44379425048828,14.683929443359375
2,4,2417,17,52.47612762451172,14.71004581451416
2,4,2417,18,52.507625579833984,14.735575675964355
2,4,2417,19,52.5405158996582,14.762545585632324
2,4,2417,20,52.57294464111328,14.788179397583008
2,4,2418,0,51.34001922607422,28.42289924621582
2,4,2418,1,51.35947036743164,28.435964584350586
2,4,2418,2,51.378562927246094,28.44896697998047
2,4,2418,3,51.39744186401367,28.462446212768555
2,4,2418,4,51.416259765625,28.475034713745117
2,4,2418,5,51.435646057128906,28.48813247680664
2,4,2418,6,51.45490646362305,28.501195907592773
2,4,2418,7,51.47378921508789,28.513885498046875
2,4,2418,8,51.493404388427734,28.52775764465332
2,4,2418,9,51.512794494628906,28.54060173034668
2,4,2418,10,51.53077697753906,28.55345916748047
2,4,2418,11,51.5507926940918,28.56642723083496
2,4,2418,12,51.57029724121094,28.57975959777832
2,4,2418,13,51.589210510253906,28.592302322387695
2,4,2418,14,51.60909652709961,28.605575561523438
2,4,2418,15,51.627471923828125,28.618324279785156
2,4,2418,16,51.646934509277344,28.631980895996094
2,4,2418,17,51.66637420654297,28.645292282104492
2,4,2418,18,51.68496322631836,28.658021926879883
2,4,2418,19,51.704978942871094,28.672204971313477
2,4,2418,20,51.72450256347656,28.68503761291504
2,4,2419,0,55.81752014160156,38.456520080566406
2,4,2419,1,55.82047653198242,38.45111846923828
2,4,2419,2,55.823089599609375,38.44565200805664
2,4,2419,3,55.82548904418945,38.440670013427734
2,4,2419,4,55.827823638916016,38.434783935546875
2,4,2419,5,55.83070755004883,38.429412841796875
2,4,2419,6,55.833492279052734,38.42400360107422
2,4,2419,7,55.835872650146484,38.41823196411133
2,4,2419,8,55.8390007019043,38.41365432739258
2,4,2419,9,55.84191131591797,38.40802001953125
2,4,2419,10,55.843406677246094,38.40240478515625
2,4,2419,11,55.846927642822266,38.39690017700195
2,4,2419,12,55.84994888305664,38.39176559448242
2,4,2419,13,55.85237503051758,38.38584899902344
2,4,2419,14,55.85576248168945,38.380645751953125
2,4,2419,15,55.857666015625,38.374916076660156
2,4,2419,16,55.86063003540039,38.37010192871094
2,4,2419,17,55.86357879638672,38.364952087402344
2,4,2419,18,55.865684509277344,38.35920715332031
2,4,2419,19,55.86920928955078,38.35493850708008
2,4,2419,20,55.87224197387695,38.34928512573242
2,4,2420,0,55.271514892578125,11.66358470916748
2,4,2420,1,55.299713134765625,11.687195777893066
2,4,2420,2,55.32756423950195,11.710744857788086
2,4,2420,3,55.3552131652832,11.734781265258789
2,4,2420,4,55.38280487060547,11.757922172546387
2,4,2420,5,55.410945892333984,11.781567573547363
2,4,2420,6,55.4389762878418,11.805180549621582
2,4,2420,7,55.46663284301758,11.82843017578125
2,4,2420,8,55.49497604370117,11.852852821350098
2,4,2420,9,55.52313995361328,11.876243591308594
2,4,2420,10,55.549896240234375,11.899658203125
2,4,2420,11,55.57866287231445,11.923195838928223
2,4,2420,12,55.60691833496094,11.947068214416504
2,4,2420,13,55.63460922241211,11.970165252685547
2,4,2420,14,55.66324234008789,11.993988037109375
2,4,2420,15,55.69040298461914,12.017297744750977
2,4,2420,16,55.718624114990234,12.041509628295898
2,4,2420,17,55.7468147277832,12.065386772155762
2,4,2420,18,55.77418518066406,12.088668823242188
2,4,2420,19,55.80292510986328,12.11340045928955
2,4,2420,20,55.83121109008789,12.136784553527832
2,4,2421,0,61.04917526245117,18.050491333007812
2,4,2421,1,61.07786560058594,18.072586059570312
2,4,2421,2,61.106201171875,18.09461784362793
2,4,2421,3,61.13433837890625,18.11713218688965
2,4,2421,4,61.162410736083984,18.13875389099121
2,4,2421,5,61.1910400390625,18.16088104248047
2,4,2421,6,61.21955871582031,18.1829776763916
2,4,2421,7,61.24769973754883,18.20470428466797
2,4,2421,8,61.276546478271484,18.22760581970215
2,4,2421,9,61.30519104003906,18.249481201171875
2,4,2421,10,61.332435607910156,18.271377563476562
2,4,2421,11,61.3616943359375,18.293394088745117
2,4,2421,12,61.39044189453125,18.315750122070312
2,4,2421,13,61.41862106323242,18.33732795715332
2,4,2421,14,61.44774627685547,18.359636306762695
2,4,2421,15,61.47538757324219,18.381425857543945
2,4,2421,16,61.50410079956055,18.40411376953125
2,4,2421,17,61.53278732299805,18.426471710205078
2,4,2421,18,61.56064224243164,18.44823455810547
2,4,2421,19,61.589881896972656,18.47144317626953
2,4,2421,20,61.61865997314453,18.49331283569336
2,5,2500,0,52.044376373291016,17.695556640625
2,5,2500,1,52.0645751953125,17.707767486572266
2,5,2500,2,52.084434509277344,17.71991539001465
2,5,2500,3,52.10409164428711,17.732547760009766
2,5,2500,4,52.123687744140625,17.744285583496094
2,5,2500,5,52.143821716308594,17.756528854370117
2,5,2500,6,52.163856506347656,17.76873779296875
2,5,2500,7,52.183509826660156,17.780590057373047
2,5,2500,8,52.2038688659668,17.79361343383789
2,5,2500,9,52.22402572631836,17.805599212646484
2,5,2500,10,52.242794036865234,17.817609786987305
2,5,2500,11,52.263553619384766,17.82973861694336
2,5,2500,12,52.283817291259766,17.842212677001953
2,5,2500,13,52.30350875854492,17.853912353515625
2,5,2500,14,52.324134826660156,17.866329193115234
2,5,2500,15,52.343299865722656,17.87822914123535
2,5,2500,16,52.363521575927734,17.891035079956055
2,5,2500,17,52.38371276855469,17.903507232666016
2,5,2500,18,52.40309143066406,17.915388107299805
2,5,2500,19,52.42384338378906,17.92871856689453
2,5,2500,20,52.44412612915039,17.94069480895996
2,5,2501,0,53.69813537597656,17.752553939819336
2,5,2501,1,53.71785354614258,17.765689849853516
2,5,2501,2,53.73723220825195,17.77876091003418
2,5,2501,3,53.756404876708984,17.792316436767578
2,5,2501,4,53.775516510009766,17.804975509643555
2,5,2501,5,53.79517364501953,17.818143844604492
2,5,2501,6,53.81473159790039,17.831275939941406
2,5,2501,7,53.83390426635742,17.84404945373535
2,5,2501,8,53.853782653808594,17.857995986938477
2,5,2501,9,53.87346267700195,17.87090492248535
2,5,2501,10,53.89174270629883,17.88383674621582
2,5,2501,11,53.91203308105469,17.896888732910156
2,5,2501,12,53.93181610107422,17.910287857055664
2,5,2501,13,53.951026916503906,17.92290687561035
2,5,2501,14,53.9711799621582,17.936250686645508
2,5,2501,15,53.989864349365234,17.949073791503906
2,5,2501,16,54.00960159301758,17.962804794311523
2,5,2501,17,54.029319763183594,17.976198196411133
2,5,2501,18,54.048213958740234,17.98900032043457
2,5,2501,19,54.068485260009766,18.003253936767578
2,5,2501,20,54.08829116821289,18.016155242919922
2,5,2502,0,45.67992401123047,41.329673767089844
2,5,2502,1,45.68037796020508,41.3231086730957
2,5,2502,2,45.68048095703125,41.31647491455078
2,5,2502,3,45.68037414550781,41.310333251953125
2,5,2502,4,45.68019485473633,41.30328369140625
2,5,2502,5,45.680580139160156,41.29674530029297
2,5,2502,6,45.680850982666016,41.29017639160156
2,5,2502,7,45.68071746826172,41.283226013183594
2,5,2502,8,45.68136215209961,41.27749252319336
2,5,2502,9,45.681758880615234,41.270694732666016
2,5,2502,10,45.68074417114258,41.263912200927734
2,5,2502,11,45.681758880615234,41.257240295410156
2,5,2502,12,45.68227767944336,41.25094223022461
2,5,2502,13,45.682186126708984,41.24385452270508
2,5,2502,14,45.683074951171875,41.237491607666016
2,5,2502,15,45.68245315551758,41.2306022644043
2,5,2502,16,45.68292236328125,41.22462844848633
2,5,2502,17,45.68336868286133,41.21830749511719
2,5,2502,18,45.68295669555664,41.21139144897461
2,5,2502,19,45.683998107910156,41.205963134765625
2,5,2502,20,45.68452072143555,41.19915008544922
2,5,2503,0,47.07588195800781,10.566570281982422
2,5,2503,1,47.10776901245117,10.593092918395996
2,5,2503,2,47.13930130004883,10.619553565979004
2,5,2503,3,47.17063903808594,10.646500587463379
2,5,2503,4,47.20191192626953,10.672550201416016
2,5,2503,5,47.233741760253906,10.69910717010498
2,5,2503,6,47.26545715332031,10.725630760192871
2,5,2503,7,47.29680252075195,10.751786231994629
2,5,2503,8,47.328834533691406,10.779117584228516
2,5,2503,9,47.360679626464844,10.805421829223633
2,5,2503,10,47.39112091064453,10.831748962402344
2,5,2503,11,47.423580169677734,10.858194351196289
2,5,2503,12,47.45552444458008,10.884978294372559
2,5,2503,13,47.48690414428711,10.910982131958008
2,5,2503,14,47.51922607421875,10.937718391418457
2,5,2503,15,47.55006790161133,10.96394157409668
2,5,2503,16,47.58197784423828,10.99106216430664
2,5,2503,17,47.613861083984375,11.017848014831543
2,5,2503,18,47.64491653442383,11.044041633605957
2,5,2503,19,47.67734909057617,11.071684837341309
2,5,2503,20,47.70932388305664,11.097983360290527
2,5,2504,0,49.93573760986328,13.556946754455566
2,5,2504,1,49.95728302001953,13.57239055633545
2,5,2504,2,49.978485107421875,13.587772369384766
2,5,2504,3,49.99948501586914,13.60364055633545
2,5,2504,4,50.02042770385742,13.618614196777344
2,5,2504,5,50.041908264160156,13.634090423583984
2,5,2504,6,50.063289642333984,13.649535179138184
2,5,2504,7,50.084293365478516,13.664621353149414
2,5,2504,8,50.105987548828125,13.680879592895508
2,5,2504,9,50.12749481201172,13.696100234985352
2,5,2504,10,50.14760208129883,13.711344718933105
2,5,2504,11,50.169715881347656,13.726712226867676
2,5,2504,12,50.19131851196289,13.74241828918457
2,5,2504,13,50.21236038208008,13.75735092163086
2,5,2504,14,50.234336853027344,13.773005485534668
2,5,2504,15,50.25484848022461,13.788141250610352
2,5,2504,16,50.27640914916992,13.804184913635254
2,5,2504,17,50.29794692993164,13.819892883300781
2,5,2504,18,50.318668365478516,13.835005760192871
2,5,2504,19,50.340755462646484,13.851570129394531
2,5,2504,20,50.36238479614258,13.866782188415527
2,5,2505,0,60.277557373046875,35.24445724487305
2,5,2505,1,60.28683853149414,35.242671966552734
2,5,2505,2,60.29578399658203,35.240821838378906
2,5,2505,3,60.30451583862305,35.23945617675781
2,5,2505,4,60.31319046020508,35.23719024658203
2,5,2505,5,60.32240676879883,35.23543930053711
2,5,2505,6,60.33152389526367,35.233642578125
2,5,2505,7,60.34024429321289,35.23149490356445
2,5,2505,8,60.349700927734375,35.23052978515625
2,5,2505,9,60.358943939208984,35.228511810302734
2,5,2505,10,60.36677551269531,35.22651672363281
2,5,2505,11,60.376625061035156,35.224632263183594
2,5,2505,12,60.3859748840332,35.223114013671875
2,5,2505,13,60.39474105834961,35.2208137512207
2,5,2505,14,60.40445327758789,35.21923065185547
2,5,2505,15,60.41269302368164,35.21711730957031
2,5,2505,16,60.421993255615234,35.21592330932617
2,5,2505,17,60.4312744140625,35.214393615722656
2,5,2505,18,60.439720153808594,35.2122688293457
2,5,2505,19,60.4495735168457,35.211612701416016
2,5,2505,20,60.45893096923828,35.20957946777344
2,5,2506,0,47.9069709777832,24.356578826904297
2,5,2506,1,47.925537109375,24.368549346923828
2,5,2506,2,47.94375228881836,24.38045883178711
2,5,2506,3,47.96175765991211,24.39284324645996
2,5,2506,4,47.97969436645508,24.404338836669922
2,5,2506,5,47.99819564819336,24.41634178161621
2,5,2506,6,48.01658248901367,24.42831039428711
2,5,2506,7,48.03458786010742,24.439908981323242
2,5,2506,8,48.053314208984375,24.452682495117188
2,5,2506,9,48.07183074951172,24.464433670043945
2,5,2506,10,48.08893966674805,24.4761962890625
2,5,2506,11,48.10806655883789,24.488075256347656
2,5,2506,12,48.12668991088867,24.50031089782715
2,5,2506,13,48.14472961425781,24.511764526367188
2,5,2506,14,48.16373062133789,24.523941040039062
2,5,2506,15,48.181236267089844,24.535598754882812
2,5,2506,16,48.1998176574707,24.548158645629883
2,5,2506,17,48.21837615966797,24.56037712097168
2,5,2506,18,48.23609161376953,24.5720157623291
2,5,2506,19,48.255218505859375,24.585098266601562
2,5,2506,20,48.273860931396484,24.596834182739258
2,5,2507,0,48.1820068359375,25.147674560546875
2,5,2507,1,48.204124450683594,25.163785934448242
2,5,2507,2,48.22588348388672,25.17983627319336
2,5,2507,3,48.247432708740234,25.196367263793945
2,5,2507,4,48.26891326904297,25.211999893188477
2,5,2507,5,48.29096984863281,25.228147506713867
2,5,2507,6,48.31290054321289,25.2442569732666
2,5,2507,7,48.334449768066406,25.259992599487305
2,5,2507,8,48.35673522949219,25.276920318603516
2,5,2507,9,48.3787956237793,25.292814254760742
2,5,2507,10,48.399444580078125,25.308719635009766
2,5,2507,11,48.42212677001953,25.324737548828125
2,5,2507,12,48.44430160522461,25.34111785888672
2,5,2507,13,48.465885162353516,25.356706619262695
2,5,2507,14,48.488433837890625,25.373027801513672
2,5,2507,15,48.50947952270508,25.38882827758789
2,5,2507,16,48.5316162109375,25.40553855895996
2,5,2507,17,48.55372619628906,25.42190170288086
2,5,2507,18,48.574981689453125,25.43767738342285
2,5,2507,19,48.5976676940918,25.454917907714844
2,5,2507,20,48.61985778808594,25.470796585083008
2,5,2508,0,52.29849624633789,20.506772994995117
2,5,2508,1,52.316139221191406,20.518869400024414
2,5,2508,2,52.333431243896484,20.530906677246094
2,5,2508,3,52.35052490234375,20.543420791625977
2,5,2508,4,52.3675537109375,20.55504608154297
2,5,2508,5,52.3851318359375,20.567180633544922
2,5,2508,6,52.40260696411133,20.57927703857422
2,5,2508,7,52.41969680786133,20.59101104736328
2,5,2508,8,52.4375,20.603914260864258
2,5,2508,9,52.45509719848633,20.615793228149414
2,5,2508,10,52.47129821777344,20.627687454223633
2,5,2508,11,52.489505767822266,20.639699935913086
2,5,2508,12,52.507205963134766,20.652063369750977
2,5,2508,13,52.52433776855469,20.663646697998047
2,5,2508,14,52.54241180419922,20.675954818725586
2,5,2508,15,52.55900955200195,20.687742233276367
2,5,2508,16,52.5766716003418,20.70043182373047
2,5,2508,17,52.59430694580078,20.712785720825195
2,5,2508,18,52.61111831665039,20.72455406188965
2,5,2508,19,52.629310607910156,20.73776626586914
2,5,2508,20,52.647037506103516,20.749631881713867
2,5,2509,0,49.648128509521484,12.733431816101074
2,5,2509,1,49.68195724487305,12.760591506958008
2,5,2509,2,49.715431213378906,12.787692070007324
2,5,2509,3,49.74870300292969,12.815278053283691
2,5,2509,4,49.78190994262695,12.841968536376953
2,5,2509,5,49.815677642822266,12.869165420532227
2,5,2509,6,49.849334716796875,12.89632797241211
2,5,2509,7,49.88261413574219,12.923121452331543
2,5,2509,8,49.916595458984375,12.951090812683105
2,5,2509,9,49.950374603271484,12.978035926818848
2,5,2509,10,49.98275375366211,13.005005836486816
2,5,2509,11,50.01715087890625,13.032085418701172
2,5,2509,12,50.0510368347168,13.05950927734375
2,5,2509,13,50.0843505859375,13.086153984069824
2,5,2509,14,50.11861801147461,13.113527297973633
2,5,2509,15,50.151390075683594,13.140393257141113
2,5,2509,16,50.18524169921875,13.168150901794434
2,5,2509,17,50.21906661987305,13.195575714111328
2,5,2509,18,50.252052307128906,13.222411155700684
2,5,2509,19,50.286434173583984,13.250687599182129
2,5,2509,20,50.32034683227539,13.27762508392334
2,5,2510,0,45.17823028564453,17.043716430664062
2,5,2510,1,45.193023681640625,17.052595138549805
2,5,2510,2,45.20747756958008,17.061412811279297
2,5,2510,3,45.22172927856445,17.07071304321289
2,5,2510,4,45.23591995239258,17.079118728637695
2,5,2510,5,45.250648498535156,17.088031768798828
2,5,2510,6,45.26527786254883,17.096908569335938
2,5,2510,7,45.27952575683594,17.105426788330078
2,5,2510,8,45.29447937011719,17.1151180267334
2,5,2510,9,45.309234619140625,17.12377166748047
2,5,2510,10,45.322593688964844,17.132444381713867
2,5,2510,11,45.337947845458984,17.1412353515625
2,5,2510,12,45.352806091308594,17.150381088256836
2,5,2510,13,45.36709213256836,17.15874481201172
2,5,2510,14,45.3823127746582,17.167829513549805
2,5,2510,15,45.39607238769531,17.176395416259766
2,5,2510,16,45.410888671875,17.185869216918945
2,5,2510,17,45.42567825317383,17.195005416870117
2,5,2510,18,45.43964767456055,17.203550338745117
2,5,2510,19,45.45499801635742,17.21354866027832
2,5,2510,20,45.46987533569336,17.222190856933594
2,5,2511,0,57.55740737915039,10.232850074768066
2,5,2511,1,57.58705139160156,10.25881576538086
2,5,2511,2,57.61635208129883,10.284720420837402
2,5,2511,3,57.645450592041016,10.311115264892578
2,5,2511,4,57.67448806762695,10.336609840393066
2,5,2511,5,57.70407485961914,10.362610816955566
2,5,2511,6,57.73355484008789,10.388578414916992
2,5,2511,7,57.76266098022461,10.414182662963867
2,5,2511,8,57.792449951171875,10.440961837768555
2,5,2511,9,57.82205581665039,10.466706275939941
2,5,2511,10,57.85026550292969,10.49247932434082
2,5,2511,11,57.88047790527344,10.51837158203125
2,5,2511,12,57.910179138183594,10.544598579406738
2,5,2511,13,57.93932342529297,10.570050239562988
2,5,2511,14,57.96940231323242,10.59622859954834
2,5,2511,15,57.99801254272461,10.621896743774414
2,5,2511,16,58.027679443359375,10.648466110229492
2,5,2511,17,58.05731964111328,10.674698829650879
2,5,2511,18,58.08613967895508,10.700336456298828
2,5,2511,19,58.1163215637207,10.727426528930664
2,5,2511,20,58.14605712890625,10.753168106079102
2,5,2512,0,52.24180603027344,16.984312057495117
2,5,2512,1,52.26948928833008,17.005401611328125
2,5,2512,2,52.29682159423828,17.02642822265625
2,5,2512,3,52.323951721191406,17.047935485839844
2,5,2512,4,52.35101318359375,17.06855010986328
2,5,2512,5,52.378639221191406,17.08967399597168
2,5,2512,6,52.40614700317383,17.110763549804688
2,5,2512,7,52.43328094482422,17.13148307800293
2,5,2512,8,52.46112060546875,17.153377532958984
2,5,2512,9,52.4887580871582,17.17424774169922
2,5,2512,10,52.514991760253906,17.19513702392578
2,5,2512,11,52.543243408203125,17.21614646911621
2,5,2512,12,52.570987701416016,17.237497329711914
2,5,2512,13,52.59815979003906,17.25806999206543
2,5,2512,14,52.626277923583984,17.279373168945312
2,5,2512,15,52.65291213989258,17.300153732299805
2,5,2512,16,52.68061447143555,17.321834564208984
2,5,2512,17,52.70829391479492,17.343183517456055
2,5,2512,18,52.73514175415039,17.363941192626953
2,5,2512,19,52.76337814331055,17.386144638061523
2,5,2512,20,52.7911491394043,17.407007217407227
2,5,2513,0,56.117095947265625,33.75276184082031
2,5,2513,1,56.12675857543945,33.753501892089844
2,5,2513,2,56.13608169555664,33.754180908203125
2,5,2513,3,56.14519500732422,33.755348205566406
2,5,2513,4,56.15424346923828,33.755611419677734
2,5,2513,5,56.163841247558594,33.756385803222656
2,5,2513,6,56.17333221435547,33.75712203979492
2,5,2513,7,56.182430267333984,33.75749588012695
2,5,2513,8,56.192264556884766,33.759056091308594
2,5,2513,9,56.20188522338867,33.75957107543945
2,5,2513,10,56.21009826660156,33.76010513305664
2,5,2513,11,56.22032165527344,33.760746002197266
2,5,2513,12,56.23005294799805,33.76175308227539
2,5,2513,13,56.239192962646484,33.76197814941406
2,5,2513,14,56.24928665161133,33.76292037963867
2,5,2513,15,56.257904052734375,33.763343811035156
2,5,2513,16,56.267581939697266,33.764678955078125
2,5,2513,17,56.27723693847656,33.76567459106445
2,5,2513,18,56.28606033325195,33.76607894897461
2,5,2513,19,56.29629135131836,33.76795196533203
2,5,2513,20,56.3060302734375,33.7684440612793
2,5,2514,0,49.62234878540039,17.71074104309082
2,5,2514,1,49.638092041015625,17.719966888427734
2,5,2514,2,49.65349578857422,17.7291259765625
2,5,2514,3,49.668697357177734,17.738771438598633
2,5,2514,4,49.683837890625,17.747522354125977
2,5,2514,5,49.699520111083984,17.756778717041016
2,5,2514,6,49.7150993347168,17.766000747680664
2,5,2514,7,49.73029327392578,17.774866104125977
2,5,2514,8,49.74619674682617,17.784902572631836
2,5,2514,9,49.761905670166016,17.793901443481445
2,5,2514,10,49.776214599609375,17.802921295166016
2,5,2514,11,49.792518615722656,17.812061309814453
2,5,2514,12,49.80833053588867,17.821552276611328
2,5,2514,13,49.82356643676758,17.830265045166016
2,5,2514,14,49.83974075317383,17.83969497680664
2,5,2514,15,49.85445022583008,17.84860610961914
2,5,2514,16,49.870216369628906,17.858423233032227
2,5,2514,17,49.885955810546875,17.86790657043457
2,5,2514,18,49.90087890625,17.876798629760742
2,5,2514,19,49.91717529296875,17.887142181396484
2,5,2514,20,49.933006286621094,17.896129608154297
2,5,2515,0,55.0261116027832,20.857574462890625
2,5,2515,1,55.04167556762695,20.86595344543457
2,5,2515,2,55.0568962097168,20.874269485473633
2,5,2515,3,55.07191467285156,20.883068084716797
2,5,2515,4,55.08687210083008,20.890972137451172
2,5,2515,5,55.10237121582031,20.899383544921875
2,5,2515,6,55.11777114868164,20.907760620117188
2,5,2515,7,55.132781982421875,20.91577911376953
2,5,2515,8,55.148502349853516,20.924970626831055
2,5,2515,9,55.16402816772461,20.933122634887695
2,5,2515,10,55.17815399169922,20.941295623779297
2,5,2515,11,55.19427490234375,20.949586868286133
2,5,2515,12,55.20990753173828,20.958232879638672
2,5,2515,13,55.22496032714844,20.966096878051758
2,5,2515,14,55.24095153808594,20.974679946899414
2,5,2515,15,55.25547790527344,20.982744216918945
2,5,2515,16,55.271060943603516,20.991718292236328
2,5,2515,17,55.286617279052734,21.000354766845703
2,5,2515,18,55.30135726928711,21.00840187072754
2,5,2515,19,55.317474365234375,21.017900466918945
2,5,2515,20,55.3331184387207,21.026042938232422
2,5,2516,0,54.718326568603516,8.971648216247559
2,5,2516,1,54.74529266357422,8.995416641235352
2,5,2516,2,54.771915435791016,9.019124984741211
2,5,2516,3,54.79833221435547,9.043323516845703
2,5,2516,4,54.8246955871582,9.066624641418457
2,5,2516,5,54.85160446166992,9.09042739868164
2,5,2516,6,54.87840270996094,9.11419677734375
2,5,2516,7,54.90483093261719,9.137608528137207
2,5,2516,8,54.93193817138672,9.162193298339844
2,5,2516,9,54.95886993408203,9.18574047088623
2,5,2516,10,54.98439025878906,9.209317207336426
2,5,2516,11,55.01192855834961,9.233014106750488
2,5,2516,12,55.03895568847656,9.257044792175293
2,5,2516,13,55.0654182434082,9.28030014038086
2,5,2516,14,55.09281539916992,9.304281234741211
2,5,2516,15,55.118751525878906,9.327749252319336
2,5,2516,16,55.14573287963867,9.352123260498047
2,5,2516,17,55.172691345214844,9.376161575317383
2,5,2516,18,55.19883346557617,9.399603843688965
2,5,2516,19,55.2263298034668,9.4244966506958
2,5,2516,20,55.253387451171875,9.448040962219238
2,5,2517,0,58.226924896240234,36.801795959472656
2,5,2517,1,58.24073791503906,36.81078338623047
2,5,2517,2,58.25419998168945,36.81970977783203
2,5,2517,3,58.267452239990234,36.8291130065918
2,5,2517,4,58.2806396484375,36.837623596191406
2,5,2517,5,58.29439163208008,36.846641540527344
2,5,2517,6,58.308021545410156,36.85562515258789
2,5,2517,7,58.321266174316406,36.864234924316406
2,5,2517,8,58.33525085449219,36.8740348815918
2,5,2517,9,58.34901428222656,36.8828010559082
2,5,2517,10,58.361366271972656,36.89157485961914
2,5,2517,11,58.37574005126953,36.90046310424805
2,5,2517,12,58.389617919921875,36.90971755981445
2,5,2517,13,58.402896881103516,36.91817855834961
2,5,2517,14,58.417144775390625,36.927371978759766
2,5,2517,15,58.429893493652344,36.93604278564453
2,5,2517,16,58.4437255859375,36.94562530517578
2,5,2517,17,58.4575309753418,36.954856872558594
2,5,2517,18,58.47049331665039,36.96350860595703
2,5,2517,19,58.4848747253418,36.97361755371094
2,5,2517,20,58.49876403808594,36.98236846923828
2,5,2518,0,51.47023010253906,26.8802433013916
2,5,2518,1,51.480865478515625,26.88350486755371
2,5,2518,2,51.491153717041016,26.886701583862305
2,5,2518,3,51.50123977661133,26.890382766723633
2,5,2518,4,51.511260986328125,26.893165588378906
2,5,2518,5,51.521827697753906,26.896459579467773
2,5,2518,6,51.53229522705078,26.899715423583984
2,5,2518,7,51.5423698425293,26.902610778808594
2,5,2518,8,51.553165435791016,26.906686782836914
2,5,2518,9,51.56375503540039,26.909719467163086
2,5,2518,10,51.57294845581055,26.912771224975586
2,5,2518,11,51.58414077758789,26.915935516357422
2,5,2518,12,51.59484100341797,26.919464111328125
2,5,2518,13,51.604957580566406,26.92220687866211
2,5,2518,14,51.61601638793945,26.925670623779297
2,5,2518,15,51.6256103515625,26.928613662719727
2,5,2518,16,51.636260986328125,26.932466506958008
2,5,2518,17,51.64688491821289,26.935977935791016
2,5,2518,18,51.65668487548828,26.938905715942383
2,5,2518,19,51.66788101196289,26.94329071044922
2,5,2518,20,51.678592681884766,26.946308135986328
2,5,2519,0,57.50513458251953,18.130891799926758
2,5,2519,1,57.529388427734375,18.14928436279297
2,5,2519,2,57.55329132080078,18.167617797851562
2,5,2519,3,57.57699203491211,18.186433792114258
2,5,2519,4,57.60062789916992,18.20435333251953
2,5,2519,5,57.62481689453125,18.222780227661133
2,5,2519,6,57.64889907836914,18.241174697875977
2,5,2519,7,57.67259979248047,18.25920295715332
2,5,2519,8,57.6970100402832,18.27840232849121
2,5,2519,9,57.72121810913086,18.29657554626465
2,5,2519,10,57.74402618408203,18.31477165222168
2,5,2519,11,57.76884078979492,18.333080291748047
2,5,2519,12,57.793155670166016,18.35173797607422
2,5,2519,13,57.816890716552734,18.369617462158203
2,5,2519,14,57.84157943725586,18.388219833374023
2,5,2519,15,57.864784240722656,18.406309127807617
2,5,2519,16,57.889060974121094,18.425296783447266
2,5,2519,17,57.913307189941406,18.443950653076172
2,5,2519,18,57.93672561645508,18.46201515197754
2,5,2519,19,57.96153259277344,18.481523513793945
2,5,2519,20,57.985870361328125,18.49968719482422
2,5,2520,0,53.04537582397461,31.196887969970703
2,5,2520,1,53.0589485168457,31.202911376953125
2,5,2520,2,53.07217025756836,31.208873748779297
2,5,2520,3,53.085182189941406,31.215312957763672
2,5,2520,4,53.09813690185547,31.220863342285156
2,5,2520,5,53.11164093017578,31.22692108154297
2,5,2520,6,53.12503433227539,31.232942581176758
2,5,2520,7,53.13804626464844,31.238597869873047
2,5,2520,8,53.15177917480469,31.24542808532715
2,5,2520,9,53.165306091308594,31.251232147216797
2,5,2520,10,53.17742156982422,31.257047653198242
2,5,2520,11,53.19155502319336,31.26297950744629
2,5,2520,12,53.20518493652344,31.269268035888672
2,5,2520,13,53.21823501586914,31.274778366088867
2,5,2520,14,53.232234954833984,31.281005859375
2,5,2520,15,53.2447509765625,31.28671646118164
2,5,2520,16,53.25833511352539,31.2933292388916
2,5,2520,17,53.27189636230469,31.29960060119629
2,5,2520,18,53.28462219238281,31.305294036865234
2,5,2520,19,53.29875183105469,31.31243133544922
2,5,2520,20,53.31239700317383,31.318220138549805
2,5,2521,0,54.66401672363281,31.026941299438477
2,5,2521,1,54.67550277709961,31.032367706298828
2,5,2521,2,54.68663787841797,31.037731170654297
2,5,2521,3,54.69756317138672,31.043575286865234
2,5,2521,4,54.70842742919922,31.04852867126465
2,5,2521,5,54.7198486328125,31.05398941040039
2,5,2521,6,54.73115539550781,31.059412002563477
2,5,2521,7,54.7420768737793,31.064472198486328
2,5,2521,8,54.75373077392578,31.070703506469727
2,5,2521,9,54.765167236328125,31.075910568237305
2,5,2521,10,54.77519607543945,31.08112907409668
2,5,2521,11,54.78725051879883,31.086463928222656
2,5,2521,12,54.798797607421875,31.0921573638916
2,5,2521,13,54.809757232666016,31.097068786621094
2,5,2521,14,54.821678161621094,31.102699279785156
2,5,2521,15,54.83210754394531,31.107810974121094
2,5,2521,16,54.84360885620117,31.113826751708984
2,5,2521,17,54.85508728027344,31.119503021240234
2,5,2521,18,54.865726470947266,31.12459945678711
2,5,2521,19,54.87778091430664,31.131141662597656
2,5,2521,20,54.88934326171875,31.136333465576172
2,6,2600,0,50.35031509399414,13.779631614685059
2,6,2600,1,50.38310623168945,13.80601978302002
2,6,2600,2,50.4155387878418,13.832348823547363
2,6,2600,3,50.44777297973633,13.859159469604492
2,6,2600,4,50.47993469238281,13.885078430175781
2,6,2600,5,50.51266860961914,13.911504745483398
2,6,2600,6,50.54528045654297,13.937893867492676
2,6,2600,7,50.57752227783203,13.963913917541504
2,6,2600,8,50.61046600341797,13.991108894348145
2,6,2600,9,50.64320373535156,14.017285346984863
2,6,2600,10,50.67454147338867,14.043477058410645
2,6,2600,11,50.70790100097656,14.069784164428711
2,6,2600,12,50.740745544433594,14.096437454223633
2,6,2600,13,50.77302169799805,14.122307777404785
2,6,2600,14,50.80624771118164,14.148909568786621
2,6,2600,15,50.83797836303711,14.174999237060547
2,6,2600,16,50.870792388916016,14.201984405517578
2,6,2600,17,50.9035758972168,14.22863483428955
2,6,2600,18,50.935523986816406,14.254695892333984
2,6,2600,19,50.968868255615234,14.28219985961914
2,6,2600,20,51.00174331665039,14.308363914489746
2,6,2601,0,46.22868347167969,18.791288375854492
2,6,2601,1,46.24643325805664,18.801708221435547
2,6,2601,2,46.26383590698242,18.812068939208984
2,6,2601,3,46.281036376953125,18.822908401489258
2,6,2601,4,46.29817581176758,18.83285903930664
2,6,2601,5,46.31585693359375,18.843313217163086
2,6,2601,6,46.333438873291016,18.85373306274414
2,6,2601,7,46.35063934326172,18.863794326782227
2,6,2601,8,46.36854553222656,18.87502098083496
2,6,2601,9,46.38624954223633,18.885221481323242
2,6,2601,10,46.402557373046875,18.89544105529785
2,6,2601,11,46.420867919921875,18.90577507019043
2,6,2601,12,46.43867874145508,18.916460037231445
2,6,2601,13,46.45591735839844,18.926366806030273
2,6,2601,14,46.47409439086914,18.936994552612305
2,6,2601,15,46.49079895019531,18.947105407714844
2,6,2601,16,46.50856399536133,18.958118438720703
2,6,2601,17,46.526302337646484,18.968795776367188
2,6,2601,18,46.54322052001953,18.9788875579834
2,6,2601,19,46.561519622802734,18.990421295166016
2,6,2601,20,46.57935333251953,19.000608444213867
2,6,2602,0,54.18650817871094,14.698697090148926
2,6,2602,1,54.212059020996094,14.720195770263672
2,6,2602,2,54.23725509643555,14.741628646850586
2,6,2602,3,54.26225280761719,14.76354694366455
2,6,2602,4,54.28718566894531,14.784567832946777
2,6,2602,5,54.31267547607422,14.806099891662598
2,6,2602,6,54.338050842285156,14.827596664428711
2,6,2602,7,54.36305236816406,14.848726272583008
2,6,2602,8,54.38875961303711,14.871030807495117
2,6,2602,9,54.41426467895508,14.89230728149414
2,6,2602,10,54.4383659362793,14.913601875305176
2,6,2602,11,54.464481353759766,14.93502140045166
2,6,2602,12,54.490089416503906,14.956780433654785
2,6,2602,13,54.5151252746582,14.977758407592773
2,6,2602,14,54.54111099243164,14.999469757080078
2,6,2602,15,54.56561279296875,15.020657539367676
2,6,2602,16,54.591182708740234,15.042753219604492
2,6,2602,17,54.616729736328125,15.064510345458984
2,6,2602,18,54.641441345214844,15.085673332214355
2,6,2602,19,54.667545318603516,15.108291625976562
2,6,2602,20,54.693180084228516,15.129562377929688
2,6,2603,0,45.60711669921875,33.04220962524414
2,6,2603,1,45.60984420776367,33.03628921508789
2,6,2603,2,45.61223220825195,33.03030776977539
2,6,2603,3,45.614402770996094,33.02481460571289
2,6,2603,4,45.616512298583984,33.018409729003906
2,6,2603,5,45.619171142578125,33.01252365112305
2,6,2603,6,45.621726989746094,33.00659942626953
2,6,2603,7,45.62388229370117,33.00031280517578
2,6,2603,8,45.62678909301758,32.99522018432617
2,6,2603,9,45.62946701049805,32.98906326293945
2,6,2603,10,45.6307373046875,32.982933044433594
2,6,2603,11,45.634029388427734,32.97690963745117
2,6,2603,12,45.63682556152344,32.97126007080078
2,6,2603,13,45.6390266418457,32.96482467651367
2,6,2603,14,45.64218521118164,32.9591064453125
2,6,2603,15,45.64385986328125,32.95286178588867
2,6,2603,16,45.64659881591797,32.947532653808594
2,6,2603,17,45.64931869506836,32.941864013671875
2,6,2603,18,45.65119934082031,32.93560791015625
2,6,2603,19,45.65449905395508,32.93082046508789
2,6,2603,20,45.65730285644531,32.924652099609375
2,6,2604,0,47.51035690307617,26.99140167236328
2,6,2604,1,47.52442169189453,27.001455307006836
2,6,2604,2,47.53813552856445,27.011444091796875
2,6,2604,3,47.5516357421875,27.021913528442383
2,6,2604,4,47.56507110595703,27.031490325927734
2,6,2604,5,47.579071044921875,27.041574478149414
2,6,2604,6,47.59295654296875,27.051624298095703
2,6,2604,7,47.60645294189453,27.061302185058594
2,6,2604,8,47.62068557739258,27.072162628173828
2,6,2604,9,47.63469696044922,27.081993103027344
2,6,2604,10,47.647300720214844,27.091835021972656
2,6,2604,11,47.66192626953125,27.101787567138672
2,6,2604,12,47.67605209350586,27.11210823059082
2,6,2604,13,47.6895866394043,27.121641159057617
2,6,2604,14,47.70408630371094,27.13189697265625
2,6,2604,15,47.71708297729492,27.141632080078125
2,6,2604,16,47.731163024902344,27.15227699279785
2,6,2604,17,47.745216369628906,27.162574768066406
2,6,2604,18,47.75843048095703,27.172292709350586
2,6,2604,19,47.7730598449707,27.18346405029297
2,6,2604,20,47.78719711303711,27.193279266357422
2,6,2605,0,62.256412506103516,31.147356033325195
2,6,2605,1,62.2741813659668,31.155948638916016
2,6,2605,2,62.291603088378906,31.164478302001953
2,6,2605,3,62.30881881713867,31.173484802246094
2,6,2605,4,62.32597351074219,31.181604385375977
2,6,2605,5,62.34367752075195,31.190231323242188
2,6,2605,6,62.36127471923828,31.198820114135742
2,6,2605,7,62.37849044799805,31.207048416137695
2,6,2605,8,62.39642333984375,31.216442108154297
2,6,2605,9,62.414146423339844,31.22481346130371
2,6,2605,10,62.43046951293945,31.233200073242188
2,6,2605,11,62.44880294799805,31.241703033447266
2,6,2605,12,62.466636657714844,31.250558853149414
2,6,2605,13,62.48388671875,31.25864028930664
2,6,2605,14,62.5020866394043,31.267436981201172
2,6,2605,15,62.518802642822266,31.27571678161621
2,6,2605,16,62.536590576171875,31.284894943237305
2,6,2605,17,62.554351806640625,31.293739318847656
2,6,2605,18,62.571285247802734,31.302001953125
2,6,2605,19,62.5896110534668,31.31170082092285
2,6,2605,20,62.607460021972656,31.32006072998047
2,6,2606,0,54.32942581176758,41.43244934082031
2,6,2606,1,54.32831573486328,41.42363357543945
2,6,2606,2,54.32686996459961,41.414756774902344
2,6,2606,3,54.32520294189453,41.40636444091797
2,6,2606,4,54.3234748840332,41.39706802368164
2,6,2606,5,54.322296142578125,41.38829040527344
2,6,2606,6,54.32101821899414,41.37946319580078
2,6,2606,7,54.319332122802734,41.37028121948242
2,6,2606,8,54.31840515136719,41.36228942871094
2,6,2606,9,54.3172492980957,41.353248596191406
2,6,2606,10,54.314674377441406,41.34421157836914
2,6,2606,11,54.31413269042969,41.335296630859375
2,6,2606,12,54.31309509277344,41.32675552368164
2,6,2606,13,54.311458587646484,41.317420959472656
2,6,2606,14,54.31078338623047,41.308807373046875
2,6,2606,15,54.308616638183594,41.29966735839844
2,6,2606,16,54.30752182006836,41.291439056396484
2,6,2606,17,54.30640411376953,41.282875061035156
2,6,2606,18,54.304443359375,41.27371597290039
2,6,2606,19,54.303916931152344,41.26603698730469
2,6,2606,20,54.30288314819336,41.2569694519043
2,6,2607,0,47.7587890625,24.973621368408203
2,6,2607,1,47.767555236816406,24.97336196899414
2,6,2607,2,47.77598571777344,24.973039627075195
2,6,2607,3,47.78419876098633,24.97319793701172
2,6,2607,4,47.792362213134766,24.97245979309082
2,6,2607,5,47.80106735229492,24.972232818603516
2,6,2607,6,47.809669494628906,24.971965789794922
2,6,2607,7,47.81787872314453,24.971345901489258
2,6,2607,8,47.826812744140625,24.97190284729004
2,6,2607,9,47.83554458618164,24.971416473388672
2,6,2607,10,47.84286117553711,24.970943450927734
2,6,2607,11,47.852195739746094,24.970590591430664
2,6,2607,12,47.86103439331055,24.970598220825195
2,6,2607,13,47.86928939819336,24.969823837280273
2,6,2607,14,47.87849044799805,24.969768524169922
2,6,2607,15,47.88621520996094,24.969186782836914
2,6,2607,16,47.89500045776367,24.96951675415039
2,6,2607,17,47.90376281738281,24.969512939453125
2,6,2607,18,47.91169738769531,24.968914031982422
2,6,2607,19,47.921024322509766,24.96978187561035
2,6,2607,20,47.929874420166016,24.969276428222656
2,6,2608,0,53.46535873413086,29.540769577026367
2,6,2608,1,53.47552490234375,29.542694091796875
2,6,2608,2,53.4853515625,29.544557571411133
2,6,2608,3,53.49496841430664,29.546905517578125
2,6,2608,4,53.50452423095703,29.548355102539062
2,6,2608,5,53.514625549316406,29.55031394958496
2,6,2608,6,53.52462387084961,29.55223274230957
2,6,2608,7,53.53422927856445,29.553794860839844
2,6,2608,8,53.54456329345703,29.556535720825195
2,6,2608,9,53.554683685302734,29.55823516845703
2,6,2608,10,53.56340789794922,29.559953689575195
2,6,2608,11,53.57413864135742,29.561782836914062
2,6,2608,12,53.58436965942383,29.563976287841797
2,6,2608,13,53.59402084350586,29.565383911132812
2,6,2608,14,53.6046142578125,29.5675106048584
2,6,2608,15,53.613739013671875,29.569120407104492
2,6,2608,16,53.62392044067383,29.571638107299805
2,6,2608,17,53.63408279418945,29.57381820678711
2,6,2608,18,53.64341354370117,29.575408935546875
2,6,2608,19,53.654144287109375,29.57845687866211
2,6,2608,20,53.66438674926758,29.58013916015625
2,6,2609,0,48.510292053222656,28.842777252197266
2,6,2609,1,48.51466751098633,28.839263916015625
2,6,2609,2,48.518707275390625,28.8356876373291
2,6,2609,3,48.52253341674805,28.832597732543945
2,6,2609,4,48.52629852294922,28.828603744506836
2,6,2609,5,48.53060531616211,28.825122833251953
2,6,2609,6,48.53481674194336,28.82160186767578
2,6,2609,7,48.53862762451172,28.81772232055664
2,6,2609,8,48.54317855834961,28.815031051635742
2,6,2609,9,48.54751205444336,28.81128692626953
2,6,2609,10,48.550437927246094,28.807559967041016
2,6,2609,11,48.555381774902344,28.8039493560791
2,6,2609,12,48.55982971191406,28.800704956054688
2,6,2609,13,48.56368637084961,28.796676635742188
2,6,2609,14,48.5684928894043,28.793363571166992
2,6,2609,15,48.57182693481445,28.78952407836914
2,6,2609,16,48.57621765136719,28.786602020263672
2,6,2609,17,48.58059310913086,28.783344268798828
2,6,2609,18,48.584129333496094,28.779491424560547
2,6,2609,19,48.589073181152344,28.777109146118164
2,6,2609,20,48.59353256225586,28.773347854614258
2,6,2610,0,51.031776428222656,33.36335754394531
2,6,2610,1,51.03532409667969,33.357662200927734
2,6,2610,2,51.03852844238281,33.351898193359375
2,6,2610,3,51.04152297973633,33.346622467041016
2,6,2610,4,51.044456481933594,33.34043884277344
2,6,2610,5,51.047935485839844,33.33477020263672
2,6,2610,6,51.05131149291992,33.329063415527344
2,6,2610,7,51.054290771484375,33.323001861572266
2,6,2610,8,51.058013916015625,33.31812286376953
2,6,2610,9,51.06151580810547,33.312191009521484
2,6,2610,10,51.063602447509766,33.306278228759766
2,6,2610,11,51.067718505859375,33.300479888916016
2,6,2610,12,51.07133483886719,33.29505157470703
2,6,2610,13,51.07435607910156,33.28883743286133
2,6,2610,14,51.078338623046875,33.2833366394043
2,6,2610,15,51.080833435058594,33.27730941772461
2,6,2610,16,51.08439636230469,33.27220153808594
2,6,2610,17,51.08793640136719,33.26675796508789
2,6,2610,18,51.09063720703125,33.26071548461914
2,6,2610,19,51.094757080078125,33.25614929199219
2,6,2610,20,51.09838104248047,33.25020217895508
2,6,2611,0,57.862152099609375,33.44097137451172
2,6,2611,1,57.86975860595703,33.43980407714844
2,6,2611,2,57.87702560424805,33.438575744628906
2,6,2611,3,57.88408279418945,33.43783187866211
2,6,2611,4,57.89107894897461,33.436187744140625
2,6,2611,5,57.89862060546875,33.435054779052734
2,6,2611,6,57.90605926513672,33.43388366699219
2,6,2611,7,57.91310119628906,33.432350158691406
2,6,2611,8,57.92087936401367,33.4320068359375
2,6,2611,9,57.928443908691406,33.43061065673828
2,6,2611,10,57.93460464477539,33.429237365722656
2,6,2611,11,57.942771911621094,33.42797088623047
2,6,2611,12,57.95044708251953,33.42707061767578
2,6,2611,13,57.95753479003906,33.42538833618164
2,6,2611,14,57.965572357177734,33.42442321777344
2,6,2611,15,57.972137451171875,33.422935485839844
2,6,2611,16,57.979759216308594,33.42236328125
2,6,2611,17,57.98735809326172,33.421451568603516
2,6,2611,18,57.9941291809082,33.41994857788086
2,6,2611,19,58.00230407714844,33.41991424560547
2,6,2611,20,58.009986877441406,33.41849899291992
2,6,2612,0,56.480918884277344,23.82901382446289
2,6,2612,1,56.499027252197266,23.839597702026367
2,6,2612,2,56.516788482666016,23.850120544433594
2,6,2612,3,56.53434371948242,23.861122131347656
2,6,2612,4,56.551841735839844,23.871232986450195
2,6,2612,5,56.56988525390625,23.881851196289062
2,6,2612,6,56.58782196044922,23.89243507385254
2,6,2612,7,56.605377197265625,23.90265464782715
2,6,2612,8,56.6236457824707,23.914045333862305
2,6,2612,9,56.6417121887207,23.924409866333008
2,6,2612,10,56.65837478637695,23.934789657592773
2,6,2612,11,56.67705154418945,23.945287704467773
2,6,2612,12,56.695220947265625,23.95613670349121
2,6,2612,13,56.71281433105469,23.96620750427246
2,6,2612,14,56.73135757446289,23.976999282836914
2,6,2612,15,56.74842071533203,23.987272262573242
2,6,2612,16,56.766544342041016,23.99844741821289
2,6,2612,17,56.78464889526367,24.009288787841797
2,6,2612,18,56.80192184448242,24.019542694091797
2,6,2612,19,56.820587158203125,24.031240463256836
2,6,2612,20,56.83877944946289,24.04159164428711
2,6,2613,0,53.33808135986328,40.138057708740234
2,6,2613,1,53.342838287353516,40.1358528137207
2,6,2613,2,53.347251892089844,40.133583068847656
2,6,2613,3,53.35144805908203,40.131797790527344
2,6,2613,4,53.3555793762207,40.129112243652344
2,6,2613,5,53.36027145385742,40.1269416809082
2,6,2613,6,53.36485290527344,40.124732971191406
2,6,2613,7,53.36903381347656,40.122154235839844
2,6,2613,8,53.37397003173828,40.12076950073242
2,6,2613,9,53.37867736816406,40.11833572387695
2,6,2613,10,53.38197326660156,40.11592483520508
2,6,2613,11,53.38729476928711,40.11361312866211
2,6,2613,12,53.392120361328125,40.11167907714844
2,6,2613,13,53.39634323120117,40.10895538330078
2,6,2613,14,53.40153503417969,40.10695266723633
2,6,2613,15,53.40522766113281,40.104427337646484
2,6,2613,16,53.409996032714844,40.102813720703125
2,6,2613,17,53.41474533081055,40.10085678100586
2,6,2613,18,53.41865158081055,40.09831237792969
2,6,2613,19,53.423980712890625,40.097232818603516
2,6,2613,20,53.42881393432617,40.094783782958984
2,6,2614,0,53.836936950683594,22.735963821411133
2,6,2614,1,53.85589599609375,22.749765396118164
2,6,2614,2,53.874507904052734,22.763505935668945
2,6,2614,3,53.89291000366211,22.777727127075195
2,6,2614,4,53.911251068115234,22.791053771972656
2,6,2614,5,53.93014907836914,22.80489158630371
2,6,2614,6,53.94893264770508,22.818693161010742
2,6,2614,7,53.967342376708984,22.83212661743164
2,6,2614,8,53.9864616394043,22.84673500061035
2,6,2614,9,54.005374908447266,22.86031723022461
2,6,2614,10,54.02288055419922,22.873912811279297
2,6,2614,11,54.04240798950195,22.88762855529785
2,6,2614,12,54.06142807006836,22.901695251464844
2,6,2614,13,54.07986831665039,22.914981842041016
2,6,2614,14,54.09926223754883,22.928991317749023
2,6,2614,15,54.11717224121094,22.942481994628906
2,6,2614,16,54.13615036010742,22.95687484741211
2,6,2614,17,54.15510559082031,22.970932006835938
2,6,2614,18,54.17322540283203,22.98440170288086
2,6,2614,19,54.19274139404297,22.999319076538086
2,6,2614,20,54.2117805480957,23.012889862060547
2,6,2615,0,58.706241607666016,11.9649658203125
2,6,2615,1,58.73496627807617,11.990141868591309
2,6,2615,2,58.763343811035156,12.015254974365234
2,6,2615,3,58.79151916503906,12.040857315063477
2,6,2615,4,58.819637298583984,12.065559387207031
2,6,2615,5,58.848304748535156,12.09076976776123
2,6,2615,6,58.876861572265625,12.115947723388672
2,6,2615,7,58.90504837036133,12.140755653381348
2,6,2615,8,58.933921813964844,12.16674518585205
2,6,2615,9,58.96260452270508,12.19170093536377
2,6,2615,10,58.98988723754883,12.216676712036133
2,6,2615,11,59.01918411254883,12.241778373718262
2,6,2615,12,59.047969818115234,12.267217636108398
2,6,2615,13,59.07619094848633,12.29187297821045
2,6,2615,14,59.105350494384766,12.317264556884766
2,6,2615,15,59.133033752441406,12.342137336730957
2,6,2615,16,59.16178512573242,12.367916107177734
2,6,2615,17,59.19050598144531,12.39335823059082
2,6,2615,18,59.21840286254883,12.418201446533203
2,6,2615,19,59.24767303466797,12.444504737854004
2,6,2615,20,59.2764892578125,12.46945571899414
2,6,2616,0,52.72264099121094,11.52709674835205
2,6,2616,1,52.74821472167969,11.548093795776367
2,6,2616,2,52.773441314697266,11.56903076171875
2,6,2616,3,52.79846954345703,11.5904541015625
2,6,2616,4,52.82344055175781,11.610981941223145
2,6,2616,5,52.84895706176758,11.632014274597168
2,6,2616,6,52.87436294555664,11.653013229370117
2,6,2616,7,52.89939498901367,11.673650741577148
2,6,2616,8,52.92511749267578,11.695459365844727
2,6,2616,9,52.95065689086914,11.716238021850586
2,6,2616,10,52.974788665771484,11.737038612365723
2,6,2616,11,53.00093460083008,11.757963180541992
2,6,2616,12,53.02656936645508,11.77922248840332
2,6,2616,13,53.0516357421875,11.799705505371094
2,6,2616,14,53.07764434814453,11.820915222167969
2,6,2616,15,53.1021842956543,11.841609954833984
2,6,2616,16,53.12778091430664,11.863208770751953
2,6,2616,17,53.15334701538086,11.884471893310547
2,6,2616,18,53.178096771240234,11.90514087677002
2,6,2616,19,53.2042121887207,11.927257537841797
2,6,2616,20,53.22987747192383,11.948028564453125
2,6,2617,0,50.528709411621094,27.488428115844727
2,6,2617,1,50.54476547241211,27.496482849121094
2,6,2617,2,50.56047439575195,27.504474639892578
2,6,2617,3,50.57597732543945,27.512943267822266
2,6,2617,4,50.59141159057617,27.520524978637695
2,6,2617,5,50.60740661621094,27.52861213684082
2,6,2617,6,50.623287200927734,27.536664962768555
2,6,2617,7,50.63878631591797,27.544349670410156
2,6,2617,8,50.65501022338867,27.55320930480957
2,6,2617,9,50.6710205078125,27.561044692993164
2,6,2617,10,50.68562698364258,27.56888771057129
2,6,2617,11,50.702247619628906,27.576852798461914
2,6,2617,12,50.71836853027344,27.585172653198242
2,6,2617,13,50.73390197753906,27.59271240234375
2,6,2617,14,50.750396728515625,27.60097312927246
2,6,2617,15,50.76539993286133,27.608715057373047
2,6,2617,16,50.78147506713867,27.61735725402832
2,6,2617,17,50.797523498535156,27.625661849975586
2,6,2617,18,50.812740325927734,27.633384704589844
2,6,2617,19,50.82936096191406,27.64255142211914
2,6,2617,20,50.845497131347656,27.650371551513672
2,6,2618,0,58.543968200683594,21.990026473999023
2,6,2618,1,58.56178283691406,22.00214385986328
2,6,2618,2,58.57925033569336,22.01420021057129
2,6,2618,3,58.59651565551758,22.026737213134766
2,6,2618,4,58.61371994018555,22.03838539123535
2,6,2618,5,58.631465911865234,22.050539016723633
2,6,2618,6,58.649112701416016,22.062654495239258
2,6,2618,7,58.66637420654297,22.074411392211914
2,6,2618,8,58.68434524536133,22.08733558654785
2,6,2618,9,58.702117919921875,22.099233627319336
2,6,2618,10,58.71849060058594,22.111148834228516
2,6,2618,11,58.73686981201172,22.123180389404297
2,6,2618,12,58.75474548339844,22.13556480407715
2,6,2618,13,58.77204513549805,22.14716911315918
2,6,2618,14,58.7902946472168,22.159494400024414
2,6,2618,15,58.807064056396484,22.171302795410156
2,6,2618,16,58.82489776611328,22.18401336669922
2,6,2618,17,58.84270477294922,22.196388244628906
2,6,2618,18,58.85968780517578,22.20817756652832
2,6,2618,19,58.8780517578125,22.22140884399414
2,6,2618,20,58.89595031738281,22.233293533325195
2,6,2619,0,55.57058334350586,13.936080932617188
2,6,2619,1,55.596221923828125,13.956485748291016
2,6,2619,2,55.621517181396484,13.976829528808594
2,6,2619,3,55.64661407470703,13.997658729553223
2,6,2619,4,55.67164993286133,14.017593383789062
2,6,2619,5,55.69723129272461,14.038032531738281
2,6,2619,6,55.72270584106445,14.058438301086426
2,6,2619,7,55.747802734375,14.078484535217285
2,6,2619,8,55.77359390258789,14.099698066711426
2,6,2619,9,55.799198150634766,14.11988353729248
2,6,2619,10,55.82339859008789,14.140093803405762
2,6,2619,11,55.849605560302734,14.160422325134277
2,6,2619,12,55.87530517578125,14.181089401245117
2,6,2619,13,55.90044021606445,14.200983047485352
2,6,2619,14,55.926513671875,14.221597671508789
2,6,2619,15,55.95112228393555,14.241700172424316
2,6,2619,16,55.976783752441406,14.262702941894531
2,6,2619,17,56.002418518066406,14.283370971679688
2,6,2619,18,56.0272331237793,14.303449630737305
2,6,2619,19,56.05341720581055,14.324971199035645
2,6,2619,20,56.07914733886719,14.345148086547852
2,6,2620,0,56.906497955322266,14.949294090270996
2,6,2620,1,56.93209457397461,14.969500541687012
2,6,2620,2,56.95734405517578,14.989645004272461
2,6,2620,3,56.98239517211914,15.010274887084961
2,6,2620,4,57.00737762451172,15.030010223388672
2,6,2620,5,57.03291320800781,15.050250053405762
2,6,2620,6,57.05834197998047,15.070456504821777
2,6,2620,7,57.08338928222656,15.090302467346191
2,6,2620,8,57.1091423034668,15.111318588256836
2,6,2620,9,57.13469696044922,15.131304740905762
2,6,2620,10,57.158851623535156,15.151314735412598
2,6,2620,11,57.18501281738281,15.171445846557617
2,6,2620,12,57.210670471191406,15.191914558410645
2,6,2620,13,57.235755920410156,15.211607933044434
2,6,2620,14,57.261783599853516,15.232025146484375
2,6,2620,15,57.28634262084961,15.251928329467773
2,6,2620,16,57.31195831298828,15.272732734680176
2,6,2620,17,57.33755111694336,15.29320240020752
2,6,2620,18,57.3623161315918,15.313079833984375
2,6,2620,19,57.38846206665039,15.334405899047852
2,6,2620,20,57.414146423339844,15.35438346862793
2,6,2621,0,59.582027435302734,11.945296287536621
2,6,2621,1,59.603858947753906,11.964404106140137
2,6,2621,2,59.62534713745117,11.983450889587402
2,6,2621,3,59.646629333496094,12.002984046936035
2,6,2621,4,59.66786193847656,12.021623611450195
2,6,2621,5,59.689632415771484,12.040763854980469
2,6,2621,6,59.711299896240234,12.0598726272583
2,6,2621,7,59.73258972167969,12.078624725341797
2,6,2621,8,59.75456237792969,12.09854507446289
2,6,2621,9,59.776363372802734,12.117433547973633
2,6,2621,10,59.796749114990234,12.136343002319336
2,6,2621,11,59.81915283203125,12.155378341674805
2,6,2621,12,59.84104919433594,12.174749374389648
2,6,2621,13,59.86237716674805,12.193345069885254
2,6,2621,14,59.8846435546875,12.212663650512695
2,6,2621,15,59.90544128417969,12.231468200683594
2,6,2621,16,59.92728805541992,12.251176834106445
2,6,2621,17,59.94911575317383,12.270551681518555
2,6,2621,18,59.97011947631836,12.289331436157227
2,6,2621,19,59.992488861083984,12.309560775756836
2,6,2621,20,60.01441192626953,12.32844066619873
2,7,2700,0,48.60471725463867,32.523563385009766
2,7,2700,1,48.61406707763672,32.52480697631836
2,7,2700,2,48.62307357788086,32.5259895324707
2,7,2700,3,48.63187026977539,32.52764892578125
2,7,2700,4,48.640602111816406,32.52841567993164
2,7,2700,5,48.64988708496094,32.529693603515625
2,7,2700,6,48.65906524658203,32.53092956542969
2,7,2700,7,48.667850494384766,32.53179931640625
2,7,2700,8,48.67737579345703,32.53385543823242
2,7,2700,9,48.68667984008789,32.53487777709961
2,7,2700,10,48.694576263427734,32.53590774536133
2,7,2700,11,48.704490661621094,32.537052154541016
2,7,2700,12,48.71390914916992,32.5385627746582
2,7,2700,13,48.72273254394531,32.53928756713867
2,7,2700,14,48.73251724243164,32.540733337402344
2,7,2700,15,48.74081039428711,32.541656494140625
2,7,2700,16,48.75017547607422,32.54349136352539
2,7,2700,17,48.759517669677734,32.54498291015625
2,7,2700,18,48.76802062988281,32.54589080810547
2,7,2700,19,48.77793884277344,32.54825210571289
2,7,2700,20,48.7873649597168,32.54925537109375
2,7,2701,0,50.21406173706055,21.69245147705078
2,7,2701,1,50.22957992553711,21.699302673339844
2,7,2701,2,50.2447509765625,21.70608901977539
2,7,2701,3,50.25971984863281,21.71335792541504
2,7,2701,4,50.27463150024414,21.7197322845459
2,7,2701,5,50.29008102416992,21.726613998413086
2,7,2701,6,50.3054313659668,21.733461380004883
2,7,2701,7,50.32039260864258,21.73995018005371
2,7,2701,8,50.3360710144043,21.74761390686035
2,7,2701,9,50.35154724121094,21.75423812866211
2,7,2701,10,50.365623474121094,21.760879516601562
2,7,2701,11,50.3817024230957,21.767642974853516
2,7,2701,12,50.397281646728516,21.77475929260254
2,7,2701,13,50.41228485107422,21.781095504760742
2,7,2701,14,50.42823028564453,21.78815269470215
2,7,2701,15,50.44270706176758,21.7946834564209
2,7,2701,16,50.4582405090332,21.802127838134766
2,7,2701,17,50.473751068115234,21.809234619140625
2,7,2701,18,50.48843765258789,21.815750122070312
2,7,2701,19,50.504512786865234,21.823720932006836
2,7,2701,20,50.520111083984375,21.830333709716797
2,7,2702,0,54.91928482055664,13.013666152954102
2,7,2702,1,54.948997497558594,13.037933349609375
2,7,2702,2,54.978355407714844,13.062138557434082
2,7,2702,3,55.00751495361328,13.086830139160156
2,7,2702,4,55.03661346435547,13.110626220703125
2,7,2702,5,55.06626510620117,13.134927749633789
2,7,2702,6,55.09580993652344,13.159198760986328
2,7,2702,7,55.124977111816406,13.18310260772705
2,7,2702,8,55.15483474731445,13.208178520202637
2,7,2702,9,55.184505462646484,13.232226371765137
2,7,2702,10,55.21277618408203,13.25629997253418
2,7,2702,11,55.2430534362793,13.280492782592773
2,7,2702,12,55.272823333740234,13.305021286010742
2,7,2702,13,55.30202865600586,13.328774452209473
2,7,2702,14,55.332176208496094,13.353257179260254
2,7,2702,15,55.360843658447266,13.377223014831543
2,7,2702,16,55.39057540893555,13.402090072631836
2,7,2702,17,55.42028045654297,13.42662239074707
2,7,2702,18,55.44916534423828,13.4505615234375
2,7,2702,19,55.47941589355469,13.47594928741455
2,7,2702,20,55.50921630859375,13.499992370605469
2,7,2703,0,55.288055419921875,36.3476676940918
2,7,2703,1,55.29558181762695,36.34695816040039
2,7,2703,2,55.302764892578125,36.34618377685547
2,7,2703,3,55.30973815917969,36.34589767456055
2,7,2703,4,55.316646575927734,36.34471130371094
2,7,2703,5,55.32410430908203,36.344032287597656
2,7,2703,6,55.33145523071289,36.343318939208984
2,7,2703,7,55.33841323852539,36.34223937988281
2,7,2703,8,55.34611511230469,36.342350006103516
2,7,2703,9,55.35359191894531,36.34141540527344
2,7,2703,10,55.35966873168945,36.34049606323242
2,7,2703,11,55.36775588989258,36.339683532714844
2,7,2703,12,55.37534713745117,36.3392448425293
2,7,2703,13,55.382347106933594,36.338016510009766
2,7,2703,14,55.39030456542969,36.33750534057617
2,7,2703,15,55.39678192138672,36.33647918701172
2,7,2703,16,55.404319763183594,36.33636474609375
2,7,2703,17,55.411842346191406,36.335906982421875
2,7,2703,18,55.418521881103516,36.334861755371094
2,7,2703,19,55.42661666870117,36.33528137207031
2,7,2703,20,55.43421936035156,36.33432388305664
2,7,2704,0,49.67274475097656,10.513073921203613
2,7,2704,1,49.69414520263672,10.531723022460938
2,7,2704,2,49.71520233154297,10.550311088562012
2,7,2704,3,49.736053466796875,10.569384574890137
2,7,2704,4,49.75685119628906,10.587565422058105
2,7,2704,5,49.77819061279297,10.606247901916504
2,7,2704,6,49.7994270324707,10.624897956848145
2,7,2704,7,49.82028579711914,10.643190383911133
2,7,2704,8,49.84183120727539,10.662651062011719
2,7,2704,9,49.86320114135742,10.681078910827637
2,7,2704,10,49.883155822753906,10.699530601501465
2,7,2704,11,49.905128479003906,10.71810531616211
2,7,2704,12,49.92658996582031,10.737017631530762
2,7,2704,13,49.947486877441406,10.755154609680176
2,7,2704,14,49.969322204589844,10.77401351928711
2,7,2704,15,49.989688873291016,10.7923583984375
2,7,2704,16,50.011104583740234,10.811607360839844
2,7,2704,17,50.032501220703125,10.830520629882812
2,7,2704,18,50.053077697753906,10.848841667175293
2,7,2704,19,50.075016021728516,10.868609428405762
2,7,2704,20,50.09650802612305,10.887030601501465
2,7,2705,0,56.11646270751953,39.239620208740234
2,7,2705,1,56.124183654785156,39.238521575927734
2,7,2705,2,56.131561279296875,39.23735809326172
2,7,2705,3,56.13872528076172,39.23667907714844
2,7,2705,4,56.14582443237305,39.23509979248047
2,7,2705,5,56.153480529785156,39.234031677246094
2,7,2705,6,56.16102600097656,39.23292541503906
2,7,2705,7,56.168174743652344,39.23145294189453
2,7,2705,8,56.17607116699219,39.23117446899414
2,7,2705,9,56.18374252319336,39.2298469543457
2,7,2705,10,56.19001007080078,39.22853469848633
2,7,2705,11,56.19829177856445,39.227333068847656
2,7,2705,12,56.206077575683594,39.22650146484375
2,7,2705,13,56.2132682800293,39.224884033203125
2,7,2705,14,56.22142028808594,39.22398376464844
2,7,2705,15,56.228084564208984,39.22256088256836
2,7,2705,16,56.23582077026367,39.2220573425293
2,7,2705,17,56.2435302734375,39.22120666503906
2,7,2705,18,56.250404357910156,39.21976852416992
2,7,2705,19,56.258697509765625,39.21979904174805
2,7,2705,20,56.2664909362793,39.21845245361328
2,7,2706,0,49.96009826660156,41.30466079711914
2,7,2706,1,49.96247863769531,41.30177688598633
2,7,2706,2,49.96450424194336,41.298828125
2,7,2706,3,49.9663200378418,41.29636764526367
2,7,2706,4,49.96806716918945,41.29300308227539
2,7,2706,5,49.970375061035156,41.2901496887207
2,7,2706,6,49.972572326660156,41.287261962890625
2,7,2706,7,49.97437286376953,41.28399658203125
2,7,2706,8,49.976932525634766,41.28194046020508
2,7,2706,9,49.97925567626953,41.27882766723633
2,7,2706,10,49.980167388916016,41.275733947753906
2,7,2706,11,49.98310089111328,41.27273941040039
2,7,2706,12,49.98554229736328,41.27012634277344
2,7,2706,13,49.98738479614258,41.26671600341797
2,7,2706,14,49.99019241333008,41.2640380859375
2,7,2706,15,49.99149703979492,41.26082992553711
2,7,2706,16,49.9938850402832,41.258541107177734
2,7,2706,17,49.996253967285156,41.25590133666992
2,7,2706,18,49.99776840209961,41.2526741027832
2,7,2706,19,50.00072479248047,41.25092315673828
2,7,2706,20,50.003170013427734,41.2477912902832
2,7,2707,0,50.64804458618164,22.829252243041992
2,7,2707,1,50.66348648071289,22.837932586669922
2,7,2707,2,50.678585052490234,22.8465518951416
2,7,2707,3,50.6934814453125,22.855649948120117
2,7,2707,4,50.708316802978516,22.863859176635742
2,7,2707,5,50.723697662353516,22.872575759887695
2,7,2707,6,50.73897171020508,22.881254196166992
2,7,2707,7,50.753868103027344,22.889572143554688
2,7,2707,8,50.76947021484375,22.899057388305664
2,7,2707,9,50.78487014770508,22.90751838684082
2,7,2707,10,50.79887771606445,22.915996551513672
2,7,2707,11,50.814884185791016,22.92458724975586
2,7,2707,12,50.83039093017578,22.93353271484375
2,7,2707,13,50.8453254699707,22.941701889038086
2,7,2707,14,50.86119842529297,22.95058822631836
2,7,2707,15,50.8755989074707,22.95895767211914
2,7,2707,16,50.89105987548828,22.96822738647461
2,7,2707,17,50.906494140625,22.977163314819336
2,7,2707,18,50.921112060546875,22.98551368713379
2,7,2707,19,50.93710708618164,22.99530601501465
2,7,2707,20,50.952632904052734,23.003751754760742
2,7,2708,0,47.590389251708984,19.94525909423828
2,7,2708,1,47.60285568237305,19.95025062561035
2,7,2708,2,47.6149787902832,19.955175399780273
2,7,2708,3,47.626895904541016,19.96058464050293
2,7,2708,4,47.638755798339844,19.965097427368164
2,7,2708,5,47.651153564453125,19.970121383666992
2,7,2708,6,47.663455963134766,19.97510528564453
2,7,2708,7,47.67536544799805,19.979734420776367
2,7,2708,8,47.68798828125,19.98554039001465
2,7,2708,9,47.700416564941406,19.990304946899414
2,7,2708,10,47.7114372253418,19.995080947875977
2,7,2708,11,47.72446823120117,19.999984741210938
2,7,2708,12,47.73699951171875,20.00524139404297
2,7,2708,13,47.74895477294922,20.009716033935547
2,7,2708,14,47.76184844970703,20.014911651611328
2,7,2708,15,47.773277282714844,20.019582748413086
2,7,2708,16,47.78575897216797,20.025165557861328
2,7,2708,17,47.7982177734375,20.030412673950195
2,7,2708,18,47.80985641479492,20.035066604614258
2,7,2708,19,47.8228759765625,20.041181564331055
2,7,2708,20,47.835426330566406,20.045930862426758
2,7,2709,0,47.16164779663086,33.974205017089844
2,7,2709,1,47.16923522949219,33.97880172729492
2,7,2709,2,47.17647171020508,33.983333587646484
2,7,2709,3,47.183494567871094,33.98835372924805
2,7,2709,4,47.19045639038086,33.992469787597656
2,7,2709,5,47.19797897338867,33.997100830078125
2,7,2709,6,47.205379486083984,34.00169372558594
2,7,2709,7,47.21239471435547,34.00590896606445
2,7,2709,8,47.220157623291016,34.01132583618164
2,7,2709,9,47.227691650390625,34.01569747924805
2,7,2709,10,47.23381805419922,34.02008056640625
2,7,2709,11,47.24195861816406,34.024574279785156
2,7,2709,12,47.24960708618164,34.029441833496094
2,7,2709,13,47.25666046142578,34.033512115478516
2,7,2709,14,47.264671325683594,34.03831100463867
2,7,2709,15,47.27119064331055,34.04258728027344
2,7,2709,16,47.27879333496094,34.04778289794922
2,7,2709,17,47.28636932373047,34.0526237487793
2,7,2709,18,47.2931022644043,34.056880950927734
2,7,2709,19,47.3012580871582,34.06260681152344
2,7,2709,20,47.30891036987305,34.06696319580078
2,7,2710,0,47.250179290771484,30.998291015625
2,7,2710,1,47.25535583496094,30.99744987487793
2,7,2710,2,47.26019287109375,30.99654769897461
2,7,2710,3,47.26481628417969,30.996131896972656
2,7,2710,4,47.26937484741211,30.99481201171875
2,7,2710,5,47.27448654174805,30.994007110595703
2,7,2710,6,47.27948760986328,30.993160247802734
2,7,2710,7,47.284095764160156,30.991952896118164
2,7,2710,8,47.289451599121094,30.991933822631836
2,7,2710,9,47.294578552246094,30.99086570739746
2,7,2710,10,47.29830551147461,30.98981475830078
2,7,2710,11,47.30404281616211,30.98887062072754
2,7,2710,12,47.30928421020508,30.988304138183594
2,7,2710,13,47.31393814086914,30.98694610595703
2,7,2710,14,47.319541931152344,30.98630714416504
2,7,2710,15,47.32366943359375,30.98514747619629
2,7,2710,16,47.328861236572266,30.98490333557129
2,7,2710,17,47.33403396606445,30.98431396484375
2,7,2710,18,47.33836364746094,30.983137130737305
2,7,2710,19,47.344112396240234,30.983428955078125
2,7,2710,20,47.349361419677734,30.982341766357422
2,7,2711,0,52.64243698120117,16.18262481689453
2,7,2711,1,52.663902282714844,16.19910430908203
2,7,2711,2,52.685020446777344,16.21552276611328
2,7,2711,3,52.705936431884766,16.232423782348633
2,7,2711,4,52.72679138183594,16.248430252075195
2,7,2711,5,52.748191833496094,16.264944076538086
2,7,2711,6,52.76948928833008,16.281423568725586
2,7,2711,7,52.7904052734375,16.29754066467285
2,7,2711,8,52.8120231628418,16.31482696533203
2,7,2711,9,52.83344650268555,16.331087112426758
2,7,2711,10,52.85346984863281,16.34736442565918
2,7,2711,11,52.8754997253418,16.3637638092041
2,7,2711,12,52.89702606201172,16.380508422851562
2,7,2711,13,52.91797637939453,16.396472930908203
2,7,2711,14,52.93987274169922,16.413162231445312
2,7,2711,15,52.96030044555664,16.42933464050293
2,7,2711,16,52.98178482055664,16.446409225463867
2,7,2711,17,53.00324630737305,16.463150024414062
2,7,2711,18,53.02388000488281,16.479299545288086
2,7,2711,19,53.045894622802734,16.496896743774414
2,7,2711,20,53.06744384765625,16.513145446777344
2,7,2712,0,56.38680648803711,40.37574005126953
2,7,2712,1,56.39014434814453,40.37192153930664
2,7,2712,2,56.39314270019531,40.3680419921875
2,7,2712,3,56.39592361450195,40.364654541015625
2,7,2712,4,56.398643493652344,40.360355377197266
2,7,2712,5,56.401912689208984,40.356571197509766
2,7,2712,6,56.40507888793945,40.35274887084961
2,7,2712,7,56.40784454345703,40.34856414794922
2,7,2712,8,56.41135787963867,40.34557342529297
2,7,2712,9,56.414649963378906,40.341529846191406
2,7,2712,10,56.416534423828125,40.337501525878906
2,7,2712,11,56.420433044433594,40.333580017089844
2,7,2712,12,56.4238395690918,40.33003616333008
2,7,2712,13,56.4266471862793,40.32570266723633
2,7,2712,14,56.430416107177734,40.32209014892578
2,7,2712,15,56.432701110839844,40.31795120239258
2,7,2712,16,56.43605041503906,40.314727783203125
2,7,2712,17,56.43938446044922,40.31116485595703
2,7,2712,18,56.441871643066406,40.307010650634766
2,7,2712,19,56.44578552246094,40.30432891845703
2,7,2712,20,56.449195861816406,40.30026626586914
2,7,2713,0,56.651973724365234,36.01848220825195
2,7,2713,1,56.65637969970703,36.01421356201172
2,7,2713,2,56.66044616699219,36.009883880615234
2,7,2713,3,56.664302825927734,36.00604248046875
2,7,2713,4,56.668094635009766,36.00129318237305
2,7,2713,5,56.67243576049805,35.9970588684082
2,7,2713,6,56.676673889160156,35.99278259277344
2,7,2713,7,56.680511474609375,35.98815155029297
2,7,2713,8,56.68509292602539,35.98470687866211
2,7,2713,9,56.689456939697266,35.98020553588867
2,7,2713,10,56.692413330078125,35.97572708129883
2,7,2713,11,56.69738006591797,35.97135925292969
2,7,2713,12,56.70185470581055,35.96736526489258
2,7,2713,13,56.70574188232422,35.962581634521484
2,7,2713,14,56.71057891845703,35.95851516723633
2,7,2713,15,56.71393966674805,35.953922271728516
2,7,2713,16,56.718360900878906,35.95024490356445
2,7,2713,17,56.72275924682617,35.946231842041016
2,7,2713,18,56.72632598876953,35.94162368774414
2,7,2713,19,56.73130416870117,35.93849182128906
2,7,2713,20,56.73578643798828,35.93397521972656
2,7,2714,0,53.329193115234375,12.201262474060059
2,7,2714,1,53.35820007324219,12.226235389709473
2,7,2714,2,53.38684844970703,12.25114631652832
2,7,2714,3,53.41530227661133,12.276544570922852
2,7,2714,4,53.44369125366211,12.301043510437012
2,7,2714,5,53.47263717651367,12.32605266571045
2,7,2714,6,53.50146484375,12.351024627685547
2,7,2714,7,53.52992630004883,12.375630378723145
2,7,2714,8,53.55908203125,12.401415824890137
2,7,2714,9,53.58803939819336,12.426168441772461
2,7,2714,10,53.6156005859375,12.450944900512695
2,7,2714,11,53.645172119140625,12.475839614868164
2,7,2714,12,53.674232482910156,12.50107479095459
2,7,2714,13,53.70272445678711,12.52552604675293
2,7,2714,14,53.73216247558594,12.550712585449219
2,7,2714,15,53.7601203918457,12.575385093688965
2,7,2714,16,53.78915023803711,12.600958824157715
2,7,2714,17,53.81814956665039,12.62619400024414
2,7,2714,18,53.84632110595703,12.650836944580078
2,7,2714,19,53.87587356567383,12.676934242248535
2,7,2714,20,53.904964447021484,12.701681137084961
2,7,2715,0,58.06671905517578,15.308945655822754
2,7,2715,1,58.088348388671875,15.32540512084961
2,7,2715,2,58.10963821411133,15.341804504394531
2,7,2715,3,58.13071823120117,15.358684539794922
2,7,2715,4,58.15174865722656,15.374674797058105
2,7,2715,5,58.173316955566406,15.391168594360352
2,7,2715,6,58.19478225708008,15.407629013061523
2,7,2715,7,58.21586990356445,15.423730850219727
2,7,2715,8,58.237648010253906,15.440999984741211
2,7,2715,9,58.25924301147461,15.457240104675293
2,7,2715,10,58.27943420410156,15.473499298095703
2,7,2715,11,58.301631927490234,15.489883422851562
2,7,2715,12,58.32332229614258,15.506606101989746
2,7,2715,13,58.34444808959961,15.522554397583008
2,7,2715,14,58.366512298583984,15.539224624633789
2,7,2715,15,58.387107849121094,15.555377960205078
2,7,2715,16,58.408756256103516,15.57243537902832
2,7,2715,17,58.430381774902344,15.589158058166504
2,7,2715,18,58.45118713378906,15.605286598205566
2,7,2715,19,58.473358154296875,15.62286376953125
2,7,2715,20,58.49507522583008,15.639094352722168
2,7,2716,0,56.9333610534668,19.80776596069336
2,7,2716,1,56.94865417480469,19.815160751342773
2,7,2716,2,56.96360778808594,19.82248878479004
2,7,2716,3,56.978355407714844,19.830305099487305
2,7,2716,4,56.993045806884766,19.837221145629883
2,7,2716,5,57.00827407836914,19.84464454650879
2,7,2716,6,57.023406982421875,19.852035522460938
2,7,2716,7,57.038150787353516,19.85906982421875
2,7,2716,8,57.05360412597656,19.867280960083008
2,7,2716,9,57.06886291503906,19.874446868896484
2,7,2716,10,57.08271026611328,19.881633758544922
2,7,2716,11,57.098575592041016,19.88894271850586
2,7,2716,12,57.11393737792969,19.8966007232666
2,7,2716,13,57.128719329833984,19.903480529785156
2,7,2716,14,57.144447326660156,19.911081314086914
2,7,2716,15,57.1587028503418,19.91815757751465
2,7,2716,16,57.17401885986328,19.9261474609375
2,7,2716,17,57.189308166503906,19.93380355834961
2,7,2716,18,57.203773498535156,19.940860748291016
2,7,2716,19,57.21962356567383,19.949378967285156
2,7,2716,20,57.23500442504883,19.95653533935547
2,7,2717,0,58.291847229003906,38.65542984008789
2,7,2717,1,58.29855728149414,38.65464401245117
2,7,2717,2,58.30492401123047,38.6537971496582
2,7,2717,3,58.31107711791992,38.653438568115234
2,7,2717,4,58.317169189453125,38.65217208862305
2,7,2717,5,58.32381057739258,38.65142059326172
2,7,2717,6,58.330345153808594,38.650630950927734
2,7,2717,7,58.336483001708984,38.649478912353516
2,7,2717,8,58.34336853027344,38.649513244628906
2,7,2717,9,58.35002899169922,38.648502349853516
2,7,2717,10,58.35528564453125,38.64750671386719
2,7,2717,11,58.362552642822266,38.64662170410156
2,7,2717,12,58.369327545166016,38.6461067199707
2,7,2717,13,58.37550735473633,38.64480209350586
2,7,2717,14,58.38264465332031,38.64421844482422
2,7,2717,15,58.388301849365234,38.64311599731445
2,7,2717,16,58.39502716064453,38.64292526245117
2,7,2717,17,58.40172576904297,38.642391204833984
2,7,2717,18,58.407588958740234,38.641273498535156
2,7,2717,19,58.41486740112305,38.6416130065918
2,7,2717,20,58.42164993286133,38.64058303833008
2,7,2718,0,53.404151916503906,31.034635543823242
2,7,2718,1,53.41639709472656,31.037675857543945
2,7,2718,2,53.42829895019531,31.0406551361084
2,7,2718,3,53.43998718261719,31.044118881225586
2,7,2718,4,53.45161819458008,31.04668426513672
2,7,2718,5,53.46379852294922,31.049760818481445
2,7,2718,6,53.47587203979492,31.052797317504883
2,7,2718,7,53.487552642822266,31.05547332763672
2,7,2718,8,53.49996566772461,31.059326171875
2,7,2718,9,53.512168884277344,31.062145233154297
2,7,2718,10,53.52296447753906,31.064983367919922
2,7,2718,11,53.535762786865234,31.06792449951172
2,7,2718,12,53.54807662963867,31.071231842041016
2,7,2718,13,53.55979537963867,31.073759078979492
2,7,2718,14,53.57246780395508,31.077001571655273
2,7,2718,15,53.58366394042969,31.079729080200195
2,7,2718,16,53.59592056274414,31.083362579345703
2,7,2718,17,53.608154296875,31.086654663085938
2,7,2718,18,53.61956024169922,31.089365005493164
2,7,2718,19,53.63236618041992,31.093524932861328
2,7,2718,20,53.644683837890625,31.096324920654297
2,7,2719,0,55.01399612426758,23.078216552734375
2,7,2719,1,55.029502868652344,23.086942672729492
2,7,2719,2,55.04466247558594,23.095605850219727
2,7,2719,3,55.05961990356445,23.104751586914062
2,7,2719,4,55.07451248168945,23.113004684448242
2,7,2719,5,55.0899543762207,23.12176513671875
2,7,2719,6,55.105289459228516,23.130489349365234
2,7,2719,7,55.120243072509766,23.138853073120117
2,7,2719,8,55.13591003417969,23.148387908935547
2,7,2719,9,55.15137481689453,23.156890869140625
2,7,2719,10,55.165435791015625,23.16541290283203
2,7,2719,11,55.1815071105957,23.17405128479004
2,7,2719,12,55.19707489013672,23.183042526245117
2,7,2719,13,55.212066650390625,23.191253662109375
2,7,2719,14,55.228004455566406,23.20018768310547
2,7,2719,15,55.24246597290039,23.208600997924805
2,7,2719,16,55.257991790771484,23.217918395996094
2,7,2719,17,55.27349090576172,23.226900100708008
2,7,2719,18,55.28816604614258,23.23529624938965
2,7,2719,19,55.304229736328125,23.24513816833496
2,7,2719,20,55.319820404052734,23.253629684448242
2,7,2720,0,53.43795394897461,21.902189254760742
2,7,2720,1,53.45302963256836,21.91071891784668
2,7,2720,2,53.46775817871094,21.919185638427734
2,7,2720,3,53.48228454589844,21.928133010864258
2,7,2720,4,53.49674987792969,21.93619155883789
2,7,2720,5,53.51176071166992,21.944753646850586
2,7,2720,6,53.526668548583984,21.95328140258789
2,7,2720,7,53.54119110107422,21.961448669433594
2,7,2720,8,53.556427001953125,21.97078514099121
2,7,2720,9,53.57146072387695,21.97909164428711
2,7,2720,10,53.5850944519043,21.987415313720703
2,7,2720,11,53.60073471069336,21.99585723876953
2,7,2720,12,53.61587142944336,22.00465202331543
2,7,2720,13,53.630435943603516,22.012666702270508
2,7,2720,14,53.64594268798828,22.021400451660156
2,7,2720,15,53.659976959228516,22.029617309570312
2,7,2720,16,53.675071716308594,22.038738250732422
2,7,2720,17,53.69014358520508,22.047523498535156
2,7,2720,18,53.70438766479492,22.055721282958984
2,7,2720,19,53.72001647949219,22.065364837646484
2,7,2720,20,53.73517608642578,22.073657989501953
2,7,2721,0,60.52318572998047,31.18461036682129
2,7,2721,1,60.5339469909668,31.18816375732422
2,7,2721,2,60.54436492919922,31.1916561126709
2,7,2721,3,60.5545768737793,31.195632934570312
2,7,2721,4,60.564727783203125,31.19870948791504
2,7,2721,5,60.57542419433594,31.20229721069336
2,7,2721,6,60.58601760864258,31.205846786499023
2,7,2721,7,60.59621810913086,31.20903778076172
2,7,2721,8,60.607147216796875,31.213407516479492
2,7,2721,9,60.617862701416016,31.21673583984375
2,7,2721,10,60.62718200683594,31.220081329345703
2,7,2721,11,60.63850021362305,31.223539352416992
2,7,2721,12,60.649330139160156,31.22736167907715
2,7,2721,13,60.65957260131836,31.23040008544922
2,7,2721,14,60.67076110839844,31.23415756225586
2,7,2721,15,60.68048095703125,31.237394332885742
2,7,2721,16,60.691261291503906,31.241540908813477
2,7,2721,17,60.7020149230957,31.24534797668457
2,7,2721,18,60.711944580078125,31.24856948852539
2,7,2721,19,60.723262786865234,31.25324821472168
2,7,2721,20,60.734100341796875,31.256561279296875
2,8,2800,0,48.01524353027344,24.796445846557617
2,8,2800,1,48.03545379638672,24.810754776000977
2,8,2800,2,48.0553092956543,24.825000762939453
2,8,2800,3,48.07495880126953,24.839725494384766
2,8,2800,4,48.094539642333984,24.85355567932129
2,8,2800,5,48.114688873291016,24.86789894104004
2,8,2800,6,48.13471603393555,24.882205963134766
2,8,2800,7,48.154361724853516,24.89613914489746
2,8,2800,8,48.17474365234375,24.911256790161133
2,8,2800,9,48.19490051269531,24.92534828186035
2,8,2800,10,48.213645935058594,24.939443588256836
2,8,2800,11,48.23442840576172,24.953662872314453
2,8,2800,12,48.254695892333984,24.968238830566406
2,8,2800,13,48.27437973022461,24.982025146484375
2,8,2800,14,48.29502487182617,24.996545791625977
2,8,2800,15,48.31416702270508,25.01053810119629
2,8,2800,16,48.33440017700195,25.025440216064453
2,8,2800,17,48.3546028137207,25.03999900817871
2,8,2800,18,48.373958587646484,25.053970336914062
2,8,2800,19,48.394737243652344,25.069400787353516
2,8,2800,20,48.41502380371094,25.083477020263672
2,8,2801,0,50.62846755981445,29.932666778564453
2,8,2801,1,50.63575744628906,29.929983139038086
2,8,2801,2,50.64270782470703,29.927234649658203
2,8,2801,3,50.64944839477539,29.92497444152832
2,8,2801,4,50.6561279296875,29.921810150146484
2,8,2801,5,50.663352966308594,29.919157028198242
2,8,2801,6,50.67047882080078,29.916467666625977
2,8,2801,7,50.67720413208008,29.913419723510742
2,8,2801,8,50.68467330932617,29.911556243896484
2,8,2801,9,50.69192123413086,29.908641815185547
2,8,2801,10,50.697757720947266,29.90574836730957
2,8,2801,11,50.70561599731445,29.902965545654297
2,8,2801,12,50.71297836303711,29.900548934936523
2,8,2801,13,50.719749450683594,29.897348403930664
2,8,2801,14,50.72747802734375,29.894866943359375
2,8,2801,15,50.73372268676758,29.89185905456543
2,8,2801,16,50.74102783203125,29.889766693115234
2,8,2801,17,50.74831771850586,29.88733673095703
2,8,2801,18,50.75476837158203,29.884315490722656
2,8,2801,19,50.76263427734375,29.882762908935547
2,8,2801,20,50.77000045776367,29.87982940673828
2,8,2802,0,47.951480865478516,21.757015228271484
2,8,2802,1,47.96344757080078,21.76155662536621
2,8,2802,2,47.97507095336914,21.766033172607422
2,8,2802,3,47.986488342285156,21.770994186401367
2,8,2802,4,47.99784851074219,21.77505874633789
2,8,2802,5,48.00974655151367,21.779630661010742
2,8,2802,6,48.02154541015625,21.78416633605957
2,8,2802,7,48.032955169677734,21.788347244262695
2,8,2802,8,48.045082092285156,21.793701171875
2,8,2802,9,48.0570068359375,21.798015594482422
2,8,2802,10,48.06753158569336,21.802345275878906
2,8,2802,11,48.08005905151367,21.80679702758789
2,8,2802,12,48.09209060668945,21.81160545349121
2,8,2802,13,48.10354232788086,21.815629959106445
2,8,2802,14,48.115936279296875,21.820377349853516
2,8,2802,15,48.12686538696289,21.82459831237793
2,8,2802,16,48.13884353637695,21.82973289489746
2,8,2802,17,48.15080642700195,21.83452606201172
2,8,2802,18,48.16194152832031,21.838733673095703
2,8,2802,19,48.174461364746094,21.844396591186523
2,8,2802,20,48.18650817871094,21.848697662353516
2,8,2803,0,50.06436538696289,34.19662857055664
2,8,2803,1,50.071006774902344,34.197452545166016
2,8,2803,2,50.077301025390625,34.198211669921875
2,8,2803,3,50.08338165283203,34.1994514465332
2,8,2803,4,50.08940124511719,34.19979476928711
2,8,2803,5,50.09597396850586,34.200653076171875
2,8,2803,6,50.102439880371094,34.20146942138672
2,8,2803,7,50.1085090637207,34.20191955566406
2,8,2803,8,50.115325927734375,34.20355224609375
2,8,2803,9,50.12191390991211,34.20415496826172
2,8,2803,10,50.127098083496094,34.20476150512695
2,8,2803,11,50.134300231933594,34.205482482910156
2,8,2803,12,50.14100646972656,34.20657730102539
2,8,2803,13,50.14712142944336,34.206878662109375
2,8,2803,14,50.15419006347656,34.20790481567383
2,8,2803,15,50.15977096557617,34.20840835571289
2,8,2803,16,50.16642379760742,34.20981979370117
2,8,2803,17,50.17305374145508,34.21088790893555
2,8,2803,18,50.17884826660156,34.21137619018555
2,8,2803,19,50.18605422973633,34.21331787109375
2,8,2803,20,50.192771911621094,34.21390151977539
2,8,2804,0,50.280555725097656,18.07778549194336
2,8,2804,1,50.30958938598633,18.101572036743164
2,8,2804,2,50.33826446533203,18.12529945373535
2,8,2804,3,50.366729736328125,18.149507522583008
2,8,2804,4,50.39512634277344,18.17281723022461
2,8,2804,5,50.424102783203125,18.196645736694336
2,8,2804,6,50.45295333862305,18.22043228149414
2,8,2804,7,50.48142623901367,18.24384117126465
2,8,2804,8,50.510623931884766,18.26844596862793
2,8,2804,9,50.53960037231445,18.29201889038086
2,8,2804,10,50.56716537475586,18.315597534179688
2,8,2804,11,50.596771240234375,18.33930015563965
2,8,2804,12,50.62586212158203,18.36335563659668
2,8,2804,13,50.65436935424805,18.386615753173828
2,8,2804,14,50.683841705322266,18.410615921020508
2,8,2804,15,50.71179962158203,18.43409538269043
2,8,2804,16,50.74086380004883,18.458486557006836
2,8,2804,17,50.76988983154297,18.48253059387207
2,8,2804,18,50.798065185546875,18.505983352661133
2,8,2804,19,50.82766342163086,18.530899047851562
2,8,2804,20,50.856781005859375,18.554460525512695
2,8,2805,0,55.70875549316406,32.36454772949219
2,8,2805,1,55.727516174316406,32.374595642089844
2,8,2805,2,55.74592590332031,32.38458251953125
2,8,2805,3,55.76412582397461,32.395050048828125
2,8,2805,4,55.78226089477539,32.404624938964844
2,8,2805,5,55.80095672607422,32.414703369140625
2,8,2805,6,55.81953811645508,32.42475128173828
2,8,2805,7,55.83773422241211,32.43442916870117
2,8,2805,8,55.85666275024414,32.44528579711914
2,8,2805,9,55.87537384033203,32.45511245727539
2,8,2805,10,55.892677307128906,32.46495819091797
2,8,2805,11,55.91200256347656,32.474910736083984
2,8,2805,12,55.930824279785156,32.48522186279297
2,8,2805,13,55.94905471801758,32.494754791259766
2,8,2805,14,55.9682502746582,32.505008697509766
2,8,2805,15,55.9859504699707,32.51474380493164
2,8,2805,16,56.00472640991211,32.5253791809082
2,8,2805,17,56.02347946166992,32.53567886352539
2,8,2805,18,56.04138946533203,32.54539489746094
2,8,2805,19,56.06071472167969,32.55655288696289
2,8,2805,20,56.079551696777344,32.56637191772461
2,8,2806,0,48.89836120605469,23.880130767822266
2,8,2806,1,48.909576416015625,23.882972717285156
2,8,2806,2,48.92044448852539,23.88574981689453
2,8,2806,3,48.93110656738281,23.889009475708008
2,8,2806,4,48.94171142578125,23.891372680664062
2,8,2806,5,48.952857971191406,23.894245147705078
2,8,2806,6,48.96390151977539,23.89708137512207
2,8,2806,7,48.97455596923828,23.899560928344727
2,8,2806,8,48.985931396484375,23.903217315673828
2,8,2806,9,48.997100830078125,23.90583038330078
2,8,2806,10,49.00687026977539,23.908458709716797
2,8,2806,11,49.018646240234375,23.911209106445312
2,8,2806,12,49.02992248535156,23.914318084716797
2,8,2806,13,49.04062271118164,23.916643142700195
2,8,2806,14,49.05226516723633,23.91969108581543
2,8,2806,15,49.062435150146484,23.922210693359375
2,8,2806,16,49.07366180419922,23.925643920898438
2,8,2806,17,49.084869384765625,23.92873764038086
2,8,2806,18,49.09524917602539,23.931243896484375
2,8,2806,19,49.10702133178711,23.935209274291992
2,8,2806,20,49.11831283569336,23.937808990478516
2,8,2807,0,52.30696105957031,40.399253845214844
2,8,2807,1,52.311363220214844,40.396995544433594
2,8,2807,2,52.3154182434082,40.39467239379883
2,8,2807,3,52.31925582885742,40.3928337097168
2,8,2807,4,52.32303237915039,40.39009475708008
2,8,2807,5,52.32736587524414,40.38787078857422
2,8,2807,6,52.33158874511719,40.3856086730957
2,8,2807,7,52.33541488647461,40.38297653198242
2,8,2807,8,52.339996337890625,40.38153839111328
2,8,2807,9,52.34434509277344,40.37905502319336
2,8,2807,10,52.347286224365234,40.3765869140625
2,8,2807,11,52.35224914550781,40.37422180175781
2,8,2807,12,52.35671615600586,40.37223434448242
2,8,2807,13,52.36058807373047,40.36945724487305
2,8,2807,14,52.36541748046875,40.36739730834961
2,8,2807,15,52.36875534057617,40.36482238769531
2,8,2807,16,52.3731689453125,40.363155364990234
2,8,2807,17,52.377559661865234,40.36114501953125
2,8,2807,18,52.381103515625,40.35854721069336
2,8,2807,19,52.38608169555664,40.35741424560547
2,8,2807,20,52.39055252075195,40.35491180419922
2,8,2808,0,44.45979309082031,22.198076248168945
2,8,2808,1,44.47081756591797,22.200481414794922
2,8,2808,2,44.481502532958984,22.202823638916016
2,8,2808,3,44.49197769165039,22.20564842224121
2,8,2808,4,44.50239562988281,22.207576751708984
2,8,2808,5,44.51335525512695,22.21001434326172
2,8,2808,6,44.52421188354492,22.212411880493164
2,8,2808,7,44.5346794128418,22.21445655822754
2,8,2808,8,44.545867919921875,22.217676162719727
2,8,2808,9,44.556854248046875,22.2198543548584
2,8,2808,10,44.566436767578125,22.222049713134766
2,8,2808,11,44.578025817871094,22.224361419677734
2,8,2808,12,44.589115142822266,22.227033615112305
2,8,2808,13,44.59962844848633,22.228923797607422
2,8,2808,14,44.611083984375,22.23153305053711
2,8,2808,15,44.62106704711914,22.233619689941406
2,8,2808,16,44.632110595703125,22.236614227294922
2,8,2808,17,44.643131256103516,22.239273071289062
2,8,2808,18,44.653324127197266,22.241344451904297
2,8,2808,19,44.6649055480957,22.244871139526367
2,8,2808,20,44.67601013183594,22.247034072875977
2,8,2809,0,53.23497009277344,14.889469146728516
2,8,2809,1,53.253902435302734,14.903321266174316
2,8,2809,2,53.27249526977539,14.917110443115234
2,8,2809,3,53.2908821105957,14.93138313293457
2,8,2809,4,53.3092155456543,14.944762229919434
2,8,2809,5,53.328086853027344,14.958647727966309
2,8,2809,6,53.346858978271484,14.972498893737793
2,8,2809,7,53.36524963378906,14.985991477966309
2,8,2809,8,53.384334564208984,15.00065803527832
2,8,2809,9,53.40323257446289,15.014286994934082
2,8,2809,10,53.42072677612305,15.027933120727539
2,8,2809,11,53.44023132324219,15.041708946228027
2,8,2809,12,53.459228515625,15.055824279785156
2,8,2809,13,53.4776611328125,15.06916332244873
2,8,2809,14,53.49702835083008,15.08322525024414
2,8,2809,15,53.51492691040039,15.09676456451416
2,8,2809,16,53.533878326416016,15.111214637756348
2,8,2809,17,53.55280685424805,15.125329971313477
2,8,2809,18,53.570919036865234,15.138847351074219
2,8,2809,19,53.590396881103516,15.15382194519043
2,8,2809,20,53.60942077636719,15.167441368103027
2,8,2810,0,47.21742248535156,25.663110733032227
2,8,2810,1,47.22687911987305,25.664997100830078
2,8,2810,2,47.23598861694336,25.66682243347168
2,8,2810,3,47.244895935058594,25.669132232666016
2,8,2810,4,47.25373840332031,25.670541763305664
2,8,2810,5,47.263126373291016,25.672462463378906
2,8,2810,6,47.27241134643555,25.67434310913086
2,8,2810,7,47.28130340576172,25.675865173339844
2,8,2810,8,47.290924072265625,25.678571701049805
2,8,2810,9,47.30033493041992,25.68023109436035
2,8,2810,10,47.308349609375,25.681909561157227
2,8,2810,11,47.318359375,25.683700561523438
2,8,2810,12,47.327880859375,25.685853958129883
2,8,2810,13,47.33681869506836,25.687225341796875
2,8,2810,14,47.34669876098633,25.689313888549805
2,8,2810,15,47.35511016845703,25.690881729125977
2,8,2810,16,47.36457824707031,25.693363189697266
2,8,2810,17,47.374027252197266,25.69550323486328
2,8,2810,18,47.38264846801758,25.69705581665039
2,8,2810,19,47.392662048339844,25.700069427490234
2,8,2810,20,47.40219497680664,25.701711654663086
2,8,2811,0,58.93377685546875,11.894635200500488
2,8,2811,1,58.965084075927734,11.921902656555176
2,8,2811,2,58.99603271484375,11.949106216430664
2,8,2811,3,59.02678298950195,11.976798057556152
2,8,2811,4,59.057464599609375,12.00359058380127
2,8,2811,5,59.08871078491211,12.030893325805664
2,8,2811,6,59.11983871459961,12.058158874511719
2,8,2811,7,59.150596618652344,12.08505630493164
2,8,2811,8,59.18205261230469,12.113137245178223
2,8,2811,9,59.21330642700195,12.140185356140137
2,8,2811,10,59.243160247802734,12.167253494262695
2,8,2811,11,59.2750358581543,12.194443702697754
2,8,2811,12,59.306396484375,12.221973419189453
2,8,2811,13,59.337188720703125,12.248716354370117
2,8,2811,14,59.36893081665039,12.276199340820312
2,8,2811,15,59.39917755126953,12.303165435791016
2,8,2811,16,59.43050765991211,12.331032752990723
2,8,2811,17,59.46180725097656,12.358565330505371
2,8,2811,18,59.492271423339844,12.385499954223633
2,8,2811,19,59.52412414550781,12.41389274597168
2,8,2811,20,59.555519104003906,12.440934181213379
2,8,2812,0,55.130680084228516,17.20713233947754
2,8,2812,1,55.14976119995117,17.219881057739258
2,8,2812,2,55.16850280761719,17.232566833496094
2,8,2812,3,55.187034606933594,17.24573516845703
2,8,2812,4,55.20551300048828,17.25800895690918
2,8,2812,5,55.22452926635742,17.270790100097656
2,8,2812,6,55.24345016479492,17.283536911010742
2,8,2812,7,55.26198196411133,17.29592514038086
2,8,2812,8,55.281219482421875,17.309486389160156
2,8,2812,9,55.300262451171875,17.322010040283203
2,8,2812,10,55.317909240722656,17.33455467224121
2,8,2812,11,55.33755874633789,17.34722328186035
2,8,2812,12,55.35670471191406,17.3602352142334
2,8,2812,13,55.37527847290039,17.372468948364258
2,8,2812,14,55.39479446411133,17.385427474975586
2,8,2812,15,55.412841796875,17.397863388061523
2,8,2812,16,55.431941986083984,17.41120719909668
2,8,2812,17,55.451019287109375,17.424217224121094
2,8,2812,18,55.469276428222656,17.43663215637207
2,8,2812,19,55.48890686035156,17.450502395629883
2,8,2812,20,55.508079528808594,17.463016510009766
2,8,2813,0,60.98526382446289,19.816604614257812
2,8,2813,1,61.00312805175781,19.827232360839844
2,8,2813,2,61.020652770996094,19.83779525756836
2,8,2813,3,61.03797912597656,19.84884262084961
2,8,2813,4,61.05524444580078,19.85899543762207
2,8,2813,5,61.07304382324219,19.869653701782227
2,8,2813,6,61.09074783325195,19.880279541015625
2,8,2813,7,61.10806655883789,19.890548706054688
2,8,2813,8,61.12609100341797,19.90199089050293
2,8,2813,9,61.1439208984375,19.912391662597656
2,8,2813,10,61.16035079956055,19.922813415527344
2,8,2813,11,61.17877960205078,19.933361053466797
2,8,2813,12,61.196712493896484,19.944252014160156
2,8,2813,13,61.21406936645508,19.954368591308594
2,8,2813,14,61.232364654541016,19.9652042388916
2,8,2813,15,61.24919891357422,19.97551727294922
2,8,2813,16,61.267086029052734,19.986738204956055
2,8,2813,17,61.28494644165039,19.99762725830078
2,8,2813,18,61.3019905090332,20.00792121887207
2,8,2813,19,61.32040786743164,20.019670486450195
2,8,2813,20,61.33835983276367,20.03006362915039
2,8,2814,0,58.965484619140625,12.297772407531738
2,8,2814,1,58.99140167236328,12.320398330688477
2,8,2814,2,59.016971588134766,12.342963218688965
2,8,2814,3,59.04233932495117,12.366016387939453
2,8,2814,4,59.06765365600586,12.388172149658203
2,8,2814,5,59.09351348876953,12.410834312438965
2,8,2814,6,59.1192626953125,12.43346118927002
2,8,2814,7,59.14463806152344,12.455726623535156
2,8,2814,8,59.17070007324219,12.479165077209473
2,8,2814,9,59.19658279418945,12.501571655273438
2,8,2814,10,59.2210578918457,12.524001121520996
2,8,2814,11,59.24754333496094,12.546552658081055
2,8,2814,12,59.273521423339844,12.569442749023438
2,8,2814,13,59.29893493652344,12.591552734375
2,8,2814,14,59.32528305053711,12.61439037322998
2,8,2814,15,59.35016632080078,12.636714935302734
2,8,2814,16,59.376102447509766,12.659943580627441
2,8,2814,17,59.40201187133789,12.682835578918457
2,8,2814,18,59.42710494995117,12.705132484436035
2,8,2814,19,59.45355987548828,12.7288818359375
2,8,2814,20,59.47956848144531,12.751280784606934
2,8,2815,0,60.295650482177734,16.049039840698242
2,8,2815,1,60.32963562011719,16.076698303222656
2,8,2815,2,60.363258361816406,16.10429573059082
2,8,2815,3,60.39668273925781,16.132375717163086
2,8,2815,4,60.430030822753906,16.159561157226562
2,8,2815,5,60.463958740234375,16.187259674072266
2,8,2815,6,60.497764587402344,16.214920043945312
2,8,2815,7,60.53119659423828,16.24220848083496
2,8,2815,8,60.565338134765625,16.270679473876953
2,8,2815,9,60.599266052246094,16.29812240600586
2,8,2815,10,60.63178634643555,16.325578689575195
2,8,2815,11,60.666343688964844,16.353160858154297
2,8,2815,12,60.70038604736328,16.381086349487305
2,8,2815,13,60.733848571777344,16.40822410583496
2,8,2815,14,60.76827621459961,16.436100006103516
2,8,2815,15,60.80118942260742,16.463455200195312
2,8,2815,16,60.835201263427734,16.491714477539062
2,8,2815,17,60.869178771972656,16.519634246826172
2,8,2815,18,60.902313232421875,16.54696273803711
2,8,2815,19,60.936859130859375,16.575746536254883
2,8,2815,20,60.97093200683594,16.60318374633789
2,8,2816,0,55.56790542602539,20.954795837402344
2,8,2816,1,55.58880615234375,20.969825744628906
2,8,2816,2,55.60935592651367,20.984790802001953
2,8,2816,3,55.62970733642578,21.00023651123047
2,8,2816,4,55.64999008178711,21.01479148864746
2,8,2816,5,55.67082595825195,21.02985191345215
2,8,2816,6,55.69155502319336,21.044879913330078
2,8,2816,7,55.7119026184082,21.059537887573242
2,8,2816,8,55.73296356201172,21.07537078857422
2,8,2816,9,55.75381851196289,21.090177536010742
2,8,2816,10,55.77326965332031,21.105003356933594
2,8,2816,11,55.794734954833984,21.119943618774414
2,8,2816,12,55.815696716308594,21.135234832763672
2,8,2816,13,55.836082458496094,21.14974594116211
2,8,2816,14,55.85741424560547,21.164979934692383
2,8,2816,15,55.87726593017578,21.179698944091797
2,8,2816,16,55.898189544677734,21.195316314697266
2,8,2816,17,55.91908645629883,21.210599899291992
2,8,2816,18,55.93914794921875,21.225296020507812
2,8,2816,19,55.960609436035156,21.241436004638672
2,8,2816,20,55.98158645629883,21.25623321533203
2,8,2817,0,56.171302795410156,10.085538864135742
2,8,2817,1,56.20130157470703,10.112198829650879
2,8,2817,2,56.2309455871582,10.138795852661133
2,8,2817,3,56.26039123535156,10.16588306427002
2,8,2817,4,56.28977584838867,10.19206714630127
2,8,2817,5,56.31971740722656,10.218762397766113
2,8,2817,6,56.349544525146484,10.245423316955566
2,8,2817,7,56.378997802734375,10.27171516418457
2,8,2817,8,56.409141540527344,10.299189567565918
2,8,2817,9,56.43909454345703,10.325628280639648
2,8,2817,10,56.46764373779297,10.352088928222656
2,8,2817,11,56.49821472167969,10.378674507141113
2,8,2817,12,56.52826690673828,10.405595779418945
2,8,2817,13,56.55775833129883,10.431735038757324
2,8,2817,14,56.58818817138672,10.458610534667969
2,8,2817,15,56.61714172363281,10.484967231750488
2,8,2817,16,56.647159576416016,10.51223087310791
2,8,2817,17,56.677154541015625,10.539158821105957
2,8,2817,18,56.70631790161133,10.565485954284668
2,8,2817,19,56.736854553222656,10.593273162841797
2,8,2817,20,56.76694107055664,10.619708061218262
2,8,2818,0,54.30112838745117,25.1304988861084
2,8,2818,1,54.319366455078125,25.14058494567871
2,8,2818,2,54.33726119995117,25.150609970092773
2,8,2818,3,54.35494613647461,25.161113739013672
2,8,2818,4,54.37256622314453,25.170726776123047
2,8,2818,5,54.39073944091797,25.180849075317383
2,8,2818,6,54.40880584716797,25.190933227539062
2,8,2818,7,54.42648696899414,25.200653076171875
2,8,2818,8,54.444889068603516,25.2115478515625
2,8,2818,9,54.46308135986328,25.22141456604004
2,8,2818,10,54.47987365722656,25.23129653930664
2,8,2818,11,54.49867630004883,25.241296768188477
2,8,2818,12,54.51697540283203,25.25164794921875
2,8,2818,13,54.53469467163086,25.261219024658203
2,8,2818,14,54.553367614746094,25.271512985229492
2,8,2818,15,54.570556640625,25.281288146972656
2,8,2818,16,54.58881378173828,25.29196548461914
2,8,2818,17,54.6070442199707,25.30230712890625
2,8,2818,18,54.624446868896484,25.312063217163086
2,8,2818,19,54.64324188232422,25.32326316833496
2,8,2818,20,54.66156005859375,25.33311653137207
2,8,2819,0,53.50562286376953,14.957101821899414
2,8,2819,1,53.53921890258789,14.983741760253906
2,8,2819,2,53.57246017456055,15.010322570800781
2,8,2819,3,53.605499267578125,15.037385940551758
2,8,2819,4,53.638465881347656,15.063556671142578
2,8,2819,5,53.67200469970703,15.090235710144043
2,8,2819,6,53.70542526245117,15.116877555847168
2,8,2819,7,53.73847198486328,15.143149375915527
2,8,2819,8,53.77222442626953,15.170598030090332
2,8,2819,9,53.80576705932617,15.197028160095215
2,8,2819,10,53.83790969848633,15.223470687866211
2,8,2819,11,53.872074127197266,15.250032424926758
2,8,2819,12,53.90572738647461,15.276938438415527
2,8,2819,13,53.938804626464844,15.303060531616211
2,8,2819,14,53.97283935546875,15.329916000366211
2,8,2819,15,54.005374908447266,15.356256484985352
2,8,2819,16,54.038997650146484,15.38349723815918
2,8,2819,17,54.07258605957031,15.410399436950684
2,8,2819,18,54.10533905029297,15.436711311340332
2,8,2819,19,54.13949203491211,15.464470863342285
2,8,2819,20,54.17317581176758,15.490888595581055
2,8,2820,0,55.084129333496094,16.270732879638672
2,8,2820,1,55.10380554199219,16.28509521484375
2,8,2820,2,55.12313461303711,16.29939842224121
2,8,2820,3,55.14225769042969,16.314180374145508
2,8,2820,4,55.16132354736328,16.32807159423828
2,8,2820,5,55.180931091308594,16.34246826171875
2,8,2820,6,55.200439453125,16.356830596923828
2,8,2820,7,55.219566345214844,16.370832443237305
2,8,2820,8,55.23939514160156,16.386005401611328
2,8,2820,9,55.25902557373047,16.400146484375
2,8,2820,10,55.277259826660156,16.414304733276367
2,8,2820,11,55.29750061035156,16.4285888671875
2,8,2820,12,55.31723403930664,16.44321632385254
2,8,2820,13,55.33639907836914,16.457063674926758
2,8,2820,14,55.35650634765625,16.471635818481445
2,8,2820,15,55.37514114379883,16.485689163208008
2,8,2820,16,55.394832611083984,16.500648498535156
2,8,2820,17,55.41450119018555,16.515274047851562
2,8,2820,18,55.433345794677734,16.5293025970459
2,8,2820,19,55.45356369018555,16.544784545898438
2,8,2820,20,55.47332763671875,16.558916091918945
2,8,2821,0,56.49114990234375,22.959325790405273
2,8,2821,1,56.50457000732422,22.965221405029297
2,8,2821,2,56.51765441894531,22.971054077148438
2,8,2821,3,56.5305290222168,22.977367401123047
2,8,2821,4,56.5433464050293,22.982786178588867
2,8,2821,5,56.55670166015625,22.98871421813965
2,8,2821,6,56.56996536254883,22.994606018066406
2,8,2821,7,56.58283233642578,23.000141143798828
2,8,2821,8,56.596412658691406,23.006853103637695
2,8,2821,9,56.609798431396484,23.012523651123047
2,8,2821,10,56.62178039550781,23.01820945739746
2,8,2821,11,56.63576889038086,23.02402114868164
2,8,2821,12,56.64925765991211,23.030183792114258
2,8,2821,13,56.66217041015625,23.035564422607422
2,8,2821,14,56.676025390625,23.041667938232422
2,8,2821,15,56.688411712646484,23.047245025634766
2,8,2821,16,56.70185089111328,23.053733825683594
2,8,2821,17,56.715267181396484,23.059886932373047
2,8,2821,18,56.72786331176758,23.065446853637695
2,8,2821,19,56.74184036254883,23.072467803955078
2,8,2821,20,56.75535202026367,23.078126907348633
2,9,2900,0,50.63544845581055,18.431926727294922
2,9,2900,1,50.66072463989258,18.451873779296875
2,9,2900,2,50.68564987182617,18.47176170349121
2,9,2900,3,50.71036911010742,18.492130279541016
2,9,2900,4,50.735023498535156,18.51160430908203
2,9,2900,5,50.76023864746094,18.53158950805664
2,9,2900,6,50.78533935546875,18.551538467407227
2,9,2900,7,50.81006622314453,18.57111358642578
2,9,2900,8,50.83549880981445,18.591869354248047
2,9,2900,9,50.8607292175293,18.61159896850586
2,9,2900,10,50.88455581665039,18.63134765625
2,9,2900,11,50.910400390625,18.651208877563477
2,9,2900,12,50.93573760986328,18.671422958374023
2,9,2900,13,50.96049499511719,18.69085121154785
2,9,2900,14,50.986209869384766,18.711009979248047
2,9,2900,15,51.01042938232422,18.73065185546875
2,9,2900,16,51.03573226928711,18.751195907592773
2,9,2900,17,51.06100082397461,18.771398544311523
2,9,2900,18,51.0854377746582,18.791013717651367
2,9,2900,19,51.111270904541016,18.812082290649414
2,9,2900,20,51.13663101196289,18.831802368164062
2,9,2901,0,52.22398376464844,19.284170150756836
2,9,2901,1,52.241416931152344,19.29559898376465
2,9,2901,2,52.25850296020508,19.306968688964844
2,9,2901,3,52.275390625,19.318819046020508
2,9,2901,4,52.292213439941406,19.329776763916016
2,9,2901,5,52.3095817565918,19.34123992919922
2,9,2901,6,52.32685089111328,19.35266876220703
2,9,2901,7,52.34373474121094,19.363739013671875
2,9,2901,8,52.361328125,19.3759765625
2,9,2901,9,52.37871551513672,19.387184143066406
2,9,2901,10,52.39471435546875,19.39841079711914
2,9,2901,11,52.41271209716797,19.40975570678711
2,9,2901,12,52.430206298828125,19.421451568603516
2,9,2901,13,52.44712829589844,19.4323673248291
2,9,2901,14,52.464996337890625,19.44400405883789
2,9,2901,15,52.481388092041016,19.455121994018555
2,9,2901,16,52.49884033203125,19.467147827148438
2,9,2901,17,52.51626968383789,19.478836059570312
2,9,2901,18,52.532875061035156,19.489933013916016
2,9,2901,19,52.55086135864258,19.50248146057129
2,9,2901,20,52.568382263183594,19.5136775970459
2,9,2902,0,54.71070861816406,19.677072525024414
2,9,2902,1,54.73504638671875,19.69512939453125
2,9,2902,2,54.759037017822266,19.713125228881836
2,9,2902,3,54.78282165527344,19.73160171508789
2,9,2902,4,54.806541442871094,19.749187469482422
2,9,2902,5,54.83081817626953,19.76727867126465
2,9,2902,6,54.854984283447266,19.785335540771484
2,9,2902,7,54.87876892089844,19.80302619934082
2,9,2902,8,54.90326690673828,19.821889877319336
2,9,2902,9,54.92755889892578,19.8397274017334
2,9,2902,10,54.9504508972168,19.857587814331055
2,9,2902,11,54.97535705566406,19.875558853149414
2,9,2902,12,54.999755859375,19.893878936767578
2,9,2902,13,55.02357864379883,19.911420822143555
2,9,2902,14,55.04835510253906,19.9296875
2,9,2902,15,55.0716438293457,19.947437286376953
2,9,2902,16,55.096004486083984,19.966087341308594
2,9,2902,17,55.12033462524414,19.98440170288086
2,9,2902,18,55.143836975097656,20.00212860107422
2,9,2902,19,55.168731689453125,20.02130126953125
2,9,2902,20,55.193153381347656,20.039127349853516
2,9,2903,0,48.70346450805664,19.657947540283203
2,9,2903,1,48.717262268066406,19.663745880126953
2,9,2903,2,48.730716705322266,19.669477462768555
2,9,2903,3,48.74396514892578,19.675691604614258
2,9,2903,4,48.75716018676758,19.681013107299805
2,9,2903,5,48.77088928222656,19.686840057373047
2,9,2903,6,48.784523010253906,19.6926326751709
2,9,2903,7,48.797767639160156,19.698068618774414
2,9,2903,8,48.81172561645508,19.704683303833008
2,9,2903,9,48.82548522949219,19.71025276184082
2,9,2903,10,48.83784103393555,19.715837478637695
2,9,2903,11,48.852203369140625,19.72154998779297
2,9,2903,12,48.866065979003906,19.72761344909668
2,9,2903,13,48.87935256958008,19.732894897460938
2,9,2903,14,48.89358139038086,19.73889923095703
2,9,2903,15,48.906341552734375,19.74437713623047
2,9,2903,16,48.9201545715332,19.75076675415039
2,9,2903,17,48.93394470214844,19.75682258605957
2,9,2903,18,48.94691848754883,19.76228141784668
2,9,2903,19,48.96126937866211,19.769203186035156
2,9,2903,20,48.975154876708984,19.774763107299805
2,9,2904,0,48.02284240722656,21.36391830444336
2,9,2904,1,48.04033660888672,21.373430252075195
2,9,2904,2,48.0574836730957,21.38288116455078
2,9,2904,3,48.074424743652344,21.392812728881836
2,9,2904,4,48.091304779052734,21.401851654052734
2,9,2904,5,48.108734130859375,21.411399841308594
2,9,2904,6,48.12605667114258,21.420909881591797
2,9,2904,7,48.143001556396484,21.4300594329834
2,9,2904,8,48.16065216064453,21.440380096435547
2,9,2904,9,48.1781005859375,21.449670791625977
2,9,2904,10,48.19415283203125,21.458980560302734
2,9,2904,11,48.21220779418945,21.46840476989746
2,9,2904,12,48.22976303100586,21.478181838989258
2,9,2904,13,48.24674606323242,21.487180709838867
2,9,2904,14,48.26466751098633,21.49690055847168
2,9,2904,15,48.28111267089844,21.506099700927734
2,9,2904,16,48.298622131347656,21.516204833984375
2,9,2904,17,48.31610870361328,21.525972366333008
2,9,2904,18,48.33277130126953,21.535154342651367
2,9,2904,19,48.35081481933594,21.545780181884766
2,9,2904,20,48.36839294433594,21.5550594329834
2,9,2905,0,59.469139099121094,36.37362289428711
2,9,2905,1,59.47974395751953,36.37313461303711
2,9,2905,2,59.49000930786133,36.372581481933594
2,9,2905,3,59.500064849853516,36.372520446777344
2,9,2905,4,59.51005554199219,36.37155532836914
2,9,2905,5,59.52059555053711,36.371097564697266
2,9,2905,6,59.53103256225586,36.370601654052734
2,9,2905,7,59.541072845458984,36.369747161865234
2,9,2905,8,59.55185317993164,36.370079040527344
2,9,2905,9,59.56241226196289,36.369361877441406
2,9,2905,10,59.571571350097656,36.36867141723633
2,9,2905,11,59.582740783691406,36.36807632446289
2,9,2905,12,59.59341049194336,36.367855072021484
2,9,2905,13,59.60349655151367,36.366851806640625
2,9,2905,14,59.614532470703125,36.36656188964844
2,9,2905,15,59.62409210205078,36.36575698852539
2,9,2905,16,59.63471221923828,36.36585998535156
2,9,2905,17,59.64531326293945,36.36562728881836
2,9,2905,18,59.65507888793945,36.364803314208984
2,9,2905,19,59.66625213623047,36.365440368652344
2,9,2905,20,59.67693328857422,36.36470413208008
2,9,2906,0,48.06898880004883,20.690488815307617
2,9,2906,1,48.09088134765625,20.70651626586914
2,9,2906,2,48.112422943115234,20.722482681274414
2,9,2906,3,48.13376235961914,20.73892593383789
2,9,2906,4,48.155033111572266,20.754478454589844
2,9,2906,5,48.17686462402344,20.770538330078125
2,9,2906,6,48.19858169555664,20.78656578063965
2,9,2906,7,48.21992111206055,20.802221298217773
2,9,2906,8,48.241973876953125,20.819053649902344
2,9,2906,9,48.26382064819336,20.834861755371094
2,9,2906,10,48.284263610839844,20.850685119628906
2,9,2906,11,48.30672073364258,20.86662483215332
2,9,2906,12,48.32867431640625,20.882915496826172
2,9,2906,13,48.35004806518555,20.898426055908203
2,9,2906,14,48.37237548828125,20.914663314819336
2,9,2906,15,48.39321517944336,20.930377960205078
2,9,2906,16,48.415130615234375,20.946996688842773
2,9,2906,17,48.437015533447266,20.963275909423828
2,9,2906,18,48.45806884765625,20.978971481323242
2,9,2906,19,48.48052215576172,20.99611473083496
2,9,2906,20,48.50249481201172,21.011911392211914
2,9,2907,0,47.89897155761719,23.492321014404297
2,9,2907,1,47.92030715942383,23.507305145263672
2,9,2907,2,47.9412841796875,23.52222442626953
2,9,2907,3,47.96205139160156,23.537622451782227
2,9,2907,4,47.982757568359375,23.5521297454834
2,9,2907,5,48.0040283203125,23.567148208618164
2,9,2907,6,48.02518081665039,23.582130432128906
2,9,2907,7,48.04595184326172,23.596736907958984
2,9,2907,8,48.067447662353516,23.612525939941406
2,9,2907,9,48.08872985839844,23.62729263305664
2,9,2907,10,48.108604431152344,23.642066955566406
2,9,2907,11,48.1305046081543,23.65696144104004
2,9,2907,12,48.151893615722656,23.672210693359375
2,9,2907,13,48.17270278930664,23.686674118041992
2,9,2907,14,48.19447326660156,23.701868057250977
2,9,2907,15,48.21474075317383,23.71653938293457
2,9,2907,16,48.23609161376953,23.732112884521484
2,9,2907,17,48.257415771484375,23.747343063354492
2,9,2907,18,48.277896881103516,23.761993408203125
2,9,2907,19,48.2997932434082,23.778091430664062
2,9,2907,20,48.321205139160156,23.792844772338867
2,9,2908,0,56.77097702026367,34.95950698852539
2,9,2908,1,56.778785705566406,34.96138000488281
2,9,2908,2,56.7862548828125,34.96318817138672
2,9,2908,3,56.79350662231445,34.965476989746094
2,9,2908,4,56.800697326660156,34.96686935424805
2,9,2908,5,56.808441162109375,34.968772888183594
2,9,2908,6,56.816078186035156,34.970638275146484
2,9,2908,7,56.82331848144531,34.97214126586914
2,9,2908,8,56.831302642822266,34.97481918334961
2,9,2908,9,56.83906555175781,34.97646713256836
2,9,2908,10,56.845420837402344,34.978126525878906
2,9,2908,11,56.85379409790039,34.97990036010742
2,9,2908,12,56.86166763305664,34.98203659057617
2,9,2908,13,56.868953704833984,34.98339080810547
2,9,2908,14,56.877193450927734,34.9854621887207
2,9,2908,15,56.883949279785156,34.98701858520508
2,9,2908,16,56.89177322387695,34.98947525024414
2,9,2908,17,56.899574279785156,34.99159622192383
2,9,2908,18,56.90653991699219,34.993133544921875
2,9,2908,19,56.9149169921875,34.99612045288086
2,9,2908,20,56.92280197143555,34.99774932861328
2,9,2909,0,46.846405029296875,31.897716522216797
2,9,2909,1,46.850704193115234,31.892234802246094
2,9,2909,2,46.85466003417969,31.886688232421875
2,9,2909,3,46.858402252197266,31.881629943847656
2,9,2909,4,46.862083435058594,31.87566375732422
2,9,2909,5,46.866310119628906,31.87021255493164
2,9,2909,6,46.87043762207031,31.864723205566406
2,9,2909,7,46.87416458129883,31.858875274658203
2,9,2909,8,46.878639221191406,31.854217529296875
2,9,2909,9,46.88288879394531,31.848501205444336
2,9,2909,10,46.8857307434082,31.84280776977539
2,9,2909,11,46.89059066772461,31.837223052978516
2,9,2909,12,46.89495849609375,31.832008361816406
2,9,2909,13,46.89873123168945,31.826013565063477
2,9,2909,14,46.90346145629883,31.820730209350586
2,9,2909,15,46.90670394897461,31.81492042541504
2,9,2909,16,46.91101837158203,31.810029983520508
2,9,2909,17,46.91530990600586,31.804798126220703
2,9,2909,18,46.918758392333984,31.79897689819336
2,9,2909,19,46.92363357543945,31.794628143310547
2,9,2909,20,46.92800521850586,31.788894653320312
2,9,2910,0,50.7499885559082,26.88309669494629
2,9,2910,1,50.76136779785156,26.884979248046875
2,9,2910,2,50.77240753173828,26.886796951293945
2,9,2910,3,50.783241271972656,26.889101028442383
2,9,2910,4,50.79401397705078,26.8905086517334
2,9,2910,5,50.805328369140625,26.89242172241211
2,9,2910,6,50.8165397644043,26.894298553466797
2,9,2910,7,50.827362060546875,26.89581871032715
2,9,2910,8,50.83890914916992,26.898515701293945
2,9,2910,9,50.850250244140625,26.900171279907227
2,9,2910,10,50.86018753051758,26.901845932006836
2,9,2910,11,50.87213134765625,26.90363311767578
2,9,2910,12,50.883575439453125,26.905780792236328
2,9,2910,13,50.89444351196289,26.907148361206055
2,9,2910,14,50.906253814697266,26.90923309326172
2,9,2910,15,50.91659164428711,26.910797119140625
2,9,2910,16,50.9279899597168,26.913270950317383
2,9,2910,17,50.93936538696289,26.915407180786133
2,9,2910,18,50.949913024902344,26.916955947875977
2,9,2910,19,50.961856842041016,26.919960021972656
2,9,2910,20,50.97331619262695,26.921598434448242
2,9,2911,0,52.794803619384766,23.047191619873047
2,9,2911,1,52.812278747558594,23.05947494506836
2,9,2911,2,52.82940673828125,23.071697235107422
2,9,2911,3,52.84632873535156,23.08439826965332
2,9,2911,4,52.86318588256836,23.096208572387695
2,9,2911,5,52.88059997558594,23.1085262298584
2,9,2911,6,52.89789962768555,23.120807647705078
2,9,2911,7,52.914825439453125,23.132722854614258
2,9,2911,8,52.932456970214844,23.145809173583984
2,9,2911,9,52.949886322021484,23.157873153686523
2,9,2911,10,52.96591567993164,23.169952392578125
2,9,2911,11,52.98395538330078,23.182146072387695
2,9,2911,12,53.001487731933594,23.19469451904297
2,9,2911,13,53.01844787597656,23.20646095275879
2,9,2911,14,53.036354064941406,23.218950271606445
2,9,2911,15,53.05278396606445,23.230924606323242
2,9,2911,16,53.070274353027344,23.24379539489746
2,9,2911,17,53.087745666503906,23.256332397460938
2,9,2911,18,53.1043815612793,23.268285751342773
2,9,2911,19,53.12240982055664,23.281681060791016
2,9,2911,20,53.13996505737305,23.293729782104492
2,9,2912,0,52.83260726928711,13.096134185791016
2,9,2912,1,52.85517120361328,13.11278247833252
2,9,2912,2,52.87739181518555,13.12936782836914
2,9,2912,3,52.899410247802734,13.146442413330078
2,9,2912,4,52.92137145996094,13.162620544433594
2,9,2912,5,52.943870544433594,13.179301261901855
2,9,2912,6,52.96627426147461,13.195950508117676
2,9,2912,7,52.9882926940918,13.212242126464844
2,9,2912,8,53.01100158691406,13.229707717895508
2,9,2912,9,53.033531188964844,13.246132850646973
2,9,2912,10,53.05465316772461,13.262582778930664
2,9,2912,11,53.07778549194336,13.279154777526855
2,9,2912,12,53.10041046142578,13.296066284179688
2,9,2912,13,53.12247085571289,13.312203407287598
2,9,2912,14,53.145469665527344,13.329062461853027
2,9,2912,15,53.16699981689453,13.345403671264648
2,9,2912,16,53.189579010009766,13.362653732299805
2,9,2912,17,53.21213912963867,13.379569053649902
2,9,2912,18,53.2338752746582,13.395886421203613
2,9,2912,19,53.256980895996094,13.41365909576416
2,9,2912,20,53.27963638305664,13.430076599121094
2,9,2913,0,52.0870475769043,29.359182357788086
2,9,2913,1,52.092716217041016,29.356657028198242
2,9,2913,2,52.09804916381836,29.35406494140625
2,9,2913,3,52.10316848754883,29.351959228515625
2,9,2913,4,52.10822677612305,29.34895133972168
2,9,2913,5,52.11383056640625,29.34645652770996
2,9,2913,6,52.11933517456055,29.34391975402832
2,9,2913,7,52.12444305419922,29.341028213500977
2,9,2913,8,52.13028335571289,29.33932113647461
2,9,2913,9,52.13591003417969,29.336565017700195
2,9,2913,10,52.14012908935547,29.33382225036621
2,9,2913,11,52.146366119384766,29.331199645996094
2,9,2913,12,52.15210723876953,29.32893943786621
2,9,2913,13,52.15726089477539,29.325895309448242
2,9,2913,14,52.16336441040039,29.323570251464844
2,9,2913,15,52.16798782348633,29.32071876525879
2,9,2913,16,52.173675537109375,29.318782806396484
2,9,2913,17,52.17934036254883,29.316511154174805
2,9,2913,18,52.184173583984375,29.313642501831055
2,9,2913,19,52.19041061401367,29.312246322631836
2,9,2913,20,52.196163177490234,29.309471130371094
2,9,2914,0,56.95096969604492,25.50088882446289
2,9,2914,1,56.966033935546875,25.507707595825195
2,9,2914,2,56.98075485229492,25.514463424682617
2,9,2914,3,56.99527359008789,25.52170181274414
2,9,2914,4,57.00973129272461,25.528047561645508
2,9,2914,5,57.02473068237305,25.53489875793457
2,9,2914,6,57.03962707519531,25.541715621948242
2,9,2914,7,57.05413818359375,25.548171997070312
2,9,2914,8,57.06936264038086,25.555801391601562
2,9,2914,9,57.08438491821289,25.562395095825195
2,9,2914,10,57.0980110168457,25.56900978088379
2,9,2914,11,57.1136360168457,25.57573890686035
2,9,2914,12,57.12876510620117,25.582822799682617
2,9,2914,13,57.14331817626953,25.589128494262695
2,9,2914,14,57.1588134765625,25.596153259277344
2,9,2914,15,57.17283630371094,25.6026554107666
2,9,2914,16,57.18791580200195,25.61006736755371
2,9,2914,17,57.202972412109375,25.617141723632812
2,9,2914,18,57.21720886230469,25.62363052368164
2,9,2914,19,57.232826232910156,25.631567001342773
2,9,2914,20,57.24797439575195,25.63814926147461
2,9,2915,0,54.0538444519043,14.674235343933105
2,9,2915,1,54.09313201904297,14.705039978027344
2,9,2915,2,54.13205337524414,14.735785484313965
2,9,2915,3,54.170780181884766,14.767023086547852
2,9,2915,4,54.20942306518555,14.797350883483887
2,9,2915,5,54.248661041259766,14.828197479248047
2,9,2915,6,54.28776550292969,14.85900592803955
2,9,2915,7,54.326499938964844,14.889431953430176
2,9,2915,8,54.36595153808594,14.921063423156738
2,9,2915,9,54.405181884765625,14.951650619506836
2,9,2915,10,54.442996978759766,14.982258796691895
2,9,2915,11,54.48286056518555,15.01297664642334
2,9,2915,12,54.52220916748047,15.04405403137207
2,9,2915,13,54.560970306396484,15.074325561523438
2,9,2915,14,54.60070037841797,15.105347633361816
2,9,2915,15,54.638912200927734,15.135854721069336
2,9,2915,16,54.67823791503906,15.167277336120605
2,9,2915,17,54.7175178527832,15.198346138000488
2,9,2915,18,54.755950927734375,15.22882080078125
2,9,2915,19,54.795814514160156,15.260770797729492
2,9,2915,20,54.83518981933594,15.291352272033691
2,9,2916,0,51.60238265991211,42.36734390258789
2,9,2916,1,51.60527420043945,42.36560821533203
2,9,2916,2,51.607818603515625,42.363807678222656
2,9,2916,3,51.61014938354492,42.36249923706055
2,9,2916,4,51.6124153137207,42.36027908325195
2,9,2916,5,51.61524200439453,42.358577728271484
2,9,2916,6,51.617950439453125,42.356842041015625
2,9,2916,7,51.620262145996094,42.35472106933594
2,9,2916,8,51.62334060668945,42.35381317138672
2,9,2916,9,51.626182556152344,42.35185241699219
2,9,2916,10,51.62760925292969,42.34990692138672
2,9,2916,11,51.63105773925781,42.348060607910156
2,9,2916,12,51.63401412963867,42.346595764160156
2,9,2916,13,51.63636779785156,42.34433364868164
2,9,2916,14,51.63969039916992,42.342803955078125
2,9,2916,15,51.64151382446289,42.34074401855469
2,9,2916,16,51.64442443847656,42.33960723876953
2,9,2916,17,51.647308349609375,42.33811569213867
2,9,2916,18,51.64934158325195,42.336036682128906
2,9,2916,19,51.652809143066406,42.3354377746582
2,9,2916,20,51.65576934814453,42.33345413208008
2,9,2917,0,53.180538177490234,30.925939559936523
2,9,2917,1,53.18777084350586,30.923877716064453
2,9,2917,2,53.19466781616211,30.921754837036133
2,9,2917,3,53.201351165771484,30.92011833190918
2,9,2917,4,53.20798110961914,30.917577743530273
2,9,2917,5,53.21514892578125,30.915550231933594
2,9,2917,6,53.22221755981445,30.913484573364258
2,9,2917,7,53.22888946533203,30.911060333251953
2,9,2917,8,53.236297607421875,30.909820556640625
2,9,2917,9,53.243492126464844,30.90753173828125
2,9,2917,10,53.2492790222168,30.905263900756836
2,9,2917,11,53.257076263427734,30.90310287475586
2,9,2917,12,53.264381408691406,30.90131187438965
2,9,2917,13,53.27109909057617,30.89873504638672
2,9,2917,14,53.27876663208008,30.896875381469727
2,9,2917,15,53.28496170043945,30.894495010375977
2,9,2917,16,53.292213439941406,30.89302635192871
2,9,2917,17,53.299442291259766,30.891220092773438
2,9,2917,18,53.30583953857422,30.888822555541992
2,9,2917,19,53.31364440917969,30.887893676757812
2,9,2917,20,53.32095718383789,30.885583877563477
2,9,2918,0,57.09452438354492,20.89842414855957
2,9,2918,1,57.112247467041016,20.90853500366211
2,9,2918,2,57.12962341308594,20.918582916259766
2,9,2918,3,57.14680099487305,20.929115295410156
2,9,2918,4,57.163917541503906,20.938753128051758
2,9,2918,5,57.181575775146484,20.948896408081055
2,9,2918,6,57.19913101196289,20.95900535583496
2,9,2918,7,57.21630096435547,20.9687557220459
2,9,2918,8,57.23418045043945,20.979679107666016
2,9,2918,9,57.251861572265625,20.98956298828125
2,9,2918,10,57.26814651489258,20.99947166442871
2,9,2918,11,57.28642654418945,21.009496688842773
2,9,2918,12,57.3042106628418,21.019872665405273
2,9,2918,13,57.3214225769043,21.029470443725586
2,9,2918,14,57.33957290649414,21.039785385131836
2,9,2918,15,57.35625457763672,21.049583435058594
2,9,2918,16,57.37399673461914,21.06028938293457
2,9,2918,17,57.3917121887207,21.070659637451172
2,9,2918,18,57.408607482910156,21.0804386138916
2,9,2918,19,57.426883697509766,21.0916690826416
2,9,2918,20,57.44468688964844,21.101543426513672
2,9,2919,0,56.4463996887207,32.83109664916992
2,9,2919,1,56.4593620300293,32.83578109741211
2,9,2919,2,56.471981048583984,32.84040832519531
2,9,2919,3,56.48439025878906,32.84551239013672
2,9,2919,4,56.496742248535156,32.849727630615234
2,9,2919,5,56.509639739990234,32.85444641113281
2,9,2919,6,56.52243423461914,32.859130859375
2,9,2919,7,56.53483581542969,32.86345291137695
2,9,2919,8,56.54796600341797,32.86894607543945
2,9,2919,9,56.56088638305664,32.8734130859375
2,9,2919,10,56.57240295410156,32.877891540527344
2,9,2919,11,56.5859260559082,32.882484436035156
2,9,2919,12,56.59895324707031,32.88743591308594
2,9,2919,13,56.61139678955078,32.89160919189453
2,9,2919,14,56.62479019165039,32.89649963378906
2,9,2919,15,56.6367073059082,32.90087127685547
2,9,2919,16,56.64968490600586,32.90614700317383
2,9,2919,17,56.66263961791992,32.91108322143555
2,9,2919,18,56.67476272583008,32.91543960571289
2,9,2919,19,56.68828582763672,32.92123794555664
2,9,2919,20,56.70132827758789,32.925689697265625
2,9,2920,0,58.008201599121094,9.921828269958496
2,9,2920,1,58.03199005126953,9.943697929382324
2,9,2920,2,58.05543899536133,9.965508460998535
2,9,2920,3,58.078678131103516,9.98780632019043
2,9,2920,4,58.10186767578125,10.009208679199219
2,9,2920,5,58.12559509277344,10.03111457824707
2,9,2920,6,58.14922332763672,10.052986145019531
2,9,2920,7,58.17247009277344,10.07450008392334
2,9,2920,8,58.1963996887207,10.097187042236328
2,9,2920,9,58.220157623291016,10.1188383102417
2,9,2920,10,58.24250411987305,10.140511512756348
2,9,2920,11,58.26686477661133,10.162312507629395
2,9,2920,12,58.29071807861328,10.184446334838867
2,9,2920,13,58.31400680541992,10.205805778503418
2,9,2920,14,58.338226318359375,10.227889060974121
2,9,2920,15,58.36098861694336,10.249458312988281
2,9,2920,16,58.38479232788086,10.271933555603027
2,9,2920,17,58.408573150634766,10.294072151184082
2,9,2920,18,58.431541442871094,10.315614700317383
2,9,2920,19,58.45586395263672,10.338610649108887
2,9,2920,20,58.47974395751953,10.360255241394043
2,9,2921,0,51.92928695678711,38.86495590209961
2,9,2921,1,51.93141174316406,38.85584259033203
2,9,2921,2,51.93320083618164,38.84666061401367
2,9,2921,3,51.93476867675781,38.83797073364258
2,9,2921,4,51.93627166748047,38.828369140625
2,9,2921,5,51.938331604003906,38.81928634643555
2,9,2921,6,51.940284729003906,38.81016540527344
2,9,2921,7,51.94183349609375,38.800682067871094
2,9,2921,8,51.94414138793945,38.792396545410156
2,9,2921,9,51.946224212646484,38.783050537109375
2,9,2921,10,51.94688034057617,38.77371597290039
2,9,2921,11,51.94957733154297,38.76449966430664
2,9,2921,12,51.95177459716797,38.75565719604492
2,9,2921,13,51.953369140625,38.746028900146484
2,9,2921,14,51.955928802490234,38.737117767333984
2,9,2921,15,51.957000732421875,38.7276725769043
2,9,2921,16,51.95914077758789,38.719146728515625
2,9,2921,17,51.96126174926758,38.71028518676758
2,9,2921,18,51.96253204345703,38.700828552246094
2,9,2921,19,51.96524429321289,38.69285202026367
2,9,2921,20,51.967445373535156,38.68348693847656
2,10,3000,0,50.23015594482422,23.528966903686523
2,10,3000,1,50.248191833496094,23.540061950683594
2,10,3000,2,50.265872955322266,23.551095962524414
2,10,3000,3,50.283348083496094,23.562606811523438
2,10,3000,4,50.30076217651367,23.57322883605957
2,10,3000,5,50.31873321533203,23.5843563079834
2,10,3000,6,50.33658981323242,23.59545135498047
2,10,3000,7,50.354068756103516,23.606176376342773
2,10,3000,8,50.37226486206055,23.618078231811523
2,10,3000,9,50.3902473449707,23.628952026367188
2,10,3000,10,50.40682601928711,23.639842987060547
2,10,3000,11,50.4254264831543,23.650848388671875
2,10,3000,12,50.44352340698242,23.662208557128906
2,10,3000,13,50.46103286743164,23.672786712646484
2,10,3000,14,50.47949981689453,23.68408966064453
2,10,3000,15,50.49647903442383,23.69487190246582
2,10,3000,16,50.514530181884766,23.706558227539062
2,10,3000,17,50.532554626464844,23.717906951904297
2,10,3000,18,50.549747467041016,23.728670120239258
2,10,3000,19,50.56834030151367,23.740877151489258
2,10,3000,20,50.58645248413086,23.751739501953125
2,10,3001,0,48.7524528503418,26.596445083618164
2,10,3001,1,48.77012252807617,26.61065673828125
2,10,3001,2,48.78743362426758,26.624805450439453
2,10,3001,3,48.804534912109375,26.639436721801758
2,10,3001,4,48.82156753540039,26.653167724609375
2,10,3001,5,48.83917236328125,26.667415618896484
2,10,3001,6,48.85665512084961,26.681625366210938
2,10,3001,7,48.87375259399414,26.695459365844727
2,10,3001,8,48.8915901184082,26.710487365722656
2,10,3001,9,48.909202575683594,26.724477767944336
2,10,3001,10,48.92539978027344,26.738479614257812
2,10,3001,11,48.94363021850586,26.752593994140625
2,10,3001,12,48.96135711669922,26.76707649230957
2,10,3001,13,48.97848892211914,26.780763626098633
2,10,3001,14,48.99658966064453,26.795183181762695
2,10,3001,15,49.01318359375,26.809080123901367
2,10,3001,16,49.0308723449707,26.823890686035156
2,10,3001,17,49.04853057861328,26.83835220336914
2,10,3001,18,49.065338134765625,26.85222625732422
2,10,3001,19,49.08357238769531,26.86756706237793
2,10,3001,20,49.101314544677734,26.88154411315918
2,10,3002,0,51.732444763183594,28.37040901184082
2,10,3002,1,51.74375915527344,28.37531852722168
2,10,3002,2,51.754730224609375,28.380168914794922
2,10,3002,3,51.7654914855957,28.385498046875
2,10,3002,4,51.77619171142578,28.389936447143555
2,10,3002,5,51.78744125366211,28.394880294799805
2,10,3002,6,51.798587799072266,28.39978790283203
2,10,3002,7,51.80934143066406,28.404333114624023
2,10,3002,8,51.820823669433594,28.410049438476562
2,10,3002,9,51.832096099853516,28.41473960876465
2,10,3002,10,51.84196090698242,28.419443130493164
2,10,3002,11,51.853843688964844,28.42426109313965
2,10,3002,12,51.8652229309082,28.429439544677734
2,10,3002,13,51.87601852416992,28.433835983276367
2,10,3002,14,51.88776779174805,28.438949584960938
2,10,3002,15,51.898033142089844,28.443546295166016
2,10,3002,16,51.90936279296875,28.449045181274414
2,10,3002,17,51.92067337036133,28.454206466674805
2,10,3002,18,51.931148529052734,28.45878791809082
2,10,3002,19,51.943023681640625,28.464811325073242
2,10,3002,20,51.95442199707031,28.469486236572266
2,10,3003,0,49.07841873168945,24.346033096313477
2,10,3003,1,49.088993072509766,24.34815216064453
2,10,3003,2,49.09922790527344,24.350208282470703
2,10,3003,3,49.1092529296875,24.352746963500977
2,10,3003,4,49.11922073364258,24.354389190673828
2,10,3003,5,49.129730224609375,24.356538772583008
2,10,3003,6,49.14013671875,24.358654022216797
2,10,3003,7,49.15015411376953,24.36041259765625
2,10,3003,8,49.16089630126953,24.36334800720215
2,10,3003,9,49.17142868041992,24.3652400970459
2,10,3003,10,49.18056106567383,24.36714744567871
2,10,3003,11,49.19169998168945,24.369176864624023
2,10,3003,12,49.20234298706055,24.371562957763672
2,10,3003,13,49.212406158447266,24.373167037963867
2,10,3003,14,49.223411560058594,24.375492095947266
2,10,3003,15,49.23294448852539,24.377290725708008
2,10,3003,16,49.24353790283203,24.380002975463867
2,10,3003,17,49.25410842895508,24.382375717163086
2,10,3003,18,49.263851165771484,24.384159088134766
2,10,3003,19,49.274986267089844,24.38740348815918
2,10,3003,20,49.28564453125,24.3892822265625
2,10,3004,0,49.685176849365234,22.6878604888916
2,10,3004,1,49.697235107421875,22.691328048706055
2,10,3004,2,49.708953857421875,22.694730758666992
2,10,3004,3,49.720462799072266,22.698617935180664
2,10,3004,4,49.73191452026367,22.701608657836914
2,10,3004,5,49.7439079284668,22.705106735229492
2,10,3004,6,49.755802154541016,22.708568572998047
2,10,3004,7,49.767303466796875,22.7116756439209
2,10,3004,8,49.77952575683594,22.715957641601562
2,10,3004,9,49.79154586791992,22.71919822692871
2,10,3004,10,49.802162170410156,22.722454071044922
2,10,3004,11,49.81478500366211,22.725833892822266
2,10,3004,12,49.82691192626953,22.729564666748047
2,10,3004,13,49.83845901489258,22.732519149780273
2,10,3004,14,49.850948333740234,22.73619270324707
2,10,3004,15,49.861968994140625,22.73933982849121
2,10,3004,16,49.87404251098633,22.74340057373047
2,10,3004,17,49.8860969543457,22.747121810913086
2,10,3004,18,49.8973274230957,22.750255584716797
2,10,3004,19,49.909942626953125,22.754844665527344
2,10,3004,20,49.92208480834961,22.758071899414062
2,10,3005,0,60.56072998046875,28.391468048095703
2,10,3005,1,60.580650329589844,28.402902603149414
2,10,3005,2,60.6002197265625,28.414276123046875
2,10,3005,3,60.61957931518555,28.426128387451172
2,10,3005,4,60.63888168334961,28.437089920043945
2,10,3005,5,60.65873336791992,28.448558807373047
2,10,3005,6,60.6784782409668,28.459993362426758
2,10,3005,7,60.69784164428711,28.471059799194336
2,10,3005,8,60.717926025390625,28.483299255371094
2,10,3005,9,60.737796783447266,28.494516372680664
2,10,3005,10,60.756263732910156,28.505748748779297
2,10,3005,11,60.77674865722656,28.5170955657959
2,10,3005,12,60.796730041503906,28.52879524230957
2,10,3005,13,60.81612777709961,28.53971290588379
2,10,3005,14,60.836483001708984,28.551355361938477
2,10,3005,15,60.8553466796875,28.56247901916504
2,10,3005,16,60.87528610229492,28.574504852294922
2,10,3005,17,60.895198822021484,28.586193084716797
2,10,3005,18,60.914276123046875,28.59729766845703
2,10,3005,19,60.93475341796875,28.609844207763672
2,10,3005,20,60.95475387573242,28.621047973632812
2,10,3006,0,51.537479400634766,33.09581756591797
2,10,3006,1,51.551292419433594,33.10287857055664
2,10,3006,2,51.564754486083984,33.1098747253418
2,10,3006,3,51.578006744384766,33.11735153198242
2,10,3006,4,51.5911979675293,33.123931884765625
2,10,3006,5,51.604942321777344,33.13102340698242
2,10,3006,6,51.61857604980469,33.13808059692383
2,10,3006,7,51.63182067871094,33.1447639465332
2,10,3006,8,51.64580535888672,33.15263366699219
2,10,3006,9,51.65956115722656,33.15946960449219
2,10,3006,10,51.67192077636719,33.16632080078125
2,10,3006,11,51.68628692626953,33.17327880859375
2,10,3006,12,51.70016098022461,33.18060302734375
2,10,3006,13,51.71344757080078,33.18714141845703
2,10,3006,14,51.727684020996094,33.19440460205078
2,10,3006,15,51.74043655395508,33.201148986816406
2,10,3006,16,51.7542610168457,33.208797454833984
2,10,3006,17,51.768062591552734,33.216102600097656
2,10,3006,18,51.781028747558594,33.22282409667969
2,10,3006,19,51.79540252685547,33.23100280761719
2,10,3006,20,51.80928421020508,33.237823486328125
2,10,3007,0,47.654449462890625,34.78486633300781
2,10,3007,1,47.6562385559082,34.780235290527344
2,10,3007,2,47.657684326171875,34.77553939819336
2,10,3007,3,47.65891647338867,34.771331787109375
2,10,3007,4,47.66008377075195,34.76621627807617
2,10,3007,5,47.661800384521484,34.761619567871094
2,10,3007,6,47.663414001464844,34.756980895996094
2,10,3007,7,47.66462707519531,34.75197982788086
2,10,3007,8,47.66659164428711,34.748165130615234
2,10,3007,9,47.668331146240234,34.74330520629883
2,10,3007,10,47.66865921020508,34.738460540771484
2,10,3007,11,47.6710090637207,34.73372268676758
2,10,3007,12,47.6728630065918,34.72936248779297
2,10,3007,13,47.67411804199219,34.72421646118164
2,10,3007,14,47.67633819580078,34.719783782958984
2,10,3007,15,47.67707061767578,34.71482849121094
2,10,3007,16,47.678871154785156,34.710784912109375
2,10,3007,17,47.68064880371094,34.70640182495117
2,10,3007,18,47.68158721923828,34.70143127441406
2,10,3007,19,47.68395233154297,34.69792938232422
2,10,3007,20,47.685813903808594,34.693050384521484
2,10,3008,0,49.03432846069336,27.545373916625977
2,10,3008,1,49.04069900512695,27.543350219726562
2,10,3008,2,49.046730041503906,27.541263580322266
2,10,3008,3,49.05255126953125,27.539663314819336
2,10,3008,4,49.058311462402344,27.537158966064453
2,10,3008,5,49.064613342285156,27.535167694091797
2,10,3008,6,49.07081985473633,27.53313636779785
2,10,3008,7,49.07662582397461,27.530750274658203
2,10,3008,8,49.083168029785156,27.52954864501953
2,10,3008,9,49.08949661254883,27.527294158935547
2,10,3008,10,49.094417572021484,27.525060653686523
2,10,3008,11,49.10135269165039,27.52294158935547
2,10,3008,12,49.107791900634766,27.52118492126465
2,10,3008,13,49.1136474609375,27.518644332885742
2,10,3008,14,49.12044906616211,27.51682472229004
2,10,3008,15,49.12577438354492,27.514476776123047
2,10,3008,16,49.132164001464844,27.513046264648438
2,10,3008,17,49.13853073120117,27.51127815246582
2,10,3008,18,49.14406204223633,27.5089168548584
2,10,3008,19,49.150997161865234,27.508024215698242
2,10,3008,20,49.157447814941406,27.505752563476562
2,10,3009,0,55.417724609375,39.83457565307617
2,10,3009,1,55.43181610107422,39.84336853027344
2,10,3009,2,55.4455451965332,39.85209655761719
2,10,3009,3,55.459068298339844,39.86130905151367
2,10,3009,4,55.4725227355957,39.8696174621582
2,10,3009,5,55.486549377441406,39.878440856933594
2,10,3009,6,55.500450134277344,39.887229919433594
2,10,3009,7,55.51396179199219,39.89563751220703
2,10,3009,8,55.52822494506836,39.90524673461914
2,10,3009,9,55.54225540161133,39.913814544677734
2,10,3009,10,55.55487823486328,39.92239761352539
2,10,3009,11,55.569515228271484,39.93108367919922
2,10,3009,12,55.58366394042969,39.94013977050781
2,10,3009,13,55.59721374511719,39.94840621948242
2,10,3009,14,55.61172866821289,39.9573974609375
2,10,3009,15,55.62473678588867,39.96587371826172
2,10,3009,16,55.63884353637695,39.97526168823242
2,10,3009,17,55.65291976928711,39.98429489135742
2,10,3009,18,55.66614532470703,39.99274444580078
2,10,3009,19,55.68080139160156,40.002662658691406
2,10,3009,20,55.6949577331543,40.01121139526367
2,10,3010,0,55.74514389038086,32.51124954223633
2,10,3010,1,55.754547119140625,32.51311492919922
2,10,3010,2,55.76360321044922,32.514923095703125
2,10,3010,3,55.77245330810547,32.5172119140625
2,10,3010,4,55.78124237060547,32.51860427856445
2,10,3010,5,55.79057693481445,32.520503997802734
2,10,3010,6,55.799808502197266,32.522369384765625
2,10,3010,7,55.80864715576172,32.523868560791016
2,10,3010,8,55.818214416503906,32.526554107666016
2,10,3010,9,55.827571868896484,32.528194427490234
2,10,3010,10,55.83552932739258,32.52985382080078
2,10,3010,11,55.845489501953125,32.53162384033203
2,10,3010,12,55.85495376586914,32.53376007080078
2,10,3010,13,55.86383819580078,32.53511047363281
2,10,3010,14,55.87366485595703,32.53717803955078
2,10,3010,15,55.88201904296875,32.53873062133789
2,10,3010,16,55.89143753051758,32.54119110107422
2,10,3010,17,55.90082931518555,32.543312072753906
2,10,3010,18,55.909393310546875,32.54484558105469
2,10,3010,19,55.91935729980469,32.54783630371094
2,10,3010,20,55.928836822509766,32.54945755004883
2,10,3011,0,55.521705627441406,38.285987854003906
2,10,3011,1,55.52382278442383,38.278926849365234
2,10,3011,2,55.525604248046875,38.27180099487305
2,10,3011,3,55.527164459228516,38.26515579223633
2,10,3011,4,55.52866744995117,38.257606506347656
2,10,3011,5,55.53071594238281,38.25057601928711
2,10,3011,6,55.53266525268555,38.24350357055664
2,10,3011,7,55.534210205078125,38.2360725402832
2,10,3011,8,55.53650665283203,38.22983169555664
2,10,3011,9,55.538578033447266,38.222537994384766
2,10,3011,10,55.53923797607422,38.21525192260742
2,10,3011,11,55.54191970825195,38.208091735839844
2,10,3011,12,55.544105529785156,38.201297760009766
2,10,3011,13,55.54569625854492,38.19371795654297
2,10,3011,14,55.548248291015625,38.18685531616211
2,10,3011,15,55.54931640625,38.17946243286133
2,10,3011,16,55.551448822021484,38.1729850769043
2,10,3011,17,55.553558349609375,38.166175842285156
2,10,3011,18,55.55482864379883,38.15876770019531
2,10,3011,19,55.557525634765625,38.152835845947266
2,10,3011,20,55.559715270996094,38.14552688598633
2,10,3012,0,54.21152114868164,39.014976501464844
2,10,3012,1,54.2185173034668,39.01657485961914
2,10,3012,2,54.225162506103516,39.018104553222656
2,10,3012,3,54.23159408569336,39.02012252807617
2,10,3012,4,54.23796463012695,39.021236419677734
2,10,3012,5,54.24489212036133,39.02286911010742
2,10,3012,6,54.251705169677734,39.02445983886719
2,10,3012,7,54.25812911987305,39.02568054199219
2,10,3012,8,54.26530075073242,39.02809524536133
2,10,3012,9,54.27224349975586,39.02946472167969
2,10,3012,10,54.277774810791016,39.030845642089844
2,10,3012,11,54.28532791137695,39.032344818115234
2,10,3012,12,54.29238510131836,39.034210205078125
2,10,3012,13,54.29884719848633,39.035282135009766
2,10,3012,14,54.306270599365234,39.03708267211914
2,10,3012,15,54.312198638916016,39.03835678100586
2,10,3012,16,54.31920623779297,39.04054641723633
2,10,3012,17,54.32618713378906,39.042388916015625
2,10,3012,18,54.33232879638672,39.043643951416016
2,10,3012,19,54.33989334106445,39.04636764526367
2,10,3012,20,54.346954345703125,39.04772186279297
2,10,3013,0,55.62458419799805,12.963056564331055
2,10,3013,1,55.643272399902344,12.97795581817627
2,10,3013,2,55.661617279052734,12.992791175842285
2,10,3013,3,55.679752349853516,13.008112907409668
2,10,3013,4,55.697837829589844,13.022537231445312
2,10,3013,5,55.716461181640625,13.037467956542969
2,10,3013,6,55.7349853515625,13.052366256713867
2,10,3013,7,55.75312423706055,13.06690788269043
2,10,3013,8,55.77195739746094,13.082625389099121
2,10,3013,9,55.79061508178711,13.097299575805664
2,10,3013,10,55.8078498840332,13.111990928649902
2,10,3013,11,55.827110290527344,13.12681770324707
2,10,3013,12,55.84585952758789,13.141979217529297
2,10,3013,13,55.864044189453125,13.156365394592285
2,10,3013,14,55.88316345214844,13.171475410461426
2,10,3013,15,55.900814056396484,13.186059951782227
2,10,3013,16,55.919517517089844,13.201559066772461
2,10,3013,17,55.93819808959961,13.216723442077637
2,10,3013,18,55.9560546875,13.231287002563477
2,10,3013,19,55.97528076171875,13.247315406799316
2,10,3013,20,55.99406051635742,13.261983871459961
2,10,3014,0,53.80514907836914,35.51563262939453
2,10,3014,1,53.80982971191406,35.509647369384766
2,10,3014,2,53.81416702270508,35.50359344482422
2,10,3014,3,53.818294525146484,35.49803161621094
2,10,3014,4,53.822357177734375,35.49155807495117
2,10,3014,5,53.826969146728516,35.48560333251953
2,10,3014,6,53.831478118896484,35.479610443115234
2,10,3014,7,53.83558654785156,35.47325897216797
2,10,3014,8,53.8404426574707,35.46809387207031
2,10,3014,9,53.84507751464844,35.46187210083008
2,10,3014,10,53.848297119140625,35.45567321777344
2,10,3014,11,53.85354232788086,35.449588775634766
2,10,3014,12,53.85829162597656,35.443870544433594
2,10,3014,13,53.86244583129883,35.43737030029297
2,10,3014,14,53.86756134033203,35.431583404541016
2,10,3014,15,53.871185302734375,35.425270080566406
2,10,3014,16,53.875877380371094,35.41987228393555
2,10,3014,17,53.88055419921875,35.41413879394531
2,10,3014,18,53.88438415527344,35.40781021118164
2,10,3014,19,53.8896369934082,35.4029541015625
2,10,3014,20,53.89439392089844,35.39672088623047
2,10,3015,0,54.36875534057617,19.194259643554688
2,10,3015,1,54.384822845458984,19.203140258789062
2,10,3015,2,54.400550842285156,19.211956024169922
2,10,3015,3,54.41607666015625,19.221254348754883
2,10,3015,4,54.431541442871094,19.229660034179688
2,10,3015,5,54.44754409790039,19.238571166992188
2,10,3015,6,54.46345138549805,19.24744987487793
2,10,3015,7,54.47896957397461,19.255970001220703
2,10,3015,8,54.49519729614258,19.26566505432129
2,10,3015,9,54.51123046875,19.27431869506836
2,10,3015,10,54.52585983276367,19.28299331665039
2,10,3015,11,54.5424919128418,19.291791915893555
2,10,3015,12,54.55862808227539,19.300935745239258
2,10,3015,13,54.574188232421875,19.30930519104004
2,10,3015,14,54.5906867980957,19.318391799926758
2,10,3015,15,54.60572052001953,19.326955795288086
2,10,3015,16,54.62181091308594,19.336429595947266
2,10,3015,17,54.637874603271484,19.345569610595703
2,10,3015,18,54.65311813354492,19.35411834716797
2,10,3015,19,54.669742584228516,19.364120483398438
2,10,3015,20,54.68589782714844,19.372764587402344
2,10,3016,0,51.58974838256836,11.757813453674316
2,10,3016,1,51.618370056152344,11.7810640335083
2,10,3016,2,51.64664077758789,11.804250717163086
2,10,3016,3,51.674713134765625,11.827925682067871
2,10,3016,4,51.702720642089844,11.850701332092285
2,10,3016,5,51.731285095214844,11.873985290527344
2,10,3016,6,51.75973892211914,11.897237777709961
2,10,3016,7,51.78781509399414,11.920122146606445
2,10,3016,8,51.816585540771484,11.944184303283691
2,10,3016,9,51.84516525268555,11.96721363067627
2,10,3016,10,51.87234115600586,11.990265846252441
2,10,3016,11,51.90153503417969,12.01344108581543
2,10,3016,12,51.93021774291992,12.03695297241211
2,10,3016,13,51.95832824707031,12.059686660766602
2,10,3016,14,51.987388610839844,12.083151817321777
2,10,3016,15,52.01496505737305,12.106096267700195
2,10,3016,16,52.043609619140625,12.129948616027832
2,10,3016,17,52.072227478027344,12.153464317321777
2,10,3016,18,52.10001754760742,12.176382064819336
2,10,3016,19,52.129188537597656,12.200757026672363
2,10,3016,20,52.157901763916016,12.223782539367676
2,10,3017,0,52.56439971923828,34.18081283569336
2,10,3017,1,52.57261276245117,34.18062973022461
2,10,3017,2,52.58047866821289,34.18038558959961
2,10,3017,3,52.588134765625,34.18062973022461
2,10,3017,4,52.59572982788086,34.179969787597656
2,10,3017,5,52.60387420654297,34.1798210144043
2,10,3017,6,52.61191177368164,34.17963790893555
2,10,3017,7,52.61955642700195,34.1790885925293
2,10,3017,8,52.62793731689453,34.179725646972656
2,10,3017,9,52.636104583740234,34.179317474365234
2,10,3017,10,52.64286422729492,34.17892837524414
2,10,3017,11,52.651634216308594,34.178646087646484
2,10,3017,12,52.659912109375,34.17873764038086
2,10,3017,13,52.66759490966797,34.17803955078125
2,10,3017,14,52.67623519897461,34.17805862426758
2,10,3017,15,52.68339920043945,34.17755889892578
2,10,3017,16,52.69162368774414,34.177974700927734
2,10,3017,17,52.699825286865234,34.178043365478516
2,10,3017,18,52.707191467285156,34.177528381347656
2,10,3017,19,52.715972900390625,34.1784782409668
2,10,3017,20,52.72425842285156,34.17805099487305
2,10,3018,0,54.18791961669922,18.001182556152344
2,10,3018,1,54.204002380371094,18.01129913330078
2,10,3018,2,54.219749450683594,18.021350860595703
2,10,3018,3,54.235294342041016,18.031885147094727
2,10,3018,4,54.25077819824219,18.04152488708496
2,10,3018,5,54.26679611206055,18.051673889160156
2,10,3018,6,54.28272247314453,18.061786651611328
2,10,3018,7,54.29825973510742,18.071542739868164
2,10,3018,8,54.31450271606445,18.082469940185547
2,10,3018,9,54.33055114746094,18.09235954284668
2,10,3018,10,54.3452033996582,18.10226821899414
2,10,3018,11,54.36185073852539,18.112302780151367
2,10,3018,12,54.37800598144531,18.122682571411133
2,10,3018,13,54.39358139038086,18.132286071777344
2,10,3018,14,54.410099029541016,18.142608642578125
2,10,3018,15,54.42515182495117,18.152408599853516
2,10,3018,16,54.44125747680664,18.163118362426758
2,10,3018,17,54.457340240478516,18.173492431640625
2,10,3018,18,54.47260284423828,18.18327522277832
2,10,3018,19,54.48924255371094,18.19451141357422
2,10,3018,20,54.50541305541992,18.204391479492188
2,10,3019,0,55.545204162597656,41.48975372314453
2,10,3019,1,55.54603576660156,41.48140335083008
2,10,3019,2,55.54652786254883,41.47298812866211
2,10,3019,3,55.54679870605469,41.465057373046875
2,10,3019,4,55.5470085144043,41.45621871948242
2,10,3019,5,55.54777145385742,41.44790267944336
2,10,3019,6,55.54842758178711,41.43954086303711
2,10,3019,7,55.548683166503906,41.430824279785156
2,10,3019,8,55.54969024658203,41.42329406738281
2,10,3019,9,55.55047607421875,41.414710998535156
2,10,3019,10,55.54983901977539,41.40614318847656
2,10,3019,11,55.55123519897461,41.39768981933594
2,10,3019,12,55.5521354675293,41.389610290527344
2,10,3019,13,55.55243682861328,41.380741119384766
2,10,3019,14,55.55370330810547,41.37259292602539
2,10,3019,15,55.55347442626953,41.363914489746094
2,10,3019,16,55.55431365966797,41.35614776611328
2,10,3019,17,55.555137634277344,41.34804916381836
2,10,3019,18,55.55511474609375,41.33935546875
2,10,3019,19,55.556522369384766,41.33213806152344
2,10,3019,20,55.55742645263672,41.32353210449219
2,10,3020,0,51.23395538330078,19.818761825561523
2,10,3020,1,51.25077438354492,19.828269958496094
2,10,3020,2,51.26725387573242,19.837717056274414
2,10,3020,3,51.283531188964844,19.847646713256836
2,10,3020,4,51.299747467041016,19.85668182373047
2,10,3020,5,51.316505432128906,19.86622428894043
2,10,3020,6,51.333160400390625,19.875732421875
2,10,3020,7,51.34943389892578,19.8848819732666
2,10,3020,8,51.36641311645508,19.895200729370117
2,10,3020,9,51.38319396972656,19.904483795166016
2,10,3020,10,51.398582458496094,19.913789749145508
2,10,3020,11,51.41596221923828,19.92321014404297
2,10,3020,12,51.4328498840332,19.932985305786133
2,10,3020,13,51.449161529541016,19.941980361938477
2,10,3020,14,51.46641159057617,19.95169448852539
2,10,3020,15,51.48219299316406,19.960891723632812
2,10,3020,16,51.4990348815918,19.97099494934082
2,10,3020,17,51.51585006713867,19.98076057434082
2,10,3020,18,51.5318489074707,19.989938735961914
2,10,3020,19,51.549224853515625,20.000564575195312
2,10,3020,20,51.56612777709961,20.009838104248047
2,10,3021,0,56.752254486083984,23.34563446044922
2,10,3021,1,56.7682991027832,23.353790283203125
2,10,3021,2,56.78399658203125,23.361881256103516
2,10,3021,3,56.79949188232422,23.370454788208008
2,10,3021,4,56.8149299621582,23.378137588500977
2,10,3021,5,56.83090591430664,23.38632583618164
2,10,3021,6,56.84678268432617,23.39447784423828
2,10,3021,7,56.862274169921875,23.402273178100586
2,10,3021,8,56.87847900390625,23.411237716674805
2,10,3021,9,56.89447784423828,23.419166564941406
2,10,3021,10,56.909080505371094,23.42711639404297
2,10,3021,11,56.92568588256836,23.435184478759766
2,10,3021,12,56.94179153442383,23.443603515625
2,10,3021,13,56.95732116699219,23.451248168945312
2,10,3021,14,56.97379684448242,23.45960807800293
2,10,3021,15,56.98879623413086,23.467445373535156
2,10,3021,16,57.004859924316406,23.476194381713867
2,10,3021,17,57.02089309692383,23.48460578918457
2,10,3021,18,57.03610610961914,23.492429733276367
2,10,3021,19,57.052703857421875,23.50170135498047
2,10,3021,20,57.06883239746094,23.509618759155273
3,1,3100,0,46.82463073730469,17.659948348999023
3,1,3100,1,46.85092544555664,17.681123733520508
3,1,3100,2,46.876869201660156,17.702238082885742
3,1,3100,3,46.90260314941406,17.723831176757812
3,1,3100,4,46.92826843261719,17.74453353881836
3,1,3100,5,46.954505920410156,17.7657470703125
3,1,3100,6,46.980621337890625,17.786922454833984
3,1,3100,7,47.00636291503906,17.807723999023438
3,1,3100,8,47.03281784057617,17.82970428466797
3,1,3100,9,47.05906295776367,17.85066795349121
3,1,3100,10,47.08389663696289,17.87163543701172
3,1,3100,11,47.11076354980469,17.892723083496094
3,1,3100,12,47.137115478515625,17.914165496826172
3,1,3100,13,47.16289138793945,17.9348201751709
3,1,3100,14,47.18962478637695,17.956205368041992
3,1,3100,15,47.21485900878906,17.977075576782227
3,1,3100,16,47.24117660522461,17.99884605407715
3,1,3100,17,47.26746368408203,18.02027702331543
3,1,3100,18,47.292911529541016,18.041120529174805
3,1,3100,19,47.319766998291016,18.063413619995117
3,1,3100,20,47.34614562988281,18.084360122680664
3,1,3101,0,47.88066864013672,36.164039611816406
3,1,3101,1,47.88261413574219,36.15779495239258
3,1,3101,2,47.88421630859375,36.1514892578125
3,1,3101,3,47.88560104370117,36.145668029785156
3,1,3101,4,47.886924743652344,36.13893508911133
3,1,3101,5,47.888797760009766,36.132720947265625
3,1,3101,6,47.890567779541016,36.12647247314453
3,1,3101,7,47.891937255859375,36.11985397338867
3,1,3101,8,47.89405822753906,36.11443328857422
3,1,3101,9,47.89595413208008,36.10795593261719
3,1,3101,10,47.89643859863281,36.10149383544922
3,1,3101,11,47.89894485473633,36.09514617919922
3,1,3101,12,47.90095520019531,36.089168548583984
3,1,3101,13,47.902366638183594,36.0824089050293
3,1,3101,14,47.904747009277344,36.07636260986328
3,1,3101,15,47.90563201904297,36.06978988647461
3,1,3101,16,47.90758514404297,36.06413650512695
3,1,3101,17,47.909523010253906,36.05813980102539
3,1,3101,18,47.910614013671875,36.051551818847656
3,1,3101,19,47.91313552856445,36.04644012451172
3,1,3101,20,47.91515350341797,36.03994369506836
3,1,3102,0,51.27732467651367,17.055824279785156
3,1,3102,1,51.29601287841797,17.068056106567383
3,1,3102,2,51.31435775756836,17.080224990844727
3,1,3102,3,51.33250045776367,17.092880249023438
3,1,3102,4,51.3505859375,17.104637145996094
3,1,3102,5,51.36920928955078,17.11690330505371
3,1,3102,6,51.387733459472656,17.129133224487305
3,1,3102,7,51.40587615966797,17.14100456237793
3,1,3102,8,51.424720764160156,17.154050827026367
3,1,3102,9,51.44336700439453,17.166057586669922
3,1,3102,10,51.46062088012695,17.178085327148438
3,1,3102,11,51.47987365722656,17.190235137939453
3,1,3102,12,51.49862289428711,17.20273208618164
3,1,3102,13,51.51680374145508,17.214448928833008
3,1,3102,14,51.53592300415039,17.226890563964844
3,1,3102,15,51.55357360839844,17.23880958557129
3,1,3102,16,51.57228088378906,17.25164031982422
3,1,3102,17,51.590965270996094,17.26413345336914
3,1,3102,18,51.60882568359375,17.276031494140625
3,1,3102,19,51.6280632019043,17.289386749267578
3,1,3102,20,51.6468391418457,17.30138397216797
3,1,3103,0,54.99250793457031,38.3221435546875
3,1,3103,1,55.00161361694336,38.327369689941406
3,1,3103,2,55.01036834716797,38.3325309753418
3,1,3103,3,55.0189094543457,38.33817672729492
3,1,3103,4,55.02738952636719,38.34292221069336
3,1,3103,5,55.036434173583984,38.34817886352539
3,1,3103,6,55.045352935791016,38.35340118408203
3,1,3103,7,55.053890228271484,38.358245849609375
3,1,3103,8,55.063167572021484,38.364288330078125
3,1,3103,9,55.07222366333008,38.36928939819336
3,1,3103,10,55.07986831665039,38.37430191040039
3,1,3103,11,55.089534759521484,38.379425048828125
3,1,3103,12,55.09870147705078,38.384918212890625
3,1,3103,13,55.107276916503906,38.389617919921875
3,1,3103,14,55.1168098449707,38.395050048828125
3,1,3103,15,55.12485122680664,38.39995574951172
3,1,3103,16,55.133968353271484,38.4057731628418
3,1,3103,17,55.14306640625,38.4112434387207
3,1,3103,18,55.15131759643555,38.41613006591797
3,1,3103,19,55.16099166870117,38.42247772216797
3,1,3103,20,55.170166015625,38.42746353149414
3,1,3104,0,49.557552337646484,30.755367279052734
3,1,3104,1,49.564064025878906,30.754240036010742
3,1,3104,2,49.57023239135742,30.7530517578125
3,1,3104,3,49.57619094848633,30.75235366821289
3,1,3104,4,49.582088470458984,30.750747680664062
3,1,3104,5,49.58853530883789,30.74965476989746
3,1,3104,6,49.59487533569336,30.748523712158203
3,1,3104,7,49.6008186340332,30.74703025817871
3,1,3104,8,49.60750198364258,30.746728897094727
3,1,3104,9,49.61397171020508,30.745372772216797
3,1,3104,10,49.61903381347656,30.74403953552246
3,1,3104,11,49.62610626220703,30.74281120300293
3,1,3104,12,49.63268280029297,30.741954803466797
3,1,3104,13,49.638671875,30.740310668945312
3,1,3104,14,49.64561462402344,30.7393856048584
3,1,3104,15,49.65107727050781,30.737939834594727
3,1,3104,16,49.6576042175293,30.737409591674805
3,1,3104,17,49.66410827636719,30.736536026000977
3,1,3104,18,49.669776916503906,30.735074996948242
3,1,3104,19,49.676856994628906,30.735082626342773
3,1,3104,20,49.68344497680664,30.733707427978516
3,1,3105,0,56.04231643676758,15.546103477478027
3,1,3105,1,56.09083557128906,15.58143138885498
3,1,3105,2,56.13896942138672,15.616691589355469
3,1,3105,3,56.18689727783203,15.652456283569336
3,1,3105,4,56.23474884033203,15.687291145324707
3,1,3105,5,56.2832145690918,15.72265911102295
3,1,3105,6,56.33153533935547,15.757989883422852
3,1,3105,7,56.37948226928711,15.792917251586914
3,1,3105,8,56.42816925048828,15.829100608825684
3,1,3105,9,56.47661590576172,15.8641996383667
3,1,3105,10,56.52362823486328,15.89932632446289
3,1,3105,11,56.57273483276367,15.93456745147705
3,1,3105,12,56.621307373046875,15.970170974731445
3,1,3105,13,56.669281005859375,16.00494384765625
3,1,3105,14,56.71825408935547,16.040496826171875
3,1,3105,15,56.76565170288086,16.075510025024414
3,1,3105,16,56.814205169677734,16.111478805541992
3,1,3105,17,56.86271667480469,16.14707374572754
3,1,3105,18,56.91035079956055,16.18206024169922
3,1,3105,19,56.95945358276367,16.218570709228516
3,1,3105,20,57.008060455322266,16.253671646118164
3,1,3106,0,54.30882263183594,25.5906982421875
3,1,3106,1,54.321414947509766,25.595727920532227
3,1,3106,2,54.33366394042969,25.600696563720703
3,1,3106,3,54.345703125,25.606143951416016
3,1,3106,4,54.357688903808594,25.610700607299805
3,1,3106,5,54.37021255493164,25.61576271057129
3,1,3106,6,54.38263702392578,25.62078857421875
3,1,3106,7,54.39467239379883,25.625455856323242
3,1,3106,8,54.40742492675781,25.631296157836914
3,1,3106,9,54.41997146606445,25.6361026763916
3,1,3106,10,54.431121826171875,25.64092254638672
3,1,3106,11,54.44427490234375,25.645862579345703
3,1,3106,12,54.456932067871094,25.651159286499023
3,1,3106,13,54.46900939941406,25.655675888061523
3,1,3106,14,54.48202896118164,25.660911560058594
3,1,3106,15,54.49357604980469,25.665624618530273
3,1,3106,16,54.50618362426758,25.671245574951172
3,1,3106,17,54.518768310546875,25.676528930664062
3,1,3106,18,54.5305290222168,25.68122673034668
3,1,3106,19,54.543678283691406,25.687374114990234
3,1,3106,20,54.55634689331055,25.69216537475586
3,1,3107,0,47.07950973510742,33.490020751953125
3,1,3107,1,47.08437728881836,33.486412048339844
3,1,3107,2,47.088905334472656,33.48274230957031
3,1,3107,3,47.09321594238281,33.47956466674805
3,1,3107,4,47.09746551513672,33.47547912597656
3,1,3107,5,47.10226821899414,33.47190475463867
3,1,3107,6,47.10696029663086,33.468292236328125
3,1,3107,7,47.11125946044922,33.464317321777344
3,1,3107,8,47.116302490234375,33.46153259277344
3,1,3107,9,47.12112045288086,33.45769500732422
3,1,3107,10,47.12453842163086,33.45388412475586
3,1,3107,11,47.12996292114258,33.45016860961914
3,1,3107,12,47.1348991394043,33.446834564208984
3,1,3107,13,47.13924026489258,33.442710876464844
3,1,3107,14,47.14453887939453,33.439300537109375
3,1,3107,15,47.148353576660156,33.43537521362305
3,1,3107,16,47.15323257446289,33.43236541748047
3,1,3107,17,47.1580924987793,33.42900848388672
3,1,3107,18,47.16211700439453,33.42506408691406
3,1,3107,19,47.16755676269531,33.42259216308594
3,1,3107,20,47.1724967956543,33.41873550415039
3,1,3108,0,48.316497802734375,21.230300903320312
3,1,3108,1,48.33247756958008,21.240135192871094
3,1,3108,2,48.34811019897461,21.249908447265625
3,1,3108,3,48.3635368347168,21.260160446166992
3,1,3108,4,48.37890625,21.269521713256836
3,1,3108,5,48.39482116699219,21.279390335083008
3,1,3108,6,48.4106330871582,21.28922462463379
3,1,3108,7,48.42605972290039,21.298694610595703
3,1,3108,8,48.442203521728516,21.309335708618164
3,1,3108,9,48.45813751220703,21.31894874572754
3,1,3108,10,48.47267532348633,21.328580856323242
3,1,3108,11,48.489219665527344,21.338327407836914
3,1,3108,12,48.5052604675293,21.348426818847656
3,1,3108,13,48.520729064941406,21.35774803161621
3,1,3108,14,48.537139892578125,21.367788314819336
3,1,3108,15,48.55207824707031,21.37731170654297
3,1,3108,16,48.568077087402344,21.387737274169922
3,1,3108,17,48.584049224853516,21.3978271484375
3,1,3108,18,48.59919738769531,21.407331466674805
3,1,3108,19,48.61573028564453,21.41827964782715
3,1,3108,20,48.63179397583008,21.427879333496094
3,1,3109,0,52.94417953491211,32.28655242919922
3,1,3109,1,52.95643997192383,32.291603088378906
3,1,3109,2,52.96835708618164,32.296592712402344
3,1,3109,3,52.980064392089844,32.302059173583984
3,1,3109,4,52.99170684814453,32.306636810302734
3,1,3109,5,53.00390625,32.31172180175781
3,1,3109,6,53.015995025634766,32.316768646240234
3,1,3109,7,53.02769470214844,32.32145309448242
3,1,3109,8,53.04012680053711,32.327308654785156
3,1,3109,9,53.05234146118164,32.33213806152344
3,1,3109,10,53.06315231323242,32.336978912353516
3,1,3109,11,53.07597732543945,32.34193420410156
3,1,3109,12,53.08830261230469,32.347251892089844
3,1,3109,13,53.10004425048828,32.35178756713867
3,1,3109,14,53.112735748291016,32.35704040527344
3,1,3109,15,53.12394714355469,32.361778259277344
3,1,3109,16,53.13622283935547,32.36741638183594
3,1,3109,17,53.148475646972656,32.37271499633789
3,1,3109,18,53.15989685058594,32.37743377685547
3,1,3109,19,53.1727180480957,32.38359451293945
3,1,3109,20,53.18505859375,32.38841247558594
3,1,3110,0,53.71782684326172,41.119380950927734
3,1,3110,1,53.72832107543945,41.12433624267578
3,1,3110,2,53.73845672607422,41.12922668457031
3,1,3110,3,53.74838638305664,41.13460159301758
3,1,3110,4,53.75824737548828,41.139076232910156
3,1,3110,5,53.7686767578125,41.14406204223633
3,1,3110,6,53.77898406982422,41.149017333984375
3,1,3110,7,53.78889846801758,41.153587341308594
3,1,3110,8,53.7995719909668,41.15936279296875
3,1,3110,9,53.81000518798828,41.164093017578125
3,1,3110,10,53.819034576416016,41.1688346862793
3,1,3110,11,53.830081939697266,41.17368698120117
3,1,3110,12,53.84063720703125,41.17890930175781
3,1,3110,13,53.850589752197266,41.1833381652832
3,1,3110,14,53.86151123046875,41.188499450683594
3,1,3110,15,53.87092971801758,41.19313430786133
3,1,3110,16,53.88143539428711,41.19868087768555
3,1,3110,17,53.89191818237305,41.203880310058594
3,1,3110,18,53.90155029296875,41.208492279052734
3,1,3110,19,53.91261291503906,41.21457290649414
3,1,3110,20,53.92317199707031,41.21928787231445
3,1,3111,0,50.11446762084961,10.00228214263916
3,1,3111,1,50.13703918457031,10.020102500915527
3,1,3111,2,50.15927505493164,10.037859916687012
3,1,3111,3,50.18130111694336,10.056106567382812
3,1,3111,4,50.20328140258789,10.073454856872559
3,1,3111,5,50.22579574584961,10.091306686401367
3,1,3111,6,50.248207092285156,10.109127044677734
3,1,3111,7,50.27023696899414,10.126590728759766
3,1,3111,8,50.29295349121094,10.145231246948242
3,1,3111,9,50.31550216674805,10.162826538085938
3,1,3111,10,50.33662796020508,10.180444717407227
3,1,3111,11,50.359771728515625,10.19819164276123
3,1,3111,12,50.38241195678711,10.216272354125977
3,1,3111,13,50.404483795166016,10.233582496643066
3,1,3111,14,50.427490234375,10.251611709594727
3,1,3111,15,50.44903564453125,10.269123077392578
3,1,3111,16,50.47162628173828,10.287545204162598
3,1,3111,17,50.49419403076172,10.305633544921875
3,1,3111,18,50.51594543457031,10.323121070861816
3,1,3111,19,50.5390510559082,10.342068672180176
3,1,3111,20,50.56171417236328,10.359658241271973
3,1,3112,0,58.84141159057617,40.24721145629883
3,1,3112,1,58.847984313964844,40.24562072753906
3,1,3112,2,58.85421371459961,40.24397277832031
3,1,3112,3,58.8602294921875,40.2428092956543
3,1,3112,4,58.86618423461914,40.24074172973633
3,1,3112,5,58.8726921081543,40.23918533325195
3,1,3112,6,58.87908935546875,40.23759078979492
3,1,3112,7,58.88508987426758,40.23563766479492
3,1,3112,8,58.89183807373047,40.23487091064453
3,1,3112,9,58.89836120605469,40.233055114746094
3,1,3112,10,58.903480529785156,40.231258392333984
3,1,3112,11,58.910614013671875,40.22956466674805
3,1,3112,12,58.91725158691406,40.228248596191406
3,1,3112,13,58.92329788208008,40.22614288330078
3,1,3112,14,58.9302978515625,40.224754333496094
3,1,3112,15,58.93581771850586,40.22285079956055
3,1,3112,16,58.942405700683594,40.22185516357422
3,1,3112,17,58.948970794677734,40.22052001953125
3,1,3112,18,58.95469665527344,40.218597412109375
3,1,3112,19,58.96183776855469,40.218135833740234
3,1,3112,20,58.968482971191406,40.216304779052734
3,1,3113,0,57.64779281616211,15.084567070007324
3,1,3113,1,57.66706085205078,15.098748207092285
3,1,3113,2,57.68598937988281,15.11286449432373
3,1,3113,3,57.704708099365234,15.127464294433594
3,1,3113,4,57.7233772277832,15.141169548034668
3,1,3113,5,57.74258041381836,15.15538215637207
3,1,3113,6,57.761688232421875,15.169560432434082
3,1,3113,7,57.78041458129883,15.183382034301758
3,1,3113,8,57.79983139038086,15.19837760925293
3,1,3113,9,57.81906509399414,15.212333679199219
3,1,3113,10,57.836891174316406,15.22630786895752
3,1,3113,11,57.85673141479492,15.240411758422852
3,1,3113,12,57.87606430053711,15.254855155944824
3,1,3113,13,57.89482879638672,15.268521308898926
3,1,3113,14,57.91453170776367,15.282912254333496
3,1,3113,15,57.93276596069336,15.29677963256836
3,1,3113,16,57.95205307006836,15.311556816101074
3,1,3113,17,57.9713134765625,15.326000213623047
3,1,3113,18,57.98976135253906,15.339845657348633
3,1,3113,19,58.00956726074219,15.35515022277832
3,1,3113,20,58.028926849365234,15.369096755981445
3,1,3114,0,60.83488845825195,12.798787117004395
3,1,3114,1,60.856483459472656,12.817052841186523
3,1,3114,2,60.87773895263672,12.835257530212402
3,1,3114,3,60.89878463745117,12.853948593139648
3,1,3114,4,60.91978073120117,12.871746063232422
3,1,3114,5,60.941314697265625,12.890045166015625
3,1,3114,6,60.96274948120117,12.90831184387207
3,1,3114,7,60.983802795410156,12.92622184753418
3,1,3114,8,61.00553894042969,12.945301055908203
3,1,3114,9,61.02710723876953,12.963345527648926
3,1,3114,10,61.04725646972656,12.981413841247559
3,1,3114,11,61.06942367553711,12.999606132507324
3,1,3114,12,61.09108352661133,13.018134117126465
3,1,3114,13,61.11217498779297,13.035888671875
3,1,3114,14,61.13420486450195,13.054366111755371
3,1,3114,15,61.15476989746094,13.072327613830566
3,1,3114,16,61.1763801574707,13.091194152832031
3,1,3114,17,61.19797134399414,13.109725952148438
3,1,3114,18,61.21874237060547,13.127663612365723
3,1,3114,19,61.240875244140625,13.147050857543945
3,1,3114,20,61.2625617980957,13.165088653564453
3,1,3115,0,57.067604064941406,33.06550979614258
3,1,3115,1,57.07802963256836,33.06793212890625
3,1,3115,2,57.088111877441406,33.07029724121094
3,1,3115,3,57.09798812866211,33.073143005371094
3,1,3115,4,57.1077995300293,33.07509231567383
3,1,3115,5,57.118160247802734,33.07754898071289
3,1,3115,6,57.12841796875,33.0799674987793
3,1,3115,7,57.13827896118164,33.08202362060547
3,1,3115,8,57.14887619018555,33.08526611328125
3,1,3115,9,57.15925979614258,33.08746337890625
3,1,3115,10,57.16823959350586,33.08967971801758
3,1,3115,11,57.17922592163086,33.09200668334961
3,1,3115,12,57.18971633911133,33.094696044921875
3,1,3115,13,57.199623107910156,33.09660339355469
3,1,3115,14,57.210479736328125,33.0992317199707
3,1,3115,15,57.21985626220703,33.10133743286133
3,1,3115,16,57.23030090332031,33.10435485839844
3,1,3115,17,57.240718841552734,33.107032775878906
3,1,3115,18,57.250308990478516,33.10912322998047
3,1,3115,19,57.26129913330078,33.1126708984375
3,1,3115,20,57.27180099487305,33.11484909057617
3,1,3116,0,54.95637893676758,28.12457847595215
3,1,3116,1,54.97300338745117,28.132240295410156
3,1,3116,2,54.98928451538086,28.13983917236328
3,1,3116,3,55.00535202026367,28.14791488647461
3,1,3116,4,55.0213623046875,28.15510368347168
3,1,3116,5,55.03792190551758,28.162797927856445
3,1,3116,6,55.05437469482422,28.17045783996582
3,1,3116,7,55.07044219970703,28.177751541137695
3,1,3116,8,55.08723449707031,28.186216354370117
3,1,3116,9,55.10381317138672,28.19365882873535
3,1,3116,10,55.11899185180664,28.201112747192383
3,1,3116,11,55.13618087768555,28.20868492126465
3,1,3116,12,55.15287399291992,28.216611862182617
3,1,3116,13,55.168975830078125,28.223756790161133
3,1,3116,14,55.186038970947266,28.231626510620117
3,1,3116,15,55.20161056518555,28.238975524902344
3,1,3116,16,55.21825408935547,28.247224807739258
3,1,3116,17,55.2348747253418,28.255136489868164
3,1,3116,18,55.25065994262695,28.262466430664062
3,1,3116,19,55.26784896850586,28.271238327026367
3,1,3116,20,55.2845573425293,28.278667449951172
3,1,3117,0,56.72966384887695,42.6473503112793
3,1,3117,1,56.72959899902344,42.638671875
3,1,3117,2,56.72919464111328,42.62992858886719
3,1,3117,3,56.728572845458984,42.62166976928711
3,1,3117,4,56.72788619995117,42.61250305175781
3,1,3117,5,56.727752685546875,42.60385513305664
3,1,3117,6,56.727516174316406,42.59516525268555
3,1,3117,7,56.72687530517578,42.586116790771484
3,1,3117,8,56.72698974609375,42.5782585144043
3,1,3117,9,56.72688674926758,42.5693473815918
3,1,3117,10,56.7253532409668,42.560447692871094
3,1,3117,11,56.725852966308594,42.551666259765625
3,1,3117,12,56.72586441040039,42.54325866699219
3,1,3117,13,56.72526931762695,42.5340576171875
3,1,3117,14,56.72563934326172,42.525577545166016
3,1,3117,15,56.72451400756836,42.516571044921875
3,1,3117,16,56.72446060180664,42.50847625732422
3,1,3117,17,56.72439193725586,42.50004577636719
3,1,3117,18,56.723472595214844,42.49102020263672
3,1,3117,19,56.7239875793457,42.48347473144531
3,1,3117,20,56.7239990234375,42.47454071044922
3,1,3118,0,58.26226806640625,27.72014808654785
3,1,3118,1,58.274837493896484,27.722761154174805
3,1,3118,2,58.28706359863281,27.72530746459961
3,1,3118,3,58.2990837097168,27.728342056274414
3,1,3118,4,58.3110466003418,27.730478286743164
3,1,3118,5,58.323551177978516,27.733123779296875
3,1,3118,6,58.33595275878906,27.735729217529297
3,1,3118,7,58.34796142578125,27.73798370361328
3,1,3118,8,58.36069107055664,27.741413116455078
3,1,3118,9,58.37322235107422,27.743799209594727
3,1,3118,10,58.38434982299805,27.746204376220703
3,1,3118,11,58.39748001098633,27.748727798461914
3,1,3118,12,58.41011428833008,27.751604080200195
3,1,3118,13,58.42217254638672,27.753707885742188
3,1,3118,14,58.4351692199707,27.75652503967285
3,1,3118,15,58.44670104980469,27.758819580078125
3,1,3118,16,58.45928192138672,27.76202392578125
3,1,3118,17,58.47184753417969,27.764892578125
3,1,3118,18,58.48358154296875,27.76717185974121
3,1,3118,19,58.496707916259766,27.77090835571289
3,1,3118,20,58.50935745239258,27.773277282714844
3,1,3119,0,55.91301727294922,27.672344207763672
3,1,3119,1,55.929073333740234,27.68077278137207
3,1,3119,2,55.94477844238281,27.68914031982422
3,1,3119,3,55.96027755737305,27.697986602783203
3,1,3119,4,55.97571563720703,27.705942153930664
3,1,3119,5,55.99170684814453,27.714405059814453
3,1,3119,6,56.00758743286133,27.72283172607422
3,1,3119,7,56.0230827331543,27.730894088745117
3,1,3119,8,56.039302825927734,27.740131378173828
3,1,3119,9,56.05531311035156,27.748340606689453
3,1,3119,10,56.069915771484375,27.756563186645508
3,1,3119,11,56.0865364074707,27.764904022216797
3,1,3119,12,56.10265350341797,27.77359962463379
3,1,3119,13,56.118186950683594,27.781513214111328
3,1,3119,14,56.13467788696289,27.79014778137207
3,1,3119,15,56.149681091308594,27.79826545715332
3,1,3119,16,56.16575241088867,27.807283401489258
3,1,3119,17,56.181800842285156,27.81596565246582
3,1,3119,18,56.197017669677734,27.824064254760742
3,1,3119,19,56.21363067626953,27.833608627319336
3,1,3119,20,56.229766845703125,27.8418025970459
3,1,3120,0,50.260963439941406,22.13760757446289
3,1,3120,1,50.27791976928711,22.14937400817871
3,1,3120,2,50.29452896118164,22.16107940673828
3,1,3120,3,50.31093215942383,22.17326545715332
3,1,3120,4,50.327274322509766,22.184558868408203
3,1,3120,5,50.34416961669922,22.196359634399414
3,1,3120,6,50.3609504699707,22.208126068115234
3,1,3120,7,50.37735366821289,22.219524383544922
3,1,3120,8,50.39447021484375,22.23209571838379
3,1,3120,9,50.41138458251953,22.243642807006836
3,1,3120,10,50.42689514160156,22.255207061767578
3,1,3120,11,50.44441223144531,22.266883850097656
3,1,3120,12,50.461429595947266,22.278915405273438
3,1,3120,13,50.47787094116211,22.290164947509766
3,1,3120,14,50.49525833129883,22.302139282226562
3,1,3120,15,50.51116943359375,22.313596725463867
3,1,3120,16,50.52814483642578,22.325952529907227
3,1,3120,17,50.54509353637695,22.33797264099121
3,1,3120,18,50.561214447021484,22.349407196044922
3,1,3120,19,50.5787239074707,22.362287521362305
3,1,3120,20,50.59575653076172,22.373821258544922
3,1,3121,0,54.08087158203125,23.169918060302734
3,1,3121,1,54.09994125366211,23.18357276916504
3,1,3121,2,54.1186637878418,23.19716453552246
3,1,3121,3,54.137176513671875,23.21123695373535
3,1,3121,4,54.1556282043457,23.224416732788086
3,1,3121,5,54.17463684082031,23.23810577392578
3,1,3121,6,54.19353485107422,23.251758575439453
3,1,3121,7,54.21205139160156,23.265043258666992
3,1,3121,8,54.23128128051758,23.279502868652344
3,1,3121,9,54.25030517578125,23.292938232421875
3,1,3121,10,54.26792526245117,23.306385040283203
3,1,3121,11,54.287559509277344,23.3199520111084
3,1,3121,12,54.30669021606445,23.33386993408203
3,1,3121,13,54.32524108886719,23.347007751464844
3,1,3121,14,54.34474563598633,23.360868453979492
3,1,3121,15,54.36276626586914,23.37421226501465
3,1,3121,16,54.38185501098633,23.388456344604492
3,1,3121,17,54.40092086791992,23.40236473083496
3,1,3121,18,54.419151306152344,23.415685653686523
3,1,3121,19,54.43878173828125,23.430456161499023
3,1,3121,20,54.45793151855469,23.443878173828125
3,2,3200,0,50.00825881958008,13.11540412902832
3,2,3200,1,50.03562927246094,13.137140274047852
3,2,3200,2,50.062652587890625,13.158814430236816
3,2,3200,3,50.089473724365234,13.180975914001465
3,2,3200,4,50.11623764038086,13.202240943908691
3,2,3200,5,50.14354705810547,13.22401237487793
3,2,3200,6,50.17074966430664,13.245750427246094
3,2,3200,7,50.19757843017578,13.267125129699707
3,2,3200,8,50.225101470947266,13.289671897888184
3,2,3200,9,50.25243377685547,13.311188697814941
3,2,3200,10,50.27836227416992,13.33272933959961
3,2,3200,11,50.30630111694336,13.354388236999512
3,2,3200,12,50.33373260498047,13.376386642456055
3,2,3200,13,50.360595703125,13.39760971069336
3,2,3200,14,50.38840103149414,13.41955852508545
3,2,3200,15,50.41473388671875,13.44099235534668
3,2,3200,16,50.4421272277832,13.463329315185547
3,2,3200,17,50.4694938659668,13.485328674316406
3,2,3200,18,50.496036529541016,13.506736755371094
3,2,3200,19,50.52395248413086,13.529593467712402
3,2,3200,20,50.55141067504883,13.551101684570312
3,2,3201,0,50.048377990722656,10.90071964263916
3,2,3201,1,50.07241439819336,10.920198440551758
3,2,3201,2,50.096107482910156,10.939614295959473
3,2,3201,3,50.11959457397461,10.959518432617188
3,2,3201,4,50.143028259277344,10.978528022766113
3,2,3201,5,50.1670036315918,10.998039245605469
3,2,3201,6,50.19087600708008,11.017518997192383
3,2,3201,7,50.2143669128418,11.036640167236328
3,2,3201,8,50.23855209350586,11.05693244934082
3,2,3201,9,50.26255416870117,11.076189041137695
3,2,3201,10,50.2851448059082,11.095471382141113
3,2,3201,11,50.309749603271484,11.114874839782715
3,2,3201,12,50.33384704589844,11.134614944458008
3,2,3201,13,50.35737991333008,11.153582572937012
3,2,3201,14,50.3818473815918,11.173270225524902
3,2,3201,15,50.404850006103516,11.192444801330566
3,2,3201,16,50.42890548706055,11.2125244140625
3,2,3201,17,50.45293426513672,11.232268333435059
3,2,3201,18,50.47614288330078,11.25141716003418
3,2,3201,19,50.50072479248047,11.272015571594238
3,2,3201,20,50.52484893798828,11.291264533996582
3,2,3202,0,46.602378845214844,13.854512214660645
3,2,3202,1,46.623287200927734,13.869986534118652
3,2,3202,2,46.64384460449219,13.88539981842041
3,2,3202,3,46.66420364379883,13.901296615600586
3,2,3202,4,46.68450164794922,13.916297912597656
3,2,3202,5,46.705345153808594,13.931806564331055
3,2,3202,6,46.7260856628418,13.947280883789062
3,2,3202,7,46.74644470214844,13.962392807006836
3,2,3202,8,46.76750183105469,13.978678703308105
3,2,3202,9,46.78836441040039,13.993929862976074
3,2,3202,10,46.80783462524414,14.00920295715332
3,2,3202,11,46.82930374145508,14.02459716796875
3,2,3202,12,46.85026931762695,14.040335655212402
3,2,3202,13,46.87066650390625,14.05529499053955
3,2,3202,14,46.892005920410156,14.070979118347168
3,2,3202,15,46.91187286376953,14.08614444732666
3,2,3202,16,46.932796478271484,14.102217674255371
3,2,3202,17,46.953697204589844,14.117953300476074
3,2,3202,18,46.973777770996094,14.133094787597656
3,2,3202,19,46.9952278137207,14.149687767028809
3,2,3202,20,47.01622009277344,14.16493034362793
3,2,3203,0,52.172454833984375,34.264739990234375
3,2,3203,1,52.178123474121094,34.26118469238281
3,2,3203,2,52.183448791503906,34.257564544677734
3,2,3203,3,52.188568115234375,34.254432678222656
3,2,3203,4,52.19362258911133,34.25039291381836
3,2,3203,5,52.199222564697266,34.24686813354492
3,2,3203,6,52.20471954345703,34.24330139160156
3,2,3203,7,52.20981979370117,34.2393798828125
3,2,3203,8,52.21566390991211,34.23664474487305
3,2,3203,9,52.22128677368164,34.23285675048828
3,2,3203,10,52.22550582885742,34.22909164428711
3,2,3203,11,52.23173522949219,34.22542953491211
3,2,3203,12,52.23747253417969,34.22214126586914
3,2,3203,13,52.242618560791016,34.21807098388672
3,2,3203,14,52.24871826171875,34.2147102355957
3,2,3203,15,52.25333786010742,34.21083068847656
3,2,3203,16,52.2590217590332,34.20786666870117
3,2,3203,17,52.26468276977539,34.204559326171875
3,2,3203,18,52.269508361816406,34.20066452026367
3,2,3203,19,52.275753021240234,34.198238372802734
3,2,3203,20,52.281494140625,34.194435119628906
3,2,3204,0,53.20708084106445,38.90743637084961
3,2,3204,1,53.21435546875,38.9079704284668
3,2,3204,2,53.22127914428711,38.90843963623047
3,2,3204,3,53.227989196777344,38.90938949584961
3,2,3204,4,53.23463821411133,38.90944290161133
3,2,3204,5,53.24184799194336,38.910011291503906
3,2,3204,6,53.24894332885742,38.91053771972656
3,2,3204,7,53.255645751953125,38.91069412231445
3,2,3204,8,53.26309585571289,38.912044525146484
3,2,3204,9,53.27031707763672,38.912353515625
3,2,3204,10,53.27613067626953,38.91267013549805
3,2,3204,11,53.283966064453125,38.91310501098633
3,2,3204,12,53.29130554199219,38.913909912109375
3,2,3204,13,53.29804992675781,38.91392135620117
3,2,3204,14,53.305755615234375,38.91465759277344
3,2,3204,15,53.31196212768555,38.91487121582031
3,2,3204,16,53.31924819946289,38.91599655151367
3,2,3204,17,53.32651138305664,38.91677474975586
3,2,3204,18,53.33293151855469,38.916969299316406
3,2,3204,19,53.34077453613281,38.91862869262695
3,2,3204,20,53.348121643066406,38.918922424316406
3,2,3205,0,61.607574462890625,31.5572566986084
3,2,3205,1,61.626991271972656,31.569793701171875
3,2,3205,2,61.64605712890625,31.582265853881836
3,2,3205,3,61.6649169921875,31.59521484375
3,2,3205,4,61.68370819091797,31.607276916503906
3,2,3205,5,61.70306396484375,31.619844436645508
3,2,3205,6,61.7223014831543,31.63237762451172
3,2,3205,7,61.74116134643555,31.644540786743164
3,2,3205,8,61.7607421875,31.657880783081055
3,2,3205,9,61.78010940551758,31.670196533203125
3,2,3205,10,61.798072814941406,31.682523727416992
3,2,3205,11,61.818058013916016,31.69496726989746
3,2,3205,12,61.83753204345703,31.707767486572266
3,2,3205,13,61.85642623901367,31.719785690307617
3,2,3205,14,61.876277923583984,31.732526779174805
3,2,3205,15,61.89463806152344,31.744749069213867
3,2,3205,16,61.9140739440918,31.75787353515625
3,2,3205,17,61.9334831237793,31.770658493041992
3,2,3205,18,61.952056884765625,31.782859802246094
3,2,3205,19,61.9720344543457,31.7965087890625
3,2,3205,20,61.99153137207031,31.80881118774414
3,2,3206,0,52.60150146484375,21.857694625854492
3,2,3206,1,52.6146240234375,21.863460540771484
3,2,3206,2,52.62740707397461,21.869163513183594
3,2,3206,3,52.639984130859375,21.875350952148438
3,2,3206,4,52.652503967285156,21.880640029907227
3,2,3206,5,52.665565490722656,21.88644027709961
3,2,3206,6,52.678524017333984,21.892202377319336
3,2,3206,7,52.69109344482422,21.897607803344727
3,2,3206,8,52.70438003540039,21.904190063476562
3,2,3206,9,52.717464447021484,21.909732818603516
3,2,3206,10,52.729148864746094,21.915287017822266
3,2,3206,11,52.742835998535156,21.92096710205078
3,2,3206,12,52.75602722167969,21.927001953125
3,2,3206,13,52.76864242553711,21.932252883911133
3,2,3206,14,52.782196044921875,21.93822479248047
3,2,3206,15,52.794281005859375,21.943674087524414
3,2,3206,16,52.80742263793945,21.950035095214844
3,2,3206,17,52.82054138183594,21.956058502197266
3,2,3206,18,52.83283996582031,21.961488723754883
3,2,3206,19,52.846519470214844,21.968381881713867
3,2,3206,20,52.85972595214844,21.973909378051758
3,2,3207,0,48.797203063964844,32.289310455322266
3,2,3207,1,48.801265716552734,32.286739349365234
3,2,3207,2,48.80498504638672,32.28410339355469
3,2,3207,3,48.80849838256836,32.281951904296875
3,2,3207,4,48.81194305419922,32.278900146484375
3,2,3207,5,48.81593704223633,32.27635955810547
3,2,3207,6,48.81982421875,32.273780822753906
3,2,3207,7,48.82331848144531,32.270835876464844
3,2,3207,8,48.827552795410156,32.26908874511719
3,2,3207,9,48.83156967163086,32.26628494262695
3,2,3207,10,48.83418273925781,32.26350021362305
3,2,3207,11,48.838802337646484,32.26082229614258
3,2,3207,12,48.84292984008789,32.25851821899414
3,2,3207,13,48.84646987915039,32.25542449951172
3,2,3207,14,48.85095977783203,32.2530517578125
3,2,3207,15,48.853973388671875,32.25015640258789
3,2,3207,16,48.85804748535156,32.2481803894043
3,2,3207,17,48.86210250854492,32.24585723876953
3,2,3207,18,48.86532211303711,32.24294662475586
3,2,3207,19,48.86995315551758,32.24150466918945
3,2,3207,20,48.874088287353516,32.23868179321289
3,2,3208,0,46.01703643798828,29.99378204345703
3,2,3208,1,46.02659606933594,29.998409271240234
3,2,3208,2,46.035804748535156,30.002973556518555
3,2,3208,3,46.044803619384766,30.008014678955078
3,2,3208,4,46.05373764038086,30.012165069580078
3,2,3208,5,46.063228607177734,30.016826629638672
3,2,3208,6,46.072608947753906,30.021448135375977
3,2,3208,7,46.08159637451172,30.025699615478516
3,2,3208,8,46.09132766723633,30.03113555908203
3,2,3208,9,46.100833892822266,30.035541534423828
3,2,3208,10,46.10893630981445,30.039953231811523
3,2,3208,11,46.11905288696289,30.04448127746582
3,2,3208,12,46.12866973876953,30.049375534057617
3,2,3208,13,46.13770294189453,30.053482055664062
3,2,3208,14,46.14768600463867,30.058311462402344
3,2,3208,15,46.15618133544922,30.062618255615234
3,2,3208,16,46.16575241088867,30.06783103942871
3,2,3208,17,46.175296783447266,30.072704315185547
3,2,3208,18,46.18400573730469,30.076993942260742
3,2,3208,19,46.19412612915039,30.082738876342773
3,2,3208,20,46.20375442504883,30.087125778198242
3,2,3209,0,52.93729782104492,32.06507110595703
3,2,3209,1,52.94508361816406,32.06497573852539
3,2,3209,2,52.9525260925293,32.064823150634766
3,2,3209,3,52.95976257324219,32.06515884399414
3,2,3209,4,52.96693420410156,32.0645866394043
3,2,3209,5,52.97465515136719,32.06452941894531
3,2,3209,6,52.982269287109375,32.064430236816406
3,2,3209,7,52.9894905090332,32.06397247314453
3,2,3209,8,52.9974479675293,32.064701080322266
3,2,3209,9,53.00518798828125,32.06438064575195
3,2,3209,10,53.01152801513672,32.064083099365234
3,2,3209,11,53.019874572753906,32.06388854980469
3,2,3209,12,53.02772521972656,32.064064025878906
3,2,3209,13,53.03498840332031,32.063453674316406
3,2,3209,14,53.04320526123047,32.063560485839844
3,2,3209,15,53.04994201660156,32.06315231323242
3,2,3209,16,53.057743072509766,32.063655853271484
3,2,3209,17,53.06552505493164,32.06381607055664
3,2,3209,18,53.07246780395508,32.06338882446289
3,2,3209,19,53.0808219909668,32.06442642211914
3,2,3209,20,53.08868408203125,32.0640869140625
3,2,3210,0,49.68999099731445,39.60689926147461
3,2,3210,1,49.69248580932617,39.60298538208008
3,2,3210,2,49.69462966918945,39.59901428222656
3,2,3210,3,49.696563720703125,39.595523834228516
3,2,3210,4,49.698429107666016,39.59113311767578
3,2,3210,5,49.70085144042969,39.58725357055664
3,2,3210,6,49.70316696166992,39.58333969116211
3,2,3210,7,49.705078125,39.57905197143555
3,2,3210,8,49.7077522277832,39.575965881347656
3,2,3210,9,49.7101936340332,39.57182693481445
3,2,3210,10,49.71122360229492,39.567710876464844
3,2,3210,11,49.71427917480469,39.563690185546875
3,2,3210,12,49.716835021972656,39.56005096435547
3,2,3210,13,49.71879196166992,39.55562210083008
3,2,3210,14,49.72171401977539,39.551910400390625
3,2,3210,15,49.723140716552734,39.54767990112305
3,2,3210,16,49.72564697265625,39.54436111450195
3,2,3210,17,49.72813034057617,39.54069519042969
3,2,3210,18,49.729766845703125,39.53644561767578
3,2,3210,19,49.73283767700195,39.533660888671875
3,2,3210,20,49.73540115356445,39.529502868652344
3,2,3211,0,59.752410888671875,28.299530029296875
3,2,3211,1,59.76213836669922,28.301103591918945
3,2,3211,2,59.771522521972656,28.3026123046875
3,2,3211,3,59.780696868896484,28.30460548400879
3,2,3211,4,59.78981399536133,28.30569839477539
3,2,3211,5,59.79947280883789,28.30730438232422
3,2,3211,6,59.80903244018555,28.308870315551758
3,2,3211,7,59.818199157714844,28.310083389282227
3,2,3211,8,59.828086853027344,28.312475204467773
3,2,3211,9,59.83777618408203,28.313819885253906
3,2,3211,10,59.84605026245117,28.315181732177734
3,2,3211,11,59.85634231567383,28.316665649414062
3,2,3211,12,59.86613464355469,28.318504333496094
3,2,3211,13,59.87534713745117,28.319562911987305
3,2,3211,14,59.885501861572266,28.32134246826172
3,2,3211,15,59.894187927246094,28.32259178161621
3,2,3211,16,59.903926849365234,28.324758529663086
3,2,3211,17,59.91364669799805,28.326589584350586
3,2,3211,18,59.922542572021484,28.327823638916016
3,2,3211,19,59.932823181152344,28.33052635192871
3,2,3211,20,59.942630767822266,28.331857681274414
3,2,3212,0,54.2565803527832,29.49976348876953
3,2,3212,1,54.26688003540039,29.501089096069336
3,2,3212,2,54.27684020996094,29.502349853515625
3,2,3212,3,54.286598205566406,29.504098892211914
3,2,3212,4,54.296287536621094,29.504945755004883
3,2,3212,5,54.30652618408203,29.506303787231445
3,2,3212,6,54.31665802001953,29.50762176513672
3,2,3212,7,54.32640075683594,29.508583068847656
3,2,3212,8,54.33687210083008,29.51072883605957
3,2,3212,9,54.347129821777344,29.511825561523438
3,2,3212,10,54.35599136352539,29.512943267822266
3,2,3212,11,54.366851806640625,29.514169692993164
3,2,3212,12,54.37722396850586,29.515762329101562
3,2,3212,13,54.38700866699219,29.516569137573242
3,2,3212,14,54.39773941040039,29.518096923828125
3,2,3212,15,54.40699768066406,29.519102096557617
3,2,3212,16,54.41731643676758,29.521020889282227
3,2,3212,17,54.427616119384766,29.522602081298828
3,2,3212,18,54.43708419799805,29.523590087890625
3,2,3212,19,54.44795227050781,29.526044845581055
3,2,3212,20,54.45832824707031,29.527124404907227
3,2,3213,0,53.23588943481445,34.238346099853516
3,2,3213,1,53.24234390258789,34.23341369628906
3,2,3213,2,53.24845504760742,34.22841262817383
3,2,3213,3,53.25435256958008,34.223899841308594
3,2,3213,4,53.260189056396484,34.218482971191406
3,2,3213,5,53.266571044921875,34.21357727050781
3,2,3213,6,53.27285385131836,34.20863723754883
3,2,3213,7,53.27873611450195,34.203338623046875
3,2,3213,8,53.285362243652344,34.199222564697266
3,2,3213,9,53.291770935058594,34.19405746459961
3,2,3213,10,53.29676055908203,34.188907623291016
3,2,3213,11,53.30377960205078,34.18387985229492
3,2,3213,12,53.310298919677734,34.1792106628418
3,2,3213,13,53.316226959228516,34.173763275146484
3,2,3213,14,53.32311248779297,34.16903305053711
3,2,3213,15,53.32851028442383,34.16376876831055
3,2,3213,16,53.33497619628906,34.159423828125
3,2,3213,17,53.34142303466797,34.15474319458008
3,2,3213,18,53.34702682495117,34.14946746826172
3,2,3213,19,53.35404968261719,34.14566421508789
3,2,3213,20,53.36058044433594,34.14048385620117
3,2,3214,0,50.358131408691406,34.049766540527344
3,2,3214,1,50.367942810058594,34.05185317993164
3,2,3214,2,50.37740707397461,34.05387496948242
3,2,3214,3,50.386661529541016,34.05637741088867
3,2,3214,4,50.39585494995117,34.0579833984375
3,2,3214,5,50.405601501464844,34.06010437011719
3,2,3214,6,50.41523742675781,34.06218338012695
3,2,3214,7,50.42448425292969,34.06389617919922
3,2,3214,8,50.434471130371094,34.066795349121094
3,2,3214,9,50.44423294067383,34.068660736083984
3,2,3214,10,50.45259094238281,34.070533752441406
3,2,3214,11,50.46296691894531,34.0725212097168
3,2,3214,12,50.472843170166016,34.07487487792969
3,2,3214,13,50.48212814331055,34.076438903808594
3,2,3214,14,50.49237060546875,34.078731536865234
3,2,3214,15,50.50112533569336,34.08049774169922
3,2,3214,16,50.510948181152344,34.08317184448242
3,2,3214,17,50.520751953125,34.085506439208984
3,2,3214,18,50.52971649169922,34.087257385253906
3,2,3214,19,50.540096282958984,34.0904655456543
3,2,3214,20,50.549983978271484,34.09231185913086
3,2,3215,0,52.91628646850586,34.74274444580078
3,2,3215,1,52.921424865722656,34.73979949951172
3,2,3215,2,52.92621994018555,34.73678970336914
3,2,3215,3,52.93080520629883,34.73426818847656
3,2,3215,4,52.93532943725586,34.730838775634766
3,2,3215,5,52.940399169921875,34.72792434692383
3,2,3215,6,52.94536590576172,34.724971771240234
3,2,3215,7,52.94993591308594,34.721656799316406
3,2,3215,8,52.95524597167969,34.71953582763672
3,2,3215,9,52.96034240722656,34.71635818481445
3,2,3215,10,52.964027404785156,34.713199615478516
3,2,3215,11,52.9697265625,34.71015167236328
3,2,3215,12,52.97493362426758,34.70747375488281
3,2,3215,13,52.97954559326172,34.70400619506836
3,2,3215,14,52.98511505126953,34.70125961303711
3,2,3215,15,52.98920440673828,34.697994232177734
3,2,3215,16,52.99435806274414,34.695640563964844
3,2,3215,17,52.999488830566406,34.69294738769531
3,2,3215,18,53.0037841796875,34.68966293334961
3,2,3215,19,53.009490966796875,34.68785095214844
3,2,3215,20,53.014705657958984,34.684654235839844
3,2,3216,0,53.09204864501953,36.378265380859375
3,2,3216,1,53.09587860107422,36.37358093261719
3,2,3216,2,53.099365234375,36.36883544921875
3,2,3216,3,53.102638244628906,36.36457824707031
3,2,3216,4,53.10585021972656,36.35940933227539
3,2,3216,5,53.10961151123047,36.354759216308594
3,2,3216,6,53.11326599121094,36.35007095336914
3,2,3216,7,53.116519927978516,36.34501647949219
3,2,3216,8,53.12052536010742,36.341156005859375
3,2,3216,9,53.12430953979492,36.33624267578125
3,2,3216,10,53.126678466796875,36.33134841918945
3,2,3216,11,53.13106918334961,36.32655715942383
3,2,3216,12,53.13496398925781,36.322147369384766
3,2,3216,13,53.13826370239258,36.31694412231445
3,2,3216,14,53.142520904541016,36.31245803833008
3,2,3216,15,53.14529800415039,36.30745315551758
3,2,3216,16,53.149139404296875,36.30336380004883
3,2,3216,17,53.15296173095703,36.298927307128906
3,2,3216,18,53.15594482421875,36.293907165527344
3,2,3216,19,53.160343170166016,36.29035568237305
3,2,3216,20,53.16424560546875,36.285423278808594
3,2,3217,0,52.38941955566406,19.848308563232422
3,2,3217,1,52.404090881347656,19.856515884399414
3,2,3217,2,52.418418884277344,19.864662170410156
3,2,3217,3,52.43254470825195,19.873291015625
3,2,3217,4,52.44660949707031,19.881023406982422
3,2,3217,5,52.46121597290039,19.889265060424805
3,2,3217,6,52.47572326660156,19.897470474243164
3,2,3217,7,52.48984146118164,19.905319213867188
3,2,3217,8,52.504669189453125,19.91434097290039
3,2,3217,9,52.51930236816406,19.92232322692871
3,2,3217,10,52.532535552978516,19.93032455444336
3,2,3217,11,52.547767639160156,19.938444137573242
3,2,3217,12,52.562503814697266,19.946918487548828
3,2,3217,13,52.576663970947266,19.954612731933594
3,2,3217,14,52.59176254272461,19.96302604675293
3,2,3217,15,52.60539627075195,19.97092056274414
3,2,3217,16,52.620086669921875,19.97972297668457
3,2,3217,17,52.6347541809082,19.988189697265625
3,2,3217,18,52.648597717285156,19.996065139770508
3,2,3217,19,52.663822174072266,20.005395889282227
3,2,3217,20,52.6785774230957,20.013364791870117
3,2,3218,0,54.48524475097656,28.248144149780273
3,2,3218,1,54.496822357177734,28.251296997070312
3,2,3218,2,54.508060455322266,28.254384994506836
3,2,3218,3,54.51909255981445,28.257959365844727
3,2,3218,4,54.53006362915039,28.26063346862793
3,2,3218,5,54.54157638549805,28.263818740844727
3,2,3218,6,54.5529899597168,28.266965866088867
3,2,3218,7,54.56401062011719,28.26975440979004
3,2,3218,8,54.57575607299805,28.273723602294922
3,2,3218,9,54.5872917175293,28.276649475097656
3,2,3218,10,54.59743118286133,28.27959442138672
3,2,3218,11,54.60956954956055,28.282649993896484
3,2,3218,12,54.6212158203125,28.286067962646484
3,2,3218,13,54.63227844238281,28.288705825805664
3,2,3218,14,54.644290924072266,28.29205894470215
3,2,3218,15,54.65482711791992,28.29489517211914
3,2,3218,16,54.66642379760742,28.29863929748535
3,2,3218,17,54.67799758911133,28.302043914794922
3,2,3218,18,54.688743591308594,28.30486488342285
3,2,3218,19,54.70088577270508,28.309141159057617
3,2,3218,20,54.71254348754883,28.312049865722656
3,2,3219,0,56.2313346862793,32.51116180419922
3,2,3219,1,56.23799133300781,32.50877380371094
3,2,3219,2,56.24430847167969,32.50632095336914
3,2,3219,3,56.25041580200195,32.50436019897461
3,2,3219,4,56.256465911865234,32.50149154663086
3,2,3219,5,56.263057708740234,32.49913787841797
3,2,3219,6,56.26954650878906,32.496742248535156
3,2,3219,7,56.27564239501953,32.49399185180664
3,2,3219,8,56.282470703125,32.492427825927734
3,2,3219,9,56.289085388183594,32.48980712890625
3,2,3219,10,56.29429626464844,32.487213134765625
3,2,3219,11,56.301513671875,32.48472595214844
3,2,3219,12,56.30824279785156,32.482608795166016
3,2,3219,13,56.31438446044922,32.47970199584961
3,2,3219,14,56.321468353271484,32.477516174316406
3,2,3219,15,56.32708740234375,32.47480773925781
3,2,3219,16,56.33375930786133,32.4730110168457
3,2,3219,17,56.34040832519531,32.47087860107422
3,2,3219,18,56.346229553222656,32.46815490722656
3,2,3219,19,56.35345458984375,32.46689987182617
3,2,3219,20,56.36018753051758,32.464263916015625
3,2,3220,0,54.52608108520508,22.552154541015625
3,2,3220,1,54.55047607421875,22.570058822631836
3,2,3220,2,54.57451629638672,22.587902069091797
3,2,3220,3,54.598350524902344,22.606225967407227
3,2,3220,4,54.62211990356445,22.623655319213867
3,2,3220,5,54.64645004272461,22.6415958404541
3,2,3220,6,54.6706657409668,22.659502029418945
3,2,3220,7,54.69450378417969,22.677034378051758
3,2,3220,8,54.71905517578125,22.69574546813965
3,2,3220,9,54.74340057373047,22.71343231201172
3,2,3220,10,54.76633834838867,22.731136322021484
3,2,3220,11,54.791297912597656,22.748952865600586
3,2,3220,12,54.81575393676758,22.767122268676758
3,2,3220,13,54.83962631225586,22.784507751464844
3,2,3220,14,54.86445617675781,22.802621841430664
3,2,3220,15,54.88779067993164,22.820219039916992
3,2,3220,16,54.91220474243164,22.838716506958008
3,2,3220,17,54.936588287353516,22.85687255859375
3,2,3220,18,54.96013641357422,22.874446868896484
3,2,3220,19,54.98509216308594,22.89346694946289
3,2,3220,20,55.00956344604492,22.911144256591797
3,2,3221,0,52.28224563598633,33.259700775146484
3,2,3221,1,52.29179000854492,33.26469421386719
3,2,3221,2,52.30097961425781,33.269622802734375
3,2,3221,3,52.30995178222656,33.27503204345703
3,2,3221,4,52.31886672973633,33.279544830322266
3,2,3221,5,52.32834243774414,33.28457260131836
3,2,3221,6,52.33769989013672,33.2895622253418
3,2,3221,7,52.3466682434082,33.2941780090332
3,2,3221,8,52.356380462646484,33.29998016357422
3,2,3221,9,52.36587142944336,33.304752349853516
3,2,3221,10,52.37394332885742,33.30952835083008
3,2,3221,11,52.38404846191406,33.314422607421875
3,2,3221,12,52.39365005493164,33.31968307495117
3,2,3221,13,52.40265655517578,33.324153900146484
3,2,3221,14,52.412628173828125,33.329345703125
3,2,3221,15,52.421104431152344,33.334022521972656
3,2,3221,16,52.43065643310547,33.339599609375
3,2,3221,17,52.440185546875,33.3448371887207
3,2,3221,18,52.44887161254883,33.34949493408203
3,2,3221,19,52.45897674560547,33.35560607910156
3,2,3221,20,52.468589782714844,33.36035919189453
3,3,3300,0,54.514835357666016,27.48124122619629
3,3,3300,1,54.52652359008789,27.483997344970703
3,3,3300,2,54.53786849975586,27.486690521240234
3,3,3300,3,54.549007415771484,27.4898681640625
3,3,3300,4,54.560089111328125,27.49214744567871
3,3,3300,5,54.571712493896484,27.494937896728516
3,3,3300,6,54.58323287963867,27.49768829345703
3,3,3300,7,54.5943603515625,27.50008201599121
3,3,3300,8,54.6062126159668,27.50365447998047
3,3,3300,9,54.61785888671875,27.506183624267578
3,3,3300,10,54.62810516357422,27.508731842041016
3,3,3300,11,54.64035415649414,27.511394500732422
3,3,3300,12,54.65210723876953,27.51441764831543
3,3,3300,13,54.66328430175781,27.516660690307617
3,3,3300,14,54.67539978027344,27.519622802734375
3,3,3300,15,54.6860466003418,27.52206039428711
3,3,3300,16,54.697750091552734,27.525407791137695
3,3,3300,17,54.709434509277344,27.528417587280273
3,3,3300,18,54.72028732299805,27.530839920043945
3,3,3300,19,54.7325325012207,27.534717559814453
3,3,3300,20,54.744300842285156,27.537233352661133
3,3,3301,0,47.48369598388672,32.831695556640625
3,3,3301,1,47.48991775512695,32.83013916015625
3,3,3301,2,47.49579620361328,32.82851791381836
3,3,3301,3,47.501461029052734,32.827388763427734
3,3,3301,4,47.50706100463867,32.82535171508789
3,3,3301,5,47.51321792602539,32.82382583618164
3,3,3301,6,47.519264221191406,32.822265625
3,3,3301,7,47.5249137878418,32.82033920288086
3,3,3301,8,47.53131103515625,32.81960678100586
3,3,3301,9,47.537479400634766,32.81782150268555
3,3,3301,10,47.5422477722168,32.8160514831543
3,3,3301,11,47.54903030395508,32.814395904541016
3,3,3301,12,47.55531692504883,32.8131103515625
3,3,3301,13,47.56100845336914,32.81103515625
3,3,3301,14,47.56766128540039,32.80967712402344
3,3,3301,15,47.57282638549805,32.80780029296875
3,3,3301,16,47.57905960083008,32.80684280395508
3,3,3301,17,47.58527374267578,32.805538177490234
3,3,3301,18,47.59064483642578,32.80364227294922
3,3,3301,19,47.59743881225586,32.803218841552734
3,3,3301,20,47.60373306274414,32.801414489746094
3,3,3302,0,55.49410629272461,15.410248756408691
3,3,3302,1,55.522125244140625,15.432769775390625
3,3,3302,2,55.5497932434082,15.455224990844727
3,3,3302,3,55.577266693115234,15.478166580200195
3,3,3302,4,55.60466766357422,15.500210762023926
3,3,3302,5,55.63262939453125,15.5227632522583
3,3,3302,6,55.66048049926758,15.54528522491455
3,3,3302,7,55.68795394897461,15.567437171936035
3,3,3302,8,55.71613311767578,15.590766906738281
3,3,3302,9,55.74410629272461,15.613064765930176
3,3,3302,10,55.770687103271484,15.635385513305664
3,3,3302,11,55.79927444458008,15.657829284667969
3,3,3302,12,55.82735824584961,15.680610656738281
3,3,3302,13,55.85486602783203,15.70261287689209
3,3,3302,14,55.883323669433594,15.725347518920898
3,3,3302,15,55.91029739379883,15.74755859375
3,3,3302,16,55.9383430480957,15.77067756652832
3,3,3302,17,55.96636199951172,15.793458938598633
3,3,3302,18,55.99354934692383,15.815646171569824
3,3,3302,19,56.02212142944336,15.839286804199219
3,3,3302,20,56.05023193359375,15.861580848693848
3,3,3303,0,45.6065788269043,30.169984817504883
3,3,3303,1,45.61016082763672,30.16626739501953
3,3,3303,2,45.613407135009766,30.162485122680664
3,3,3303,3,45.61643600463867,30.159191131591797
3,3,3303,4,45.619407653808594,30.154991149902344
3,3,3303,5,45.6229248046875,30.15130615234375
3,3,3303,6,45.626338958740234,30.147581100463867
3,3,3303,7,45.629356384277344,30.14349365234375
3,3,3303,8,45.633113861083984,30.140600204467773
3,3,3303,9,45.636653900146484,30.13665199279785
3,3,3303,10,45.63878631591797,30.132720947265625
3,3,3303,11,45.6429328918457,30.12889862060547
3,3,3303,12,45.64658737182617,30.125452041625977
3,3,3303,13,45.6496467590332,30.1212158203125
3,3,3303,14,45.653663635253906,30.11769676208496
3,3,3303,15,45.65620040893555,30.11365509033203
3,3,3303,16,45.65979766845703,30.110530853271484
3,3,3303,17,45.66337585449219,30.107065200805664
3,3,3303,18,45.66611862182617,30.10300636291504
3,3,3303,19,45.67027282714844,30.10042381286621
3,3,3303,20,45.67393493652344,30.09645652770996
3,3,3304,0,47.06570053100586,42.291053771972656
3,3,3304,1,47.063968658447266,42.28255081176758
3,3,3304,2,47.0618896484375,42.27397918701172
3,3,3304,3,47.059593200683594,42.26589584350586
3,3,3304,4,47.05722427368164,42.25690460205078
3,3,3304,5,47.055423736572266,42.24843215942383
3,3,3304,6,47.05351257324219,42.23992156982422
3,3,3304,7,47.05118942260742,42.23103713989258
3,3,3304,8,47.04964828491211,42.22336196899414
3,3,3304,9,47.0478630065918,42.21462631225586
3,3,3304,10,47.04465103149414,42.205902099609375
3,3,3304,11,47.043487548828125,42.19729232788086
3,3,3304,12,47.04182434082031,42.18906021118164
3,3,3304,13,47.039546966552734,42.18003463745117
3,3,3304,14,47.03825378417969,42.17173385620117
3,3,3304,15,47.03544616699219,42.162899017333984
3,3,3304,16,47.03372573852539,42.15498733520508
3,3,3304,17,47.031986236572266,42.146728515625
3,3,3304,18,47.029388427734375,42.13787841796875
3,3,3304,19,47.02824401855469,42.13051223754883
3,3,3304,20,47.026580810546875,42.12175750732422
3,3,3305,0,57.45003128051758,25.977886199951172
3,3,3305,1,57.469261169433594,25.98822593688965
3,3,3305,2,57.48814010620117,25.99850845336914
3,3,3305,3,57.50681686401367,26.009265899658203
3,3,3305,4,57.525428771972656,26.019136428833008
3,3,3305,5,57.544593811035156,26.029512405395508
3,3,3305,6,57.56364822387695,26.039852142333984
3,3,3305,7,57.58232498168945,26.049827575683594
3,3,3305,8,57.601715087890625,26.060976028442383
3,3,3305,9,57.62089920043945,26.07109832763672
3,3,3305,10,57.63867950439453,26.081235885620117
3,3,3305,11,57.65847396850586,26.09149169921875
3,3,3305,12,57.67776870727539,26.102096557617188
3,3,3305,13,57.696475982666016,26.11192512512207
3,3,3305,14,57.71614074707031,26.122472763061523
3,3,3305,15,57.734317779541016,26.132505416870117
3,3,3305,16,57.75356674194336,26.143436431884766
3,3,3305,17,57.772789001464844,26.15403175354004
3,3,3305,18,57.79117965698242,26.164045333862305
3,3,3305,19,57.810970306396484,26.17549705505371
3,3,3305,20,57.83028030395508,26.185606002807617
3,3,3306,0,45.19136047363281,29.933130264282227
3,3,3306,1,45.1947021484375,29.928348541259766
3,3,3306,2,45.19770431518555,29.92350196838379
3,3,3306,3,45.20049285888672,29.919143676757812
3,3,3306,4,45.203224182128906,29.913877487182617
3,3,3306,5,45.20649719238281,29.909128189086914
3,3,3306,6,45.20967102050781,29.904338836669922
3,3,3306,7,45.21244430541992,29.899188995361328
3,3,3306,8,45.215965270996094,29.895227432250977
3,3,3306,9,45.219261169433594,29.890213012695312
3,3,3306,10,45.22114944458008,29.88521957397461
3,3,3306,11,45.225059509277344,29.880334854125977
3,3,3306,12,45.22846984863281,29.87582015991211
3,3,3306,13,45.23128890991211,29.87052345275879
3,3,3306,14,45.23506546020508,29.86594009399414
3,3,3306,15,45.23735809326172,29.86083221435547
3,3,3306,16,45.24071502685547,29.856639862060547
3,3,3306,17,45.24405288696289,29.852109909057617
3,3,3306,18,45.246551513671875,29.846988677978516
3,3,3306,19,45.250465393066406,29.84333610534668
3,3,3306,20,45.253883361816406,29.838302612304688
3,3,3307,0,46.823692321777344,31.064205169677734
3,3,3307,1,46.8336067199707,31.066133499145508
3,3,3307,2,46.84317398071289,31.0679988861084
3,3,3307,3,46.8525276184082,31.070344924926758
3,3,3307,4,46.86182403564453,31.071794509887695
3,3,3307,5,46.871673583984375,31.07375717163086
3,3,3307,6,46.881412506103516,31.0756778717041
3,3,3307,7,46.8907585144043,31.07723617553711
3,3,3307,8,46.90084457397461,31.079973220825195
3,3,3307,9,46.910709381103516,31.081680297851562
3,3,3307,10,46.91917037963867,31.08339500427246
3,3,3307,11,46.92964553833008,31.085224151611328
3,3,3307,12,46.93962478637695,31.087419509887695
3,3,3307,13,46.949012756347656,31.088829040527344
3,3,3307,14,46.959354400634766,31.090959548950195
3,3,3307,15,46.96821212768555,31.092571258544922
3,3,3307,16,46.9781379699707,31.0950870513916
3,3,3307,17,46.988040924072266,31.09726333618164
3,3,3307,18,46.997108459472656,31.09885597229004
3,3,3307,19,47.00758361816406,31.10190200805664
3,3,3307,20,47.017574310302734,31.10359001159668
3,3,3308,0,52.778934478759766,27.325382232666016
3,3,3308,1,52.78824996948242,27.327503204345703
3,3,3308,2,52.79722595214844,27.329559326171875
3,3,3308,3,52.80599594116211,27.33209991455078
3,3,3308,4,52.814701080322266,27.333742141723633
3,3,3308,5,52.823951721191406,27.335895538330078
3,3,3308,6,52.833099365234375,27.338008880615234
3,3,3308,7,52.841861724853516,27.339767456054688
3,3,3308,8,52.851341247558594,27.342700958251953
3,3,3308,9,52.86061477661133,27.344594955444336
3,3,3308,10,52.868492126464844,27.34650421142578
3,3,3308,11,52.87836837768555,27.348529815673828
3,3,3308,12,52.887752532958984,27.350915908813477
3,3,3308,13,52.89655303955078,27.352521896362305
3,3,3308,14,52.90629959106445,27.354843139648438
3,3,3308,15,52.914573669433594,27.356643676757812
3,3,3308,16,52.92390823364258,27.359355926513672
3,3,3308,17,52.93321990966797,27.361726760864258
3,3,3308,18,52.94170379638672,27.363513946533203
3,3,3308,19,52.95158004760742,27.366756439208984
3,3,3308,20,52.96097946166992,27.368633270263672
3,3,3309,0,46.731990814208984,27.55080795288086
3,3,3309,1,46.73851776123047,27.55068016052246
3,3,3309,2,46.74470138549805,27.550487518310547
3,3,3309,3,46.75068283081055,27.550785064697266
3,3,3309,4,46.756595611572266,27.5501766204834
3,3,3309,5,46.763057708740234,27.550081253051758
3,3,3309,6,46.769412994384766,27.549945831298828
3,3,3309,7,46.7753791809082,27.549449920654297
3,3,3309,8,46.78207778930664,27.550142288208008
3,3,3309,9,46.78855895996094,27.54978370666504
3,3,3309,10,46.793643951416016,27.549448013305664
3,3,3309,11,46.80073165893555,27.549219131469727
3,3,3309,12,46.80732345581055,27.549358367919922
3,3,3309,13,46.813331604003906,27.5487117767334
3,3,3309,14,46.82028579711914,27.548782348632812
3,3,3309,15,46.82577133178711,27.5483341217041
3,3,3309,16,46.832313537597656,27.548799514770508
3,3,3309,17,46.838836669921875,27.548921585083008
3,3,3309,18,46.84452438354492,27.548458099365234
3,3,3309,19,46.851619720458984,27.54945945739746
3,3,3309,20,46.85822296142578,27.549083709716797
3,3,3310,0,52.19684600830078,21.1417236328125
3,3,3310,1,52.21265411376953,21.151081085205078
3,3,3310,2,52.22812271118164,21.160375595092773
3,3,3310,3,52.243385314941406,21.170150756835938
3,3,3310,4,52.25858688354492,21.179033279418945
3,3,3310,5,52.27433395385742,21.18842315673828
3,3,3310,6,52.28997802734375,21.197778701782227
3,3,3310,7,52.305240631103516,21.20677375793457
3,3,3310,8,52.32120895385742,21.216938018798828
3,3,3310,9,52.33697509765625,21.226072311401367
3,3,3310,10,52.35135269165039,21.2352237701416
3,3,3310,11,52.36772537231445,21.244495391845703
3,3,3310,12,52.38359832763672,21.25411605834961
3,3,3310,13,52.39889907836914,21.262958526611328
3,3,3310,14,52.415138244628906,21.27252197265625
3,3,3310,15,52.429908752441406,21.281564712524414
3,3,3310,16,52.445735931396484,21.291515350341797
3,3,3310,17,52.46154022216797,21.301128387451172
3,3,3310,18,52.476524353027344,21.310152053833008
3,3,3310,19,52.49288558959961,21.32062339782715
3,3,3310,20,52.50878143310547,21.32974624633789
3,3,3311,0,56.437374114990234,14.819768905639648
3,3,3311,1,56.462379455566406,14.840402603149414
3,3,3311,2,56.487037658691406,14.860974311828613
3,3,3311,3,56.51150131225586,14.882031440734863
3,3,3311,4,56.53589630126953,14.902192115783691
3,3,3311,5,56.56084060668945,14.922861099243164
3,3,3311,6,56.58567810058594,14.943495750427246
3,3,3311,7,56.610137939453125,14.963765144348145
3,3,3311,8,56.63530349731445,14.985208511352539
3,3,3311,9,56.6602668762207,15.005620956420898
3,3,3311,10,56.683834075927734,15.026056289672852
3,3,3311,11,56.709407806396484,15.046611785888672
3,3,3311,12,56.734474182128906,15.067508697509766
3,3,3311,13,56.75897216796875,15.087627410888672
3,3,3311,14,56.7844123840332,15.108470916748047
3,3,3311,15,56.80837631225586,15.128800392150879
3,3,3311,16,56.83340835571289,15.150032997131348
3,3,3311,17,56.85841369628906,15.170928955078125
3,3,3311,18,56.882591247558594,15.191232681274414
3,3,3311,19,56.90814971923828,15.212986946105957
3,3,3311,20,56.93324279785156,15.233391761779785
3,3,3312,0,57.25654983520508,26.016674041748047
3,3,3312,1,57.27657699584961,26.030115127563477
3,3,3312,2,57.29625701904297,26.043495178222656
3,3,3312,3,57.31572723388672,26.05735206604004
3,3,3312,4,57.33513641357422,26.0703182220459
3,3,3312,5,57.355098724365234,26.08379364013672
3,3,3312,6,57.37495040893555,26.097232818603516
3,3,3312,7,57.39442443847656,26.11030387878418
3,3,3312,8,57.41461181640625,26.124549865722656
3,3,3312,9,57.434593200683594,26.137771606445312
3,3,3312,10,57.45316696166992,26.1510066986084
3,3,3312,11,57.47376251220703,26.164358139038086
3,3,3312,12,57.49385070800781,26.178062438964844
3,3,3312,13,57.51335906982422,26.19098663330078
3,3,3312,14,57.53382110595703,26.204635620117188
3,3,3312,15,57.55279541015625,26.21776580810547
3,3,3312,16,57.57284164428711,26.231794357299805
3,3,3312,17,57.59286117553711,26.245487213134766
3,3,3312,18,57.61204528808594,26.258594512939453
3,3,3312,19,57.632633209228516,26.273149490356445
3,3,3312,20,57.652740478515625,26.286359786987305
3,3,3313,0,53.363624572753906,20.611499786376953
3,3,3313,1,53.38057327270508,20.62257957458496
3,3,3313,2,53.397178649902344,20.63359832763672
3,3,3313,3,53.413578033447266,20.645097732543945
3,3,3313,4,53.42991638183594,20.655704498291016
3,3,3313,5,53.446800231933594,20.666820526123047
3,3,3313,6,53.46358108520508,20.677898406982422
3,3,3313,7,53.479976654052734,20.688615798950195
3,3,3313,8,53.49708557128906,20.700502395629883
3,3,3313,9,53.51399230957031,20.711360931396484
3,3,3313,10,53.52949905395508,20.722238540649414
3,3,3313,11,53.54701232910156,20.733230590820312
3,3,3313,12,53.56402587890625,20.74457550048828
3,3,3313,13,53.58045959472656,20.755142211914062
3,3,3313,14,53.597843170166016,20.766427993774414
3,3,3313,15,53.61375045776367,20.777198791503906
3,3,3313,16,53.63071823120117,20.78887176513672
3,3,3313,17,53.64766311645508,20.800207138061523
3,3,3313,18,53.663780212402344,20.810958862304688
3,3,3313,19,53.68128204345703,20.823152542114258
3,3,3313,20,53.69831466674805,20.83399772644043
3,3,3314,0,58.427154541015625,15.619860649108887
3,3,3314,1,58.44748306274414,15.634568214416504
3,3,3314,2,58.467472076416016,15.649213790893555
3,3,3314,3,58.48725128173828,15.66434383392334
3,3,3314,4,58.506980895996094,15.678580284118652
3,3,3314,5,58.527244567871094,15.693320274353027
3,3,3314,6,58.54741287231445,15.708027839660645
3,3,3314,7,58.56719970703125,15.72237777709961
3,3,3314,8,58.587677001953125,15.737898826599121
3,3,3314,9,58.60797119140625,15.752382278442383
3,3,3314,10,58.62685775756836,15.766888618469238
3,3,3314,11,58.64775848388672,15.781519889831543
3,3,3314,12,58.668148040771484,15.796489715576172
3,3,3314,13,58.68797302246094,15.810686111450195
3,3,3314,14,58.708736419677734,15.825603485107422
3,3,3314,15,58.728031158447266,15.840002059936523
3,3,3314,16,58.74837875366211,15.855308532714844
3,3,3314,17,58.768699645996094,15.870280265808105
3,3,3314,18,58.7882080078125,15.884655952453613
3,3,3314,19,58.80907440185547,15.900485038757324
3,3,3314,20,58.82949447631836,15.914960861206055
3,3,3315,0,56.121944427490234,20.007158279418945
3,3,3315,1,56.1374626159668,20.017223358154297
3,3,3315,2,56.15264129638672,20.0272274017334
3,3,3315,3,56.1676139831543,20.0377140045166
3,3,3315,4,56.182525634765625,20.047304153442383
3,3,3315,5,56.19797897338867,20.057403564453125
3,3,3315,6,56.21333312988281,20.067468643188477
3,3,3315,7,56.22830581665039,20.077173233032227
3,3,3315,8,56.243980407714844,20.088054656982422
3,3,3315,9,56.25946044921875,20.0978946685791
3,3,3315,10,56.27354431152344,20.107751846313477
3,3,3315,11,56.28962707519531,20.117734909057617
3,3,3315,12,56.305213928222656,20.128068923950195
3,3,3315,13,56.32022476196289,20.137617111206055
3,3,3315,14,56.336177825927734,20.147891998291016
3,3,3315,15,56.35065841674805,20.157642364501953
3,3,3315,16,56.3661994934082,20.168304443359375
3,3,3315,17,56.3817138671875,20.178627014160156
3,3,3315,18,56.39640808105469,20.1883602142334
3,3,3315,19,56.412479400634766,20.19955062866211
3,3,3315,20,56.42808532714844,20.209383010864258
3,3,3316,0,58.27860641479492,15.98867130279541
3,3,3316,1,58.296592712402344,16.00063705444336
3,3,3316,2,58.314239501953125,16.01253890991211
3,3,3316,3,58.33168411254883,16.02492904663086
3,3,3316,4,58.34907531738281,16.036422729492188
3,3,3316,5,58.367000579833984,16.048419952392578
3,3,3316,6,58.38482666015625,16.06038475036621
3,3,3316,7,58.40226745605469,16.07199478149414
3,3,3316,8,58.420406341552734,16.084775924682617
3,3,3316,9,58.4383659362793,16.09651756286621
3,3,3316,10,58.45491027832031,16.108278274536133
3,3,3316,11,58.47346496582031,16.120168685913086
3,3,3316,12,58.49151611328125,16.13239860534668
3,3,3316,13,58.509002685546875,16.14385414123535
3,3,3316,14,58.52741622924805,16.156028747558594
3,3,3316,15,58.544376373291016,16.167682647705078
3,3,3316,16,58.562381744384766,16.180246353149414
3,3,3316,17,58.58036422729492,16.192476272583008
3,3,3316,18,58.597530364990234,16.20410919189453
3,3,3316,19,58.616058349609375,16.21719741821289
3,3,3316,20,58.634132385253906,16.228931427001953
3,3,3317,0,54.916587829589844,11.49917221069336
3,3,3317,1,54.94895935058594,11.527029037475586
3,3,3317,2,54.9809684753418,11.554824829101562
3,3,3317,3,55.012779235839844,11.583106994628906
3,3,3317,4,55.04452133178711,11.610491752624512
3,3,3317,5,55.07683181762695,11.638385772705078
3,3,3317,6,55.10902404785156,11.666241645812988
3,3,3317,7,55.140846252441406,11.693732261657715
3,3,3317,8,55.17336654663086,11.722400665283203
3,3,3317,9,55.20568084716797,11.750039100646973
3,3,3317,10,55.236595153808594,11.777702331542969
3,3,3317,11,55.269535064697266,11.80548095703125
3,3,3317,12,55.30195999145508,11.833600997924805
3,3,3317,13,55.33381271362305,11.860937118530273
3,3,3317,14,55.36661911010742,11.889007568359375
3,3,3317,15,55.397926330566406,11.916565895080566
3,3,3317,16,55.430320739746094,11.945023536682129
3,3,3317,17,55.46268081665039,11.97314453125
3,3,3317,18,55.494205474853516,12.0006742477417
3,3,3317,19,55.52712631225586,12.029653549194336
3,3,3317,20,55.55958557128906,12.057287216186523
3,3,3318,0,53.43730926513672,12.817582130432129
3,3,3318,1,53.457740783691406,12.832483291625977
3,3,3318,2,53.477840423583984,12.847319602966309
3,3,3318,3,53.49772644042969,12.86264705657959
3,3,3318,4,53.5175666809082,12.877074241638184
3,3,3318,5,53.537940979003906,12.892005920410156
3,3,3318,6,53.5582160949707,12.906906127929688
3,3,3318,7,53.57810592651367,12.9214506149292
3,3,3318,8,53.59868621826172,12.937172889709473
3,3,3318,9,53.61909484863281,12.9518461227417
3,3,3318,10,53.638084411621094,12.966546058654785
3,3,3318,11,53.659088134765625,12.981369972229004
3,3,3318,12,53.679588317871094,12.99653434753418
3,3,3318,13,53.699520111083984,13.010924339294434
3,3,3318,14,53.72038269042969,13.026034355163574
3,3,3318,15,53.73979187011719,13.04062271118164
3,3,3318,16,53.7602424621582,13.056124687194824
3,3,3318,17,53.78067398071289,13.071290969848633
3,3,3318,18,53.80028533935547,13.085860252380371
3,3,3318,19,53.821258544921875,13.101888656616211
3,3,3318,20,53.84177780151367,13.116556167602539
3,3,3319,0,57.86823654174805,20.741409301757812
3,3,3319,1,57.890769958496094,20.758115768432617
3,3,3319,2,57.9129524230957,20.77475929260254
3,3,3319,3,57.9349365234375,20.791885375976562
3,3,3319,4,57.956851959228516,20.80811882019043
3,3,3319,5,57.97932052612305,20.824859619140625
3,3,3319,6,58.001686096191406,20.84156608581543
3,3,3319,7,58.02366638183594,20.8579044342041
3,3,3319,8,58.04636001586914,20.87541961669922
3,3,3319,9,58.06884765625,20.89190673828125
3,3,3319,10,58.089935302734375,20.908409118652344
3,3,3319,11,58.113037109375,20.925031661987305
3,3,3319,12,58.13562774658203,20.94200325012207
3,3,3319,13,58.15764617919922,20.958194732666016
3,3,3319,14,58.18061447143555,20.975109100341797
3,3,3319,15,58.20210266113281,20.99150848388672
3,3,3319,16,58.22465896606445,21.00881004333496
3,3,3319,17,58.247188568115234,21.025774002075195
3,3,3319,18,58.268882751464844,21.04214859008789
3,3,3319,19,58.29197692871094,21.05997085571289
3,3,3319,20,58.31459045410156,21.076446533203125
3,3,3320,0,51.291587829589844,19.651498794555664
3,3,3320,1,51.30863952636719,19.662723541259766
3,3,3320,2,51.325347900390625,19.673885345458984
3,3,3320,3,51.34184646606445,19.685529708862305
3,3,3320,4,51.3582878112793,19.69628143310547
3,3,3320,5,51.375274658203125,19.707538604736328
3,3,3320,6,51.39215850830078,19.718761444091797
3,3,3320,7,51.408660888671875,19.729623794555664
3,3,3320,8,51.42586898803711,19.741653442382812
3,3,3320,9,51.44287872314453,19.752656936645508
3,3,3320,10,51.45848846435547,19.7636775970459
3,3,3320,11,51.47610855102539,19.77481460571289
3,3,3320,12,51.493221282958984,19.786304473876953
3,3,3320,13,51.509761810302734,19.797014236450195
3,3,3320,14,51.527244567871094,19.808443069458008
3,3,3320,15,51.54325485229492,19.819358825683594
3,3,3320,16,51.560325622558594,19.831174850463867
3,3,3320,17,51.577369689941406,19.842655181884766
3,3,3320,18,51.593589782714844,19.85354995727539
3,3,3320,19,51.6111946105957,19.865886688232422
3,3,3320,20,51.62833023071289,19.876876831054688
3,3,3321,0,56.525840759277344,23.201446533203125
3,3,3321,1,56.53894805908203,23.207687377929688
3,3,3321,2,56.55171203613281,23.213863372802734
3,3,3321,3,56.564273834228516,23.220523834228516
3,3,3321,4,56.57677459716797,23.226287841796875
3,3,3321,5,56.58981704711914,23.232559204101562
3,3,3321,6,56.602760314941406,23.23879623413086
3,3,3321,7,56.61531066894531,23.244674682617188
3,3,3321,8,56.62857437133789,23.25172996520996
3,3,3321,9,56.64164733886719,23.25774383544922
3,3,3321,10,56.6533088684082,23.263774871826172
3,3,3321,11,56.6669807434082,23.269927978515625
3,3,3321,12,56.68015670776367,23.27643585205078
3,3,3321,13,56.692752838134766,23.28215980529785
3,3,3321,14,56.70629119873047,23.288604736328125
3,3,3321,15,56.718360900878906,23.294527053833008
3,3,3321,16,56.731483459472656,23.301361083984375
3,3,3321,17,56.74458312988281,23.307857513427734
3,3,3321,18,56.75686264038086,23.313762664794922
3,3,3321,19,56.77052688598633,23.32112693786621
3,3,3321,20,56.78371810913086,23.327129364013672
3,4,3400,0,54.01008224487305,13.028592109680176
3,4,3400,1,54.0510139465332,13.0604887008667
3,4,3400,2,54.09157943725586,13.092321395874023
3,4,3400,3,54.13195037841797,13.124645233154297
3,4,3400,4,54.1722412109375,13.156063079833984
3,4,3400,5,54.21311950683594,13.187995910644531
3,4,3400,6,54.25387191772461,13.219891548156738
3,4,3400,7,54.29425048828125,13.251411437988281
3,4,3400,8,54.33534240722656,13.284126281738281
3,4,3400,9,54.37621307373047,13.315803527832031
3,4,3400,10,54.415679931640625,13.347503662109375
3,4,3400,11,54.45718765258789,13.379319190979004
3,4,3400,12,54.49817657470703,13.411479949951172
3,4,3400,13,54.5385856628418,13.442846298217773
3,4,3400,14,54.579959869384766,13.474959373474121
3,4,3400,15,54.61981964111328,13.50655460357666
3,4,3400,16,54.66078186035156,13.539060592651367
3,4,3400,17,54.70170974731445,13.571221351623535
3,4,3400,18,54.74178695678711,13.602785110473633
3,4,3400,19,54.783287048339844,13.63581371307373
3,4,3400,20,54.82430648803711,13.667486190795898
3,4,3401,0,51.01274108886719,10.512462615966797
3,4,3401,1,51.04286575317383,10.53767204284668
3,4,3401,2,51.07263946533203,10.562819480895996
3,4,3401,3,51.102210998535156,10.588454246520996
3,4,3401,4,51.1317253112793,10.613191604614258
3,4,3401,5,51.16178894042969,10.638435363769531
3,4,3401,6,51.19174575805664,10.66364860534668
3,4,3401,7,51.2213249206543,10.688493728637695
3,4,3401,8,51.25159454345703,10.71451473236084
3,4,3401,9,51.28167724609375,10.739503860473633
3,4,3401,10,51.31035614013672,10.764516830444336
3,4,3401,11,51.3410530090332,10.789654731750488
3,4,3401,12,51.37123107910156,10.81512451171875
3,4,3401,13,51.400848388671875,10.839818954467773
3,4,3401,14,51.4314079284668,10.86524486541748
3,4,3401,15,51.46049118041992,10.890151023864746
3,4,3401,16,51.49063491821289,10.915962219238281
3,4,3401,17,51.520755767822266,10.941437721252441
3,4,3401,18,51.550048828125,10.966318130493164
3,4,3401,19,51.58071517944336,10.992650985717773
3,4,3401,20,51.61092758178711,11.017635345458984
3,4,3402,0,55.53706741333008,32.3838996887207
3,4,3402,1,55.544857025146484,32.38157272338867
3,4,3402,2,55.552303314208984,32.379180908203125
3,4,3402,3,55.55954360961914,32.37727737426758
3,4,3402,4,55.56671905517578,32.37446594238281
3,4,3402,5,55.57444381713867,32.37217330932617
3,4,3402,6,55.58206558227539,32.36983871459961
3,4,3402,7,55.589290618896484,32.36714553833008
3,4,3402,8,55.597251892089844,32.365638732910156
3,4,3402,9,55.60499954223633,32.36308288574219
3,4,3402,10,55.61133575439453,32.36054611206055
3,4,3402,11,55.61968994140625,32.358116149902344
3,4,3402,12,55.62754821777344,32.356056213378906
3,4,3402,13,55.63481903076172,32.35321044921875
3,4,3402,14,55.64303970336914,32.3510856628418
3,4,3402,15,55.649784088134766,32.34843444824219
3,4,3402,16,55.657588958740234,32.34669876098633
3,4,3402,17,55.665374755859375,32.344627380371094
3,4,3402,18,55.67232131958008,32.34196090698242
3,4,3402,19,55.68068313598633,32.34076690673828
3,4,3402,20,55.68854904174805,32.33818817138672
3,4,3403,0,51.837223052978516,23.389780044555664
3,4,3403,1,51.8519401550293,23.397674560546875
3,4,3403,2,51.86631774902344,23.405508041381836
3,4,3403,3,51.88048553466797,23.413820266723633
3,4,3403,4,51.894596099853516,23.421245574951172
3,4,3403,5,51.90925216674805,23.429174423217773
3,4,3403,6,51.92380142211914,23.437068939208984
3,4,3403,7,51.93797302246094,23.44460105895996
3,4,3403,8,51.952850341796875,23.45330238342285
3,4,3403,9,51.967525482177734,23.460975646972656
3,4,3403,10,51.98080825805664,23.468666076660156
3,4,3403,11,51.996089935302734,23.476472854614258
3,4,3403,12,52.01087188720703,23.48463249206543
3,4,3403,13,52.025081634521484,23.492013931274414
3,4,3403,14,52.04023361206055,23.50011444091797
3,4,3403,15,52.05390930175781,23.5076961517334
3,4,3403,16,52.068641662597656,23.51618194580078
3,4,3403,17,52.08335494995117,23.52433204650879
3,4,3403,18,52.09724426269531,23.531896591186523
3,4,3403,19,52.11251449584961,23.540904998779297
3,4,3403,20,52.1273193359375,23.548564910888672
3,4,3404,0,53.06111145019531,13.640005111694336
3,4,3404,1,53.081756591796875,13.65585708618164
3,4,3404,2,53.10205841064453,13.671645164489746
3,4,3404,3,53.122154235839844,13.687919616699219
3,4,3404,4,53.14219665527344,13.703300476074219
3,4,3404,5,53.16278076171875,13.719184875488281
3,4,3404,6,53.18326187133789,13.73503589630127
3,4,3404,7,53.20336151123047,13.750529289245605
3,4,3404,8,53.22415542602539,13.767190933227539
3,4,3404,9,53.24476623535156,13.782819747924805
3,4,3404,10,53.26396942138672,13.798468589782715
3,4,3404,11,53.285186767578125,13.814244270324707
3,4,3404,12,53.30589294433594,13.830357551574707
3,4,3404,13,53.32603454589844,13.845697402954102
3,4,3404,14,53.347110748291016,13.8617582321167
3,4,3404,15,53.36672592163086,13.877301216125488
3,4,3404,16,53.38738250732422,13.893750190734863
3,4,3404,17,53.408023834228516,13.909865379333496
3,4,3404,18,53.4278450012207,13.925385475158691
3,4,3404,19,53.449031829833984,13.942354202270508
3,4,3404,20,53.46976852416992,13.957974433898926
3,4,3405,0,60.47380828857422,17.580245971679688
3,4,3405,1,60.523162841796875,17.614723205566406
3,4,3405,2,60.5721435546875,17.649141311645508
3,4,3405,3,60.62092590332031,17.684057235717773
3,4,3405,4,60.66963577270508,17.71805763244629
3,4,3405,5,60.71894073486328,17.75257682800293
3,4,3405,6,60.76810836791992,17.787057876586914
3,4,3405,7,60.8169059753418,17.821155548095703
3,4,3405,8,60.866424560546875,17.856468200683594
3,4,3405,9,60.915714263916016,17.89072608947754
3,4,3405,10,60.963592529296875,17.925020217895508
3,4,3405,11,61.01353073120117,17.959409713745117
3,4,3405,12,61.06294250488281,17.994155883789062
3,4,3405,13,61.11177062988281,18.02810287475586
3,4,3405,14,61.16157531738281,18.06279754638672
3,4,3405,15,61.209835052490234,18.096981048583984
3,4,3405,16,61.25922393798828,18.132083892822266
3,4,3405,17,61.30857467651367,18.166831970214844
3,4,3405,18,61.35706329345703,18.20098114013672
3,4,3405,19,61.4069938659668,18.236610412597656
3,4,3405,20,61.45643997192383,18.27086639404297
3,4,3406,0,50.79884719848633,39.577171325683594
3,4,3406,1,50.80256652832031,39.57176208496094
3,4,3406,2,50.805938720703125,39.566287994384766
3,4,3406,3,50.80910110473633,39.56130599975586
3,4,3406,4,50.81219482421875,39.55541229248047
3,4,3406,5,50.81584548950195,39.55003356933594
3,4,3406,6,50.81938552856445,39.544620513916016
3,4,3406,7,50.82252502441406,39.53883743286133
3,4,3406,8,50.82642364501953,39.53425216674805
3,4,3406,9,50.83009338378906,39.52861404418945
3,4,3406,10,50.83234786987305,39.52299118041992
3,4,3406,11,50.83662796020508,39.517478942871094
3,4,3406,12,50.84041213989258,39.51233673095703
3,4,3406,13,50.843597412109375,39.506412506103516
3,4,3406,14,50.847747802734375,39.50120544433594
3,4,3406,15,50.85040283203125,39.49546813964844
3,4,3406,16,50.85413360595703,39.49065399169922
3,4,3406,17,50.857845306396484,39.48549270629883
3,4,3406,18,50.8607063293457,39.47974395751953
3,4,3406,19,50.86500549316406,39.475467681884766
3,4,3406,20,50.868797302246094,39.46980667114258
3,4,3407,0,47.23981475830078,34.709495544433594
3,4,3407,1,47.249732971191406,34.71344757080078
3,4,3407,2,47.259300231933594,34.71733474731445
3,4,3407,3,47.26865768432617,34.72170639038086
3,4,3407,4,47.277950286865234,34.72517776489258
3,4,3407,5,47.287803649902344,34.729164123535156
3,4,3407,6,47.297542572021484,34.73311233520508
3,4,3407,7,47.306888580322266,34.7366828918457
3,4,3407,8,47.31698226928711,34.741455078125
3,4,3407,9,47.326847076416016,34.745182037353516
3,4,3407,10,47.33530807495117,34.74892044067383
3,4,3407,11,47.34578323364258,34.752769470214844
3,4,3407,12,47.35576248168945,34.756988525390625
3,4,3407,13,47.365150451660156,34.760414123535156
3,4,3407,14,47.37549591064453,34.76457214355469
3,4,3407,15,47.38434982299805,34.76820373535156
3,4,3407,16,47.39427947998047,34.77274703979492
3,4,3407,17,47.4041862487793,34.77694320678711
3,4,3407,18,47.41325378417969,34.780555725097656
3,4,3407,19,47.42374038696289,34.7856330871582
3,4,3407,20,47.4337272644043,34.789344787597656
3,4,3408,0,54.666133880615234,22.701730728149414
3,4,3408,1,54.67891311645508,22.70738983154297
3,4,3408,2,54.691349029541016,22.71298599243164
3,4,3408,3,54.703582763671875,22.719066619873047
3,4,3408,4,54.715755462646484,22.7242488861084
3,4,3408,5,54.72846984863281,22.729942321777344
3,4,3408,6,54.741085052490234,22.735597610473633
3,4,3408,7,54.75331115722656,22.740896224975586
3,4,3408,8,54.76625061035156,22.747371673583984
3,4,3408,9,54.77899169921875,22.752805709838867
3,4,3408,10,54.79032897949219,22.758255004882812
3,4,3408,11,54.803672790527344,22.76382827758789
3,4,3408,12,54.81652069091797,22.76975440979004
3,4,3408,13,54.82878875732422,22.774898529052734
3,4,3408,14,54.84199523925781,22.780763626098633
3,4,3408,15,54.85374069213867,22.78610610961914
3,4,3408,16,54.86653518676758,22.792362213134766
3,4,3408,17,54.879310607910156,22.798276901245117
3,4,3408,18,54.89126205444336,22.80360221862793
3,4,3408,19,54.904598236083984,22.810386657714844
3,4,3408,20,54.91746139526367,22.815807342529297
3,4,3409,0,45.540096282958984,39.8297004699707
3,4,3409,1,45.54136657714844,39.82945251464844
3,4,3409,2,45.54228210449219,39.82914352416992
3,4,3409,3,45.54298400878906,39.82931900024414
3,4,3409,4,45.54362106323242,39.82858657836914
3,4,3409,5,45.544822692871094,39.828372955322266
3,4,3409,6,45.545902252197266,39.828125
3,4,3409,7,45.54658889770508,39.827484130859375
3,4,3409,8,45.54804229736328,39.828067779541016
3,4,3409,9,45.54925537109375,39.82759475708008
3,4,3409,10,45.54905319213867,39.8271369934082
3,4,3409,11,45.55087661743164,39.826778411865234
3,4,3409,12,45.552207946777344,39.82680130004883
3,4,3409,13,45.55293655395508,39.82602310180664
3,4,3409,14,45.554630279541016,39.82598114013672
3,4,3409,15,45.5548210144043,39.82541275024414
3,4,3409,16,45.55610656738281,39.82575988769531
3,4,3409,17,45.55736541748047,39.82575607299805
3,4,3409,18,45.557769775390625,39.825164794921875
3,4,3409,19,45.55961608886719,39.826053619384766
3,4,3409,20,45.56094741821289,39.825557708740234
3,4,3410,0,55.48776626586914,19.273210525512695
3,4,3410,1,55.506778717041016,19.285734176635742
3,4,3410,2,55.52544403076172,19.298192977905273
3,4,3410,3,55.54391098022461,19.311134338378906
3,4,3410,4,55.562313079833984,19.323183059692383
3,4,3410,5,55.58125686645508,19.335739135742188
3,4,3410,6,55.600101470947266,19.34825897216797
3,4,3410,7,55.618568420410156,19.36041831970215
3,4,3410,8,55.63773727416992,19.373750686645508
3,4,3410,9,55.65670394897461,19.386049270629883
3,4,3410,10,55.674278259277344,19.39836883544922
3,4,3410,11,55.69385528564453,19.41080665588379
3,4,3410,12,55.712928771972656,19.423593521118164
3,4,3410,13,55.73142623901367,19.435598373413086
3,4,3410,14,55.75086975097656,19.448328018188477
3,4,3410,15,55.76884078979492,19.460538864135742
3,4,3410,16,55.787872314453125,19.473655700683594
3,4,3410,17,55.806880950927734,19.48643684387207
3,4,3410,18,55.8250617980957,19.498626708984375
3,4,3410,19,55.844627380371094,19.51226806640625
3,4,3410,20,55.86372375488281,19.52455711364746
3,4,3411,0,53.12875747680664,41.17086410522461
3,4,3411,1,53.137752532958984,41.175193786621094
3,4,3411,2,53.146392822265625,41.17945861816406
3,4,3411,3,53.154823303222656,41.184207916259766
3,4,3411,4,53.16318893432617,41.18805694580078
3,4,3411,5,53.172119140625,41.19241714477539
3,4,3411,6,53.18092727661133,41.196746826171875
3,4,3411,7,53.1893424987793,41.20069122314453
3,4,3411,8,53.198516845703125,41.20583724975586
3,4,3411,9,53.207454681396484,41.20994186401367
3,4,3411,10,53.21498489379883,41.21405792236328
3,4,3411,11,53.22453308105469,41.21827697753906
3,4,3411,12,53.23358917236328,41.222877502441406
3,4,3411,13,53.242042541503906,41.22667694091797
3,4,3411,14,53.25146484375,41.23120880126953
3,4,3411,15,53.25939178466797,41.23522186279297
3,4,3411,16,53.26839828491211,41.240142822265625
3,4,3411,17,53.277381896972656,41.244712829589844
3,4,3411,18,53.28551483154297,41.24869918823242
3,4,3411,19,53.29507827758789,41.254154205322266
3,4,3411,20,53.30413818359375,41.25823974609375
3,4,3412,0,55.00498962402344,36.368160247802734
3,4,3412,1,55.01241683959961,36.3668098449707
3,4,3412,2,55.019500732421875,36.36539840698242
3,4,3412,3,55.026371002197266,36.36447525024414
3,4,3412,4,55.033180236816406,36.362648010253906
3,4,3412,5,55.04054260253906,36.361331939697266
3,4,3412,6,55.047794342041016,36.35997772216797
3,4,3412,7,55.05465316772461,36.35826110839844
3,4,3412,8,55.062252044677734,36.357730865478516
3,4,3412,9,55.06963348388672,36.35615539550781
3,4,3412,10,55.07560729980469,36.35459899902344
3,4,3412,11,55.083595275878906,36.3531494140625
3,4,3412,12,55.091087341308594,36.35206985473633
3,4,3412,13,55.09798812866211,36.35020446777344
3,4,3412,14,55.1058464050293,36.34905242919922
3,4,3412,15,55.112220764160156,36.347389221191406
3,4,3412,16,55.11966323852539,36.34663391113281
3,4,3412,17,55.12708282470703,36.34553527832031
3,4,3412,18,55.133663177490234,36.34385299682617
3,4,3412,19,55.141658782958984,36.343631744384766
3,4,3412,20,55.14916229248047,36.342037200927734
3,4,3413,0,54.74557113647461,32.64047622680664
3,4,3413,1,54.75175094604492,32.638065338134766
3,4,3413,2,54.75759506225586,32.63558578491211
3,4,3413,3,54.76322555541992,32.63359832763672
3,4,3413,4,54.768795013427734,32.630706787109375
3,4,3413,5,54.7749137878418,32.628326416015625
3,4,3413,6,54.78092575073242,32.62590408325195
3,4,3413,7,54.78654479980469,32.62312698364258
3,4,3413,8,54.79289627075195,32.62153625488281
3,4,3413,9,54.79903793334961,32.618892669677734
3,4,3413,10,54.80377197265625,32.61627197265625
3,4,3413,11,54.810516357421875,32.6137580871582
3,4,3413,12,54.81676483154297,32.61161422729492
3,4,3413,13,54.822425842285156,32.60868453979492
3,4,3413,14,54.82904052734375,32.60647201538086
3,4,3413,15,54.83417892456055,32.60374069213867
3,4,3413,16,54.84037399291992,32.6019172668457
3,4,3413,17,54.846553802490234,32.59975814819336
3,4,3413,18,54.85189437866211,32.597007751464844
3,4,3413,19,54.858642578125,32.595726013183594
3,4,3413,20,54.86490249633789,32.59306335449219
3,4,3414,0,60.813072204589844,25.933635711669922
3,4,3414,1,60.829803466796875,25.942819595336914
3,4,3414,2,60.84618377685547,25.951940536499023
3,4,3414,3,60.862361907958984,25.96154022216797
3,4,3414,4,60.87847900390625,25.970251083374023
3,4,3414,5,60.8951416015625,25.979467391967773
3,4,3414,6,60.91170120239258,25.988649368286133
3,4,3414,7,60.927879333496094,25.997468948364258
3,4,3414,8,60.94477081298828,26.00745964050293
3,4,3414,9,60.961456298828125,26.016422271728516
3,4,3414,10,60.976741790771484,26.02539825439453
3,4,3414,11,60.99403381347656,26.034496307373047
3,4,3414,12,61.010826110839844,26.0439453125
3,4,3414,13,61.02703857421875,26.052614212036133
3,4,3414,14,61.04420471191406,26.06200408935547
3,4,3414,15,61.05988693237305,26.070873260498047
3,4,3414,16,61.07663345336914,26.08064842224121
3,4,3414,17,61.09335708618164,26.090087890625
3,4,3414,18,61.1092529296875,26.09893798828125
3,4,3414,19,61.12654113769531,26.109237670898438
3,4,3414,20,61.14335250854492,26.118186950683594
3,4,3415,0,57.13568115234375,20.791223526000977
3,4,3415,1,57.16313552856445,20.813013076782227
3,4,3415,2,57.19022750854492,20.83474349975586
3,4,3415,3,57.21711730957031,20.856952667236328
3,4,3415,4,57.24393844604492,20.878273010253906
3,4,3415,5,57.271331787109375,20.900102615356445
3,4,3415,6,57.29859924316406,20.921894073486328
3,4,3415,7,57.325496673583984,20.94331169128418
3,4,3415,8,57.35310363769531,20.965909957885742
3,4,3415,9,57.3805046081543,20.98748779296875
3,4,3415,10,57.406497955322266,21.00907325744629
3,4,3415,11,57.43451690673828,21.030778884887695
3,4,3415,12,57.4620246887207,21.05283546447754
3,4,3415,13,57.488956451416016,21.07411003112793
3,4,3415,14,57.516845703125,21.096111297607422
3,4,3415,15,57.54323196411133,21.117599487304688
3,4,3415,16,57.57070541381836,21.139984130859375
3,4,3415,17,57.598148345947266,21.162031173706055
3,4,3415,18,57.624752044677734,21.183490753173828
3,4,3415,19,57.65275955200195,21.20639991760254
3,4,3415,20,57.680294036865234,21.227962493896484
3,4,3416,0,54.27674102783203,29.454029083251953
3,4,3416,1,54.28606414794922,29.45393943786621
3,4,3416,2,54.295047760009766,29.453786849975586
3,4,3416,3,54.3038215637207,29.45412254333496
3,4,3416,4,54.31253433227539,29.453554153442383
3,4,3416,5,54.3217887878418,29.4534969329834
3,4,3416,6,54.3309440612793,29.453401565551758
3,4,3416,7,54.33970642089844,29.45294952392578
3,4,3416,8,54.34919357299805,29.453678131103516
3,4,3416,9,54.35847473144531,29.453359603881836
3,4,3416,10,54.36635208129883,29.453065872192383
3,4,3416,11,54.37623977661133,29.452877044677734
3,4,3416,12,54.38562774658203,29.453054428100586
3,4,3416,13,54.394432067871094,29.452451705932617
3,4,3416,14,54.4041862487793,29.452564239501953
3,4,3416,15,54.41246795654297,29.45215606689453
3,4,3416,16,54.42180633544922,29.45265769958496
3,4,3416,17,54.431121826171875,29.452823638916016
3,4,3416,18,54.43960952758789,29.45240020751953
3,4,3416,19,54.44949722290039,29.45343780517578
3,4,3416,20,54.45889663696289,29.453102111816406
3,4,3417,0,52.96170425415039,27.10850715637207
3,4,3417,1,52.973995208740234,27.11130714416504
3,4,3417,2,52.98594284057617,27.114044189453125
3,4,3417,3,52.997684478759766,27.117267608642578
3,4,3417,4,53.009368896484375,27.119592666625977
3,4,3417,5,53.02159118652344,27.122425079345703
3,4,3417,6,53.033714294433594,27.125221252441406
3,4,3417,7,53.045448303222656,27.127660751342773
3,4,3417,8,53.05790328979492,27.131277084350586
3,4,3417,9,53.07014846801758,27.13385009765625
3,4,3417,10,53.08100128173828,27.136444091796875
3,4,3417,11,53.093849182128906,27.139150619506836
3,4,3417,12,53.106204986572266,27.142215728759766
3,4,3417,13,53.11798095703125,27.144502639770508
3,4,3417,14,53.130699157714844,27.147506713867188
3,4,3417,15,53.14194869995117,27.14999008178711
3,4,3417,16,53.15425491333008,27.153383255004883
3,4,3417,17,53.16653823852539,27.156436920166016
3,4,3417,18,53.17799758911133,27.158905029296875
3,4,3417,19,53.19084930419922,27.162830352783203
3,4,3417,20,53.20321273803711,27.165388107299805
3,4,3418,0,57.6262321472168,30.004650115966797
3,4,3418,1,57.63715744018555,30.00591468811035
3,4,3418,2,57.64773941040039,30.007116317749023
3,4,3418,3,57.65811538696289,30.008804321289062
3,4,3418,4,57.668434143066406,30.009592056274414
3,4,3418,5,57.67929458618164,30.010889053344727
3,4,3418,6,57.69004821777344,30.012147903442383
3,4,3418,7,57.700416564941406,30.013051986694336
3,4,3418,8,57.71150588989258,30.01513671875
3,4,3418,9,57.722389221191406,30.016172409057617
3,4,3418,10,57.73187255859375,30.017230987548828
3,4,3418,11,57.74335861206055,30.018400192260742
3,4,3418,12,57.75434875488281,30.019929885864258
3,4,3418,13,57.7647590637207,30.02068328857422
3,4,3418,14,57.77611541748047,30.02215003967285
3,4,3418,15,57.7859992980957,30.023096084594727
3,4,3418,16,57.796939849853516,30.024953842163086
3,4,3418,17,57.807857513427734,30.026473999023438
3,4,3418,18,57.81795120239258,30.02740478515625
3,4,3418,19,57.82943344116211,30.02979850769043
3,4,3418,20,57.84043884277344,30.030818939208984
3,4,3419,0,59.622928619384766,41.75693893432617
3,4,3419,1,59.62555694580078,41.7509765625
3,4,3419,2,59.627845764160156,41.74495315551758
3,4,3419,3,59.629920959472656,41.73941421508789
3,4,3419,4,59.63193130493164,41.732967376708984
3,4,3419,5,59.634490966796875,41.72703552246094
3,4,3419,6,59.63694763183594,41.721065521240234
3,4,3419,7,59.63900375366211,41.71473693847656
3,4,3419,8,59.641807556152344,41.709598541259766
3,4,3419,9,59.64439010620117,41.70340347290039
3,4,3419,10,59.64556121826172,41.697227478027344
3,4,3419,11,59.64875411987305,41.691162109375
3,4,3419,12,59.651451110839844,41.68547058105469
3,4,3419,13,59.6535530090332,41.678993225097656
3,4,3419,14,59.656612396240234,41.6732292175293
3,4,3419,15,59.6581916809082,41.66694259643555
3,4,3419,16,59.660831451416016,41.66157150268555
3,4,3419,17,59.6634521484375,41.65585708618164
3,4,3419,18,59.66523361206055,41.64955520629883
3,4,3419,19,59.668434143066406,41.64472961425781
3,4,3419,20,59.671138763427734,41.63851547241211
3,4,3420,0,55.893253326416016,15.452013969421387
3,4,3420,1,55.912841796875,15.46685791015625
3,4,3420,2,55.932090759277344,15.48164176940918
3,4,3420,3,55.95112991333008,15.496905326843262
3,4,3420,4,55.97011947631836,15.511279106140137
3,4,3420,5,55.989646911621094,15.526156425476074
3,4,3420,6,56.009071350097656,15.541000366210938
3,4,3420,7,56.02811813354492,15.555487632751465
3,4,3420,8,56.04785919189453,15.57114028930664
3,4,3420,9,56.067413330078125,15.585763931274414
3,4,3420,10,56.0855598449707,15.6004056930542
3,4,3420,11,56.10572052001953,15.61517333984375
3,4,3420,12,56.125370025634766,15.630281448364258
3,4,3420,13,56.14445877075195,15.644612312316895
3,4,3420,14,56.16448211669922,15.659667015075684
3,4,3420,15,56.18303680419922,15.674202919006348
3,4,3420,16,56.202640533447266,15.689642906188965
3,4,3420,17,56.222225189208984,15.70474910736084
3,4,3420,18,56.24099349975586,15.71926212310791
3,4,3420,19,56.26112365722656,15.735223770141602
3,4,3420,20,56.28080368041992,15.749837875366211
3,4,3421,0,53.95549392700195,41.468040466308594
3,4,3421,1,53.958499908447266,41.462345123291016
3,4,3421,2,53.96116256713867,41.45658493041992
3,4,3421,3,53.9636116027832,41.45130920410156
3,4,3421,4,53.96599578857422,41.44512939453125
3,4,3421,5,53.968936920166016,41.4394645690918
3,4,3421,6,53.97176742553711,41.43376159667969
3,4,3421,7,53.97419738769531,41.42769241333008
3,4,3421,8,53.977378845214844,41.422821044921875
3,4,3421,9,53.9803352355957,41.416893005371094
3,4,3421,10,53.98188400268555,41.410980224609375
3,4,3421,11,53.98544692993164,41.40517807006836
3,4,3421,12,53.988521575927734,41.39975357055664
3,4,3421,13,53.990997314453125,41.39353942871094
3,4,3421,14,53.99443435668945,41.38804244995117
3,4,3421,15,53.99638366699219,41.382022857666016
3,4,3421,16,53.99939727783203,41.376914978027344
3,4,3421,17,54.00239562988281,41.37146759033203
3,4,3421,18,54.00455093383789,41.36543273925781
3,4,3421,19,54.00813293457031,41.36086654663086
3,4,3421,20,54.01121139526367,41.354923248291016
3,5,3500,0,49.41859436035156,39.303585052490234
3,5,3500,1,49.41727828979492,39.294376373291016
3,5,3500,2,49.41562271118164,39.28510284423828
3,5,3500,3,49.41374588012695,39.27631759643555
3,5,3500,4,49.411808013916016,39.26662063598633
3,5,3500,5,49.410423278808594,39.2574462890625
3,5,3500,6,49.408931732177734,39.24822998046875
3,5,3500,7,49.407039642333984,39.2386474609375
3,5,3500,8,49.405906677246094,39.230262756347656
3,5,3500,9,49.404541015625,39.2208251953125
3,5,3500,10,49.40176010131836,39.211395263671875
3,5,3500,11,49.40100860595703,39.202083587646484
3,5,3500,12,49.39976501464844,39.193145751953125
3,5,3500,13,49.39791488647461,39.18341827392578
3,5,3500,14,49.39703369140625,39.174407958984375
3,5,3500,15,49.39466094970703,39.16487121582031
3,5,3500,16,49.39335632324219,39.15625
3,5,3500,17,49.39202880859375,39.14729309082031
3,5,3500,18,49.389862060546875,39.13774108886719
3,5,3500,19,49.38912582397461,39.12966537475586
3,5,3500,20,49.387882232666016,39.12020492553711
3,5,3501,0,48.397560119628906,27.61252212524414
3,5,3501,1,48.407936096191406,27.614397048950195
3,5,3501,2,48.417972564697266,27.616209030151367
3,5,3501,3,48.42780303955078,27.618505477905273
3,5,3501,4,48.43756866455078,27.619903564453125
3,5,3501,5,48.447879791259766,27.621810913085938
3,5,3501,6,48.458091735839844,27.623680114746094
3,5,3501,7,48.4679069519043,27.62518882751465
3,5,3501,8,48.47845458984375,27.627880096435547
3,5,3501,9,48.48878860473633,27.629528045654297
3,5,3501,10,48.49772644042969,27.631196975708008
3,5,3501,11,48.508663177490234,27.632970809936523
3,5,3501,12,48.519107818603516,27.635112762451172
3,5,3501,13,48.528968811035156,27.636472702026367
3,5,3501,14,48.53977584838867,27.638547897338867
3,5,3501,15,48.549110412597656,27.640104293823242
3,5,3501,16,48.559505462646484,27.6425724029541
3,5,3501,17,48.56987762451172,27.644699096679688
3,5,3501,18,48.57942199707031,27.646240234375
3,5,3501,19,48.590362548828125,27.64923858642578
3,5,3501,20,48.6008186340332,27.650867462158203
3,5,3502,0,50.649723052978516,10.383748054504395
3,5,3502,1,50.6802864074707,10.409663200378418
3,5,3502,2,50.71050262451172,10.435518264770508
3,5,3502,3,50.74052047729492,10.461862564086914
3,5,3502,4,50.770477294921875,10.487306594848633
3,5,3502,5,50.80098342895508,10.513256072998047
3,5,3502,6,50.831382751464844,10.539175033569336
3,5,3502,7,50.86140441894531,10.564725875854492
3,5,3502,8,50.892120361328125,10.591453552246094
3,5,3502,9,50.922645568847656,10.617148399353027
3,5,3502,10,50.95176696777344,10.642871856689453
3,5,3502,11,50.982906341552734,10.668712615966797
3,5,3502,12,51.01353073120117,10.694889068603516
3,5,3502,13,51.04358673095703,10.720287322998047
3,5,3502,14,51.07459259033203,10.746417999267578
3,5,3502,15,51.1041145324707,10.772034645080566
3,5,3502,16,51.13470458984375,10.798552513122559
3,5,3502,17,51.16526794433594,10.824736595153809
3,5,3502,18,51.195003509521484,10.850322723388672
3,5,3502,19,51.22611618041992,10.877362251281738
3,5,3502,20,51.256771087646484,10.903053283691406
3,5,3503,0,53.80706787109375,12.762402534484863
3,5,3503,1,53.83334732055664,12.784918785095215
3,5,3503,2,53.859275817871094,12.80737018585205
3,5,3503,3,53.885009765625,12.83030891418457
3,5,3503,4,53.910675048828125,12.852348327636719
3,5,3503,5,53.93689727783203,12.874898910522461
3,5,3503,6,53.963008880615234,12.897416114807129
3,5,3503,7,53.98874282836914,12.919564247131348
3,5,3503,8,54.01517868041992,12.942891120910645
3,5,3503,9,54.04141616821289,12.96518611907959
3,5,3503,10,54.06624984741211,12.987499237060547
3,5,3503,11,54.093101501464844,13.009940147399902
3,5,3503,12,54.119441986083984,13.032718658447266
3,5,3503,13,54.14521408081055,13.05471420288086
3,5,3503,14,54.171932220458984,13.077445983886719
3,5,3503,15,54.197166442871094,13.099653244018555
3,5,3503,16,54.223472595214844,13.122770309448242
3,5,3503,17,54.249752044677734,13.145548820495605
3,5,3503,18,54.27519607543945,13.167730331420898
3,5,3503,19,54.30202865600586,13.191370010375977
3,5,3503,20,54.328399658203125,13.213659286499023
3,5,3504,0,47.30856704711914,14.08208179473877
3,5,3504,1,47.327476501464844,14.094880104064941
3,5,3504,2,47.34604263305664,14.10761547088623
3,5,3504,3,47.364410400390625,14.120835304260254
3,5,3504,4,47.382720947265625,14.133162498474121
3,5,3504,5,47.40156555175781,14.14599323272705
3,5,3504,6,47.420310974121094,14.158791542053223
3,5,3504,7,47.43867874145508,14.171231269836426
3,5,3504,8,47.457740783691406,14.184843063354492
3,5,3504,9,47.47661209106445,14.197419166564941
3,5,3504,10,47.49408721923828,14.210012435913086
3,5,3504,11,47.5135612487793,14.222733497619629
3,5,3504,12,47.53253173828125,14.235795974731445
3,5,3504,13,47.550941467285156,14.24808120727539
3,5,3504,14,47.57027816772461,14.261089324951172
3,5,3504,15,47.58815383911133,14.273576736450195
3,5,3504,16,47.60708236694336,14.286972045898438
3,5,3504,17,47.62598419189453,14.300033569335938
3,5,3504,18,47.644073486328125,14.312499046325684
3,5,3504,19,47.66352462768555,14.326417922973633
3,5,3504,20,47.68252182006836,14.338983535766602
3,5,3505,0,64.95806121826172,37.740882873535156
3,5,3505,1,64.97319030761719,37.75039291381836
3,5,3505,2,64.98796844482422,37.75984191894531
3,5,3505,3,65.00253295898438,37.7697639465332
3,5,3505,4,65.01703643798828,37.7787971496582
3,5,3505,5,65.03209686279297,37.7883415222168
3,5,3505,6,65.04705047607422,37.797847747802734
3,5,3505,7,65.06160736083984,37.806983947753906
3,5,3505,8,65.076904296875,37.817298889160156
3,5,3505,9,65.09198760986328,37.82658767700195
3,5,3505,10,65.10565185546875,37.83588790893555
3,5,3505,11,65.12134552001953,37.845298767089844
3,5,3505,12,65.13653564453125,37.85507583618164
3,5,3505,13,65.15113067626953,37.86406326293945
3,5,3505,14,65.16669464111328,37.873779296875
3,5,3505,15,65.18075561523438,37.882972717285156
3,5,3505,16,65.19590759277344,37.893070220947266
3,5,3505,17,65.21102142333984,37.902828216552734
3,5,3505,18,65.22530364990234,37.91200256347656
3,5,3505,19,65.24099731445312,37.922630310058594
3,5,3505,20,65.25619506835938,37.93190383911133
3,5,3506,0,51.600364685058594,23.076984405517578
3,5,3506,1,51.61381530761719,23.081493377685547
3,5,3506,2,51.626922607421875,23.0859375
3,5,3506,3,51.63982009887695,23.090864181518555
3,5,3506,4,51.65266418457031,23.09489631652832
3,5,3506,5,51.66604995727539,23.099435806274414
3,5,3506,6,51.6793327331543,23.10393714904785
3,5,3506,7,51.69222640991211,23.10808563232422
3,5,3506,8,51.70583724975586,23.1134090423584
3,5,3506,9,51.71924591064453,23.11768913269043
3,5,3506,10,51.73125076293945,23.121986389160156
3,5,3506,11,51.74526596069336,23.126405715942383
3,5,3506,12,51.75878143310547,23.131179809570312
3,5,3506,13,51.7717170715332,23.135173797607422
3,5,3506,14,51.78559875488281,23.139888763427734
3,5,3506,15,51.79800796508789,23.144075393676758
3,5,3506,16,51.81147003173828,23.14917755126953
3,5,3506,17,51.824913024902344,23.153940200805664
3,5,3506,18,51.8375358581543,23.158113479614258
3,5,3506,19,51.851539611816406,23.16374397277832
3,5,3506,20,51.865074157714844,23.168012619018555
3,5,3507,0,48.78142547607422,14.364444732666016
3,5,3507,1,48.800331115722656,14.378029823303223
3,5,3507,2,48.81888961791992,14.391551971435547
3,5,3507,3,48.83724594116211,14.405557632446289
3,5,3507,4,48.85554504394531,14.418669700622559
3,5,3507,5,48.874385833740234,14.432287216186523
3,5,3507,6,48.893123626708984,14.445871353149414
3,5,3507,7,48.91148376464844,14.459096908569336
3,5,3507,8,48.930538177490234,14.473495483398438
3,5,3507,9,48.949405670166016,14.486857414245605
3,5,3507,10,48.96686935424805,14.500236511230469
3,5,3507,11,48.9863395690918,14.513744354248047
3,5,3507,12,49.00530242919922,14.527593612670898
3,5,3507,13,49.023704528808594,14.540664672851562
3,5,3507,14,49.04304122924805,14.554459571838379
3,5,3507,15,49.06090545654297,14.567732810974121
3,5,3507,16,49.07982635498047,14.581915855407715
3,5,3507,17,49.098724365234375,14.595762252807617
3,5,3507,18,49.11680603027344,14.609014511108398
3,5,3507,19,49.13624954223633,14.623720169067383
3,5,3507,20,49.155242919921875,14.637072563171387
3,5,3508,0,50.782859802246094,26.777122497558594
3,5,3508,1,50.79313659667969,26.7806396484375
3,5,3508,2,50.80307388305664,26.784093856811523
3,5,3508,3,50.812801361083984,26.78803062438965
3,5,3508,4,50.822471618652344,26.791074752807617
3,5,3508,5,50.832679748535156,26.79462432861328
3,5,3508,6,50.84278869628906,26.79813575744629
3,5,3508,7,50.852508544921875,26.801288604736328
3,5,3508,8,50.862953186035156,26.805618286132812
3,5,3508,9,50.87318420410156,26.808910369873047
3,5,3508,10,50.882022857666016,26.812219619750977
3,5,3508,11,50.892860412597656,26.815641403198242
3,5,3508,12,50.903202056884766,26.819425582885742
3,5,3508,13,50.9129638671875,26.822425842285156
3,5,3508,14,50.92367172241211,26.826147079467773
3,5,3508,15,50.93290710449219,26.829345703125
3,5,3508,16,50.943199157714844,26.83345603942871
3,5,3508,17,50.953468322753906,26.83722496032715
3,5,3508,18,50.96291732788086,26.840410232543945
3,5,3508,19,50.973751068115234,26.84504508972168
3,5,3508,20,50.984107971191406,26.84832191467285
3,5,3509,0,45.29592514038086,18.160303115844727
3,5,3509,1,45.329429626464844,18.185585021972656
3,5,3509,2,45.362571716308594,18.2108097076416
3,5,3509,3,45.395511627197266,18.236515045166016
3,5,3509,4,45.42837905883789,18.261327743530273
3,5,3509,5,45.46182632446289,18.286651611328125
3,5,3509,6,45.49515151977539,18.31193733215332
3,5,3509,7,45.52809524536133,18.33684539794922
3,5,3509,8,45.561767578125,18.362945556640625
3,5,3509,9,45.595211029052734,18.388015747070312
3,5,3509,10,45.62725067138672,18.41309928894043
3,5,3509,11,45.66133117675781,18.438295364379883
3,5,3509,12,45.694889068603516,18.46384620666504
3,5,3509,13,45.727867126464844,18.48860740661621
3,5,3509,14,45.761817932128906,18.514101028442383
3,5,3509,15,45.79423904418945,18.539081573486328
3,5,3509,16,45.82777786254883,18.564970016479492
3,5,3509,17,45.86127853393555,18.590513229370117
3,5,3509,18,45.893924713134766,18.615468978881836
3,5,3509,19,45.92799758911133,18.641878128051758
3,5,3509,20,45.96158981323242,18.66693687438965
3,5,3510,0,53.87516403198242,18.438888549804688
3,5,3510,1,53.9051628112793,18.462162017822266
3,5,3510,2,53.93480682373047,18.485376358032227
3,5,3510,3,53.96424102783203,18.509069442749023
3,5,3510,4,53.99361038208008,18.531869888305664
3,5,3510,5,54.02355194091797,18.5551815032959
3,5,3510,6,54.05337142944336,18.57845687866211
3,5,3510,7,54.08281326293945,18.60135841369629
3,5,3510,8,54.11296463012695,18.625438690185547
3,5,3510,9,54.142913818359375,18.648496627807617
3,5,3510,10,54.171451568603516,18.671571731567383
3,5,3510,11,54.20201873779297,18.694759368896484
3,5,3510,12,54.23207473754883,18.718297958374023
3,5,3510,13,54.26155471801758,18.741052627563477
3,5,3510,14,54.291988372802734,18.764537811279297
3,5,3510,15,54.3209228515625,18.787508010864258
3,5,3510,16,54.35094451904297,18.811378479003906
3,5,3510,17,54.38093566894531,18.834909439086914
3,5,3510,18,54.41008377075195,18.857851028442383
3,5,3510,19,54.440635681152344,18.88224220275879
3,5,3510,20,54.47071838378906,18.905288696289062
3,5,3511,0,53.53601837158203,28.14967155456543
3,5,3511,1,53.54492950439453,28.149940490722656
3,5,3511,2,53.553497314453125,28.150144577026367
3,5,3511,3,53.561859130859375,28.150835037231445
3,5,3511,4,53.570159912109375,28.150623321533203
3,5,3511,5,53.579002380371094,28.150924682617188
3,5,3511,6,53.587745666503906,28.151185989379883
3,5,3511,7,53.59609603881836,28.151090621948242
3,5,3511,8,53.60517120361328,28.152179718017578
3,5,3511,9,53.61404037475586,28.152219772338867
3,5,3511,10,53.62150573730469,28.152278900146484
3,5,3511,11,53.630977630615234,28.152450561523438
3,5,3511,12,53.63995361328125,28.152986526489258
3,5,3511,13,53.64834976196289,28.15273666381836
3,5,3511,14,53.65768814086914,28.153209686279297
3,5,3511,15,53.665557861328125,28.15315818786621
3,5,3511,16,53.67448425292969,28.15401840209961
3,5,3511,17,53.68339157104492,28.154541015625
3,5,3511,18,53.691463470458984,28.15447235107422
3,5,3511,19,53.7009391784668,28.15587043762207
3,5,3511,20,53.70992660522461,28.15589141845703
3,5,3512,0,49.879947662353516,17.944467544555664
3,5,3512,1,49.906002044677734,17.96320915222168
3,5,3512,2,49.93170166015625,17.981887817382812
3,5,3512,3,49.95720291137695,18.001047134399414
3,5,3512,4,49.982635498046875,18.01931381225586
3,5,3512,5,50.008628845214844,18.0380859375
3,5,3512,6,50.034507751464844,18.056827545166016
3,5,3512,7,50.06001281738281,18.075199127197266
3,5,3512,8,50.08622360229492,18.094745635986328
3,5,3512,9,50.11222839355469,18.11326789855957
3,5,3512,10,50.13683319091797,18.131807327270508
3,5,3512,11,50.163455963134766,18.15046501159668
3,5,3512,12,50.18956756591797,18.169466018676758
3,5,3512,13,50.21510696411133,18.18769073486328
3,5,3512,14,50.241600036621094,18.206642150878906
3,5,3512,15,50.2666015625,18.225074768066406
3,5,3512,16,50.29267501831055,18.244407653808594
3,5,3512,17,50.318721771240234,18.263404846191406
3,5,3512,18,50.343936920166016,18.28181266784668
3,5,3512,19,50.37054443359375,18.301668167114258
3,5,3512,20,50.39668273925781,18.320178985595703
3,5,3513,0,56.97544479370117,11.26977252960205
3,5,3513,1,57.008079528808594,11.297537803649902
3,5,3513,2,57.04036331176758,11.325242042541504
3,5,3513,3,57.07244873046875,11.353433609008789
3,5,3513,4,57.104469299316406,11.380725860595703
3,5,3513,5,57.13705062866211,11.408527374267578
3,5,3513,6,57.16951370239258,11.436294555664062
3,5,3513,7,57.20160675048828,11.463693618774414
3,5,3513,8,57.2343864440918,11.492268562316895
3,5,3513,9,57.26698303222656,11.519814491271973
3,5,3513,10,57.29817199707031,11.54738712310791
3,5,3513,11,57.33137893676758,11.575077056884766
3,5,3513,12,57.364070892333984,11.603104591369629
3,5,3513,13,57.39619827270508,11.630351066589355
3,5,3513,14,57.42926788330078,11.658330917358398
3,5,3513,15,57.46086120605469,11.685798645019531
3,5,3513,16,57.4935188293457,11.714164733886719
3,5,3513,17,57.52614974975586,11.742195129394531
3,5,3513,18,57.55795669555664,11.769631385803223
3,5,3513,19,57.59113311767578,11.798518180847168
3,5,3513,20,57.62385559082031,11.826061248779297
3,5,3514,0,53.25484085083008,29.62033462524414
3,5,3514,1,53.26844787597656,29.628923416137695
3,5,3514,2,53.28170394897461,29.637449264526367
3,5,3514,3,53.29475021362305,29.646451950073242
3,5,3514,4,53.30773162841797,29.654563903808594
3,5,3514,5,53.32127380371094,29.663183212280273
3,5,3514,6,53.33470153808594,29.671768188476562
3,5,3514,7,53.34774398803711,29.67998504638672
3,5,3514,8,53.361515045166016,29.689374923706055
3,5,3514,9,53.37507247924805,29.69774055480957
3,5,3514,10,53.38722229003906,29.706119537353516
3,5,3514,11,53.401390075683594,29.714609146118164
3,5,3514,12,53.41505813598633,29.72346305847168
3,5,3514,13,53.428138732910156,29.73153305053711
3,5,3514,14,53.44217300415039,29.74032211303711
3,5,3514,15,53.4547233581543,29.74859619140625
3,5,3514,16,53.468345642089844,29.75777244567871
3,5,3514,17,53.48194122314453,29.766605377197266
3,5,3514,18,53.49470138549805,29.77486228942871
3,5,3514,19,53.50886535644531,29.784563064575195
3,5,3514,20,53.52254867553711,29.79291343688965
3,5,3515,0,56.234886169433594,39.909610748291016
3,5,3515,1,56.235801696777344,39.90150833129883
3,5,3515,2,56.23637771606445,39.893341064453125
3,5,3515,3,56.23673629760742,39.88565444946289
3,5,3515,4,56.23703384399414,39.8770637512207
3,5,3515,5,56.23788070678711,39.86899185180664
3,5,3515,6,56.23862838745117,39.860877990722656
3,5,3515,7,56.23896789550781,39.8524055480957
3,5,3515,8,56.24006271362305,39.84512710571289
3,5,3515,9,56.240936279296875,39.8367919921875
3,5,3515,10,56.24038314819336,39.828460693359375
3,5,3515,11,56.24186706542969,39.82025909423828
3,5,3515,12,56.242855072021484,39.81242752075195
3,5,3515,13,56.24324035644531,39.80380630493164
3,5,3515,14,56.244590759277344,39.795902252197266
3,5,3515,15,56.24445343017578,39.78746795654297
3,5,3515,16,56.24538040161133,39.77994918823242
3,5,3515,17,56.24629211425781,39.772098541259766
3,5,3515,18,56.24635696411133,39.763648986816406
3,5,3515,19,56.24784851074219,39.756675720214844
3,5,3515,20,56.24884033203125,39.748321533203125
3,5,3516,0,58.01285171508789,20.363174438476562
3,5,3516,1,58.03651809692383,20.37981414794922
3,5,3516,2,58.05983352661133,20.396394729614258
3,5,3516,3,58.082950592041016,20.413454055786133
3,5,3516,4,58.10599899291992,20.429622650146484
3,5,3516,5,58.12960433959961,20.44629669189453
3,5,3516,6,58.15309524536133,20.46293830871582
3,5,3516,7,58.176212310791016,20.479209899902344
3,5,3516,8,58.20003890991211,20.49665641784668
3,5,3516,9,58.22365951538086,20.513078689575195
3,5,3516,10,58.245880126953125,20.529518127441406
3,5,3516,11,58.270111083984375,20.546072006225586
3,5,3516,12,58.29383850097656,20.562976837158203
3,5,3516,13,58.31698989868164,20.579103469848633
3,5,3516,14,58.34109115600586,20.595951080322266
3,5,3516,15,58.36370849609375,20.612285614013672
3,5,3516,16,58.38739776611328,20.629518508911133
3,5,3516,17,58.41106033325195,20.64641571044922
3,5,3516,18,58.43389129638672,20.6627254486084
3,5,3516,19,58.45811462402344,20.68048095703125
3,5,3516,20,58.48186111450195,20.696889877319336
3,5,3517,0,52.947410583496094,22.83221435546875
3,5,3517,1,52.96094512939453,22.83772087097168
3,5,3517,2,52.97413635253906,22.843164443969727
3,5,3517,3,52.98712158203125,22.849088668823242
3,5,3517,4,53.00004959106445,22.8541202545166
3,5,3517,5,53.01351547241211,22.85965919494629
3,5,3517,6,53.026885986328125,22.86515998840332
3,5,3517,7,53.03986358642578,22.87030601501465
3,5,3517,8,53.053558349609375,22.87662696838379
3,5,3517,9,53.06705093383789,22.881908416748047
3,5,3517,10,53.07914352416992,22.8872013092041
3,5,3517,11,53.093238830566406,22.892621994018555
3,5,3517,12,53.10683822631836,22.898395538330078
3,5,3517,13,53.1198616027832,22.90338706970215
3,5,3517,14,53.133827209472656,22.909099578857422
3,5,3517,15,53.14632034301758,22.914287567138672
3,5,3517,16,53.15987014770508,22.920387268066406
3,5,3517,17,53.173397064208984,22.926151275634766
3,5,3517,18,53.18610382080078,22.93132209777832
3,5,3517,19,53.200191497802734,22.93795394897461
3,5,3517,20,53.213809967041016,22.943220138549805
3,5,3518,0,51.435874938964844,16.9980525970459
3,5,3518,1,51.45257568359375,17.00885009765625
3,5,3518,2,51.46893310546875,17.019582748413086
3,5,3518,3,51.48508834838867,17.030797958374023
3,5,3518,4,51.501182556152344,17.041120529174805
3,5,3518,5,51.517818450927734,17.05194854736328
3,5,3518,6,51.53435516357422,17.062744140625
3,5,3518,7,51.550506591796875,17.07318115234375
3,5,3518,8,51.56736373901367,17.08479118347168
3,5,3518,9,51.58402633666992,17.09536361694336
3,5,3518,10,51.59928894042969,17.105953216552734
3,5,3518,11,51.61655044555664,17.116668701171875
3,5,3518,12,51.63331604003906,17.127729415893555
3,5,3518,13,51.64950942993164,17.13801383972168
3,5,3518,14,51.6666374206543,17.149017333984375
3,5,3518,15,51.68230056762695,17.159500122070312
3,5,3518,16,51.69902038574219,17.17089080810547
3,5,3518,17,51.71571731567383,17.18194580078125
3,5,3518,18,51.731590270996094,17.19240951538086
3,5,3518,19,51.74884033203125,17.204326629638672
3,5,3518,20,51.765628814697266,17.214889526367188
3,5,3519,0,56.07749938964844,22.848047256469727
3,5,3519,1,56.09616470336914,22.859390258789062
3,5,3519,2,56.114479064941406,22.87067413330078
3,5,3519,3,56.13259506225586,22.88243865966797
3,5,3519,4,56.1506462097168,22.893310546875
3,5,3519,5,56.16924285888672,22.90468978881836
3,5,3519,6,56.18773651123047,22.916032791137695
3,5,3519,7,56.205848693847656,22.92701530456543
3,5,3519,8,56.22467041015625,22.939167022705078
3,5,3519,9,56.24329376220703,22.950292587280273
3,5,3519,10,56.26051330566406,22.961435317993164
3,5,3519,11,56.27973937988281,22.972692489624023
3,5,3519,12,56.298465728759766,22.984302520751953
3,5,3519,13,56.31661605834961,22.995134353637695
3,5,3519,14,56.33571243286133,23.00668716430664
3,5,3519,15,56.35333251953125,23.017723083496094
3,5,3519,16,56.372013092041016,23.0296573638916
3,5,3519,17,56.39067077636719,23.041259765625
3,5,3519,18,56.40850067138672,23.052274703979492
3,5,3519,19,56.42771911621094,23.064733505249023
3,5,3519,20,56.446468353271484,23.075843811035156
3,5,3520,0,53.95848083496094,17.8696346282959
3,5,3520,1,53.98200225830078,17.886445999145508
3,5,3520,2,54.00517654418945,17.9031982421875
3,5,3520,3,54.02815246582031,17.920433044433594
3,5,3520,4,54.05105972290039,17.93677520751953
3,5,3520,5,54.07451629638672,17.953622817993164
3,5,3520,6,54.097869873046875,17.970434188842773
3,5,3520,7,54.12084197998047,17.98688507080078
3,5,3520,8,54.14452362060547,18.004505157470703
3,5,3520,9,54.167999267578125,18.021099090576172
3,5,3520,10,54.19007873535156,18.0377140045166
3,5,3520,11,54.214168548583984,18.054443359375
3,5,3520,12,54.23775100708008,18.07151985168457
3,5,3520,13,54.26075744628906,18.08782196044922
3,5,3520,14,54.28471374511719,18.104843139648438
3,5,3520,15,54.30718994140625,18.12135124206543
3,5,3520,16,54.33073425292969,18.138757705688477
3,5,3520,17,54.354251861572266,18.15583038330078
3,5,3520,18,54.3769416809082,18.172317504882812
3,5,3520,19,54.40101623535156,18.190244674682617
3,5,3520,20,54.42462158203125,18.206825256347656
3,5,3521,0,54.8360710144043,28.82099151611328
3,5,3521,1,54.847469329833984,28.824443817138672
3,5,3521,2,54.8585205078125,28.82783317565918
3,5,3521,3,54.8693733215332,28.831707000732422
3,5,3521,4,54.880157470703125,28.834686279296875
3,5,3521,5,54.89148712158203,28.838171005249023
3,5,3521,6,54.902713775634766,28.84161949157715
3,5,3521,7,54.913551330566406,28.844709396362305
3,5,3521,8,54.92511749267578,28.848976135253906
3,5,3521,9,54.936466217041016,28.852203369140625
3,5,3521,10,54.9464225769043,28.855449676513672
3,5,3521,11,54.958377838134766,28.858806610107422
3,5,3521,12,54.96984100341797,28.862525939941406
3,5,3521,13,54.98072052001953,28.865463256835938
3,5,3521,14,54.99254608154297,28.86911964416504
3,5,3521,15,55.002899169921875,28.872255325317383
3,5,3521,16,55.01431655883789,28.87630271911621
3,5,3521,17,55.02570343017578,28.880008697509766
3,5,3521,18,55.03627014160156,28.883129119873047
3,5,3521,19,55.0482292175293,28.887704849243164
3,5,3521,20,55.05970001220703,28.890914916992188
3,6,3600,0,46.82059860229492,11.67752456665039
3,6,3600,1,46.84021759033203,11.692349433898926
3,6,3600,2,46.859500885009766,11.707112312316895
3,6,3600,3,46.878578186035156,11.72236442565918
3,6,3600,4,46.89760208129883,11.73672103881836
3,6,3600,5,46.91716384887695,11.751581192016602
3,6,3600,6,46.936622619628906,11.766407012939453
3,6,3600,7,46.9556999206543,11.780877113342285
3,6,3600,8,46.9754753112793,11.79651927947998
3,6,3600,9,46.99506378173828,11.811121940612793
3,6,3600,10,47.01324462890625,11.825746536254883
3,6,3600,11,47.03343200683594,11.840495109558105
3,6,3600,12,47.05311965942383,11.855585098266602
3,6,3600,13,47.07223892211914,11.86989974975586
3,6,3600,14,47.092288970947266,11.884934425354004
3,6,3600,15,47.11088180541992,11.899453163146973
3,6,3600,16,47.13051986694336,11.914878845214844
3,6,3600,17,47.15013885498047,11.92996883392334
3,6,3600,18,47.16893768310547,11.944464683532715
3,6,3600,19,47.18910217285156,11.960412979125977
3,6,3600,20,47.20881271362305,11.975008010864258
3,6,3601,0,50.58468246459961,26.615747451782227
3,6,3601,1,50.59971237182617,26.62351417541504
3,6,3601,2,50.61439895629883,26.6312198638916
3,6,3601,3,50.628875732421875,26.639402389526367
3,6,3601,4,50.64329147338867,26.646696090698242
3,6,3601,5,50.658260345458984,26.654497146606445
3,6,3601,6,50.673118591308594,26.662261962890625
3,6,3601,7,50.68759536743164,26.669660568237305
3,6,3601,8,50.702789306640625,26.67823028564453
3,6,3601,9,50.717777252197266,26.68577766418457
3,6,3601,10,50.731361389160156,26.693336486816406
3,6,3601,11,50.74695587158203,26.701011657714844
3,6,3601,12,50.76205062866211,26.709043502807617
3,6,3601,13,50.77656173706055,26.71629524230957
3,6,3601,14,50.79202651977539,26.724267959594727
3,6,3601,15,50.80600357055664,26.731721878051758
3,6,3601,16,50.82105255126953,26.740076065063477
3,6,3601,17,50.83607864379883,26.748092651367188
3,6,3601,18,50.85026931762695,26.755529403686523
3,6,3601,19,50.86585998535156,26.764406204223633
3,6,3601,20,50.88097381591797,26.77193832397461
3,6,3602,0,44.96086120605469,12.213260650634766
3,6,3602,1,44.990379333496094,12.236466407775879
3,6,3602,2,45.0195426940918,12.259607315063477
3,6,3602,3,45.04851150512695,12.283233642578125
3,6,3602,4,45.07741165161133,12.305965423583984
3,6,3602,5,45.106868743896484,12.329201698303223
3,6,3602,6,45.13621520996094,12.352408409118652
3,6,3602,7,45.16518783569336,12.375246047973633
3,6,3602,8,45.19485855102539,12.399258613586426
3,6,3602,9,45.22433090209961,12.422242164611816
3,6,3602,10,45.252403259277344,12.445249557495117
3,6,3602,11,45.282493591308594,12.468378067016602
3,6,3602,12,45.312068939208984,12.491842269897461
3,6,3602,13,45.3410758972168,12.514532089233398
3,6,3602,14,45.37103271484375,12.53795051574707
3,6,3602,15,45.39950180053711,12.560850143432617
3,6,3602,16,45.42904281616211,12.584651947021484
3,6,3602,17,45.45855712890625,12.608119010925293
3,6,3602,18,45.487239837646484,12.63099193572998
3,6,3602,19,45.51730728149414,12.655315399169922
3,6,3602,20,45.54691696166992,12.678295135498047
3,6,3603,0,45.9431266784668,13.489025115966797
3,6,3603,1,45.97639846801758,13.514711380004883
3,6,3603,2,46.00931930541992,13.540335655212402
3,6,3603,3,46.04203414916992,13.566444396972656
3,6,3603,4,46.07468032836914,13.591655731201172
3,6,3603,5,46.10789489746094,13.617378234863281
3,6,3603,6,46.1409912109375,13.643064498901367
3,6,3603,7,46.17371368408203,13.668378829956055
3,6,3603,8,46.2071418762207,13.694873809814453
3,6,3603,9,46.24036407470703,13.720343589782715
3,6,3603,10,46.27218246459961,13.745833396911621
3,6,3603,11,46.30602264404297,13.77143669128418
3,6,3603,12,46.33935546875,13.797385215759277
3,6,3603,13,46.37211227416992,13.822551727294922
3,6,3603,14,46.405818939208984,13.848451614379883
3,6,3603,15,46.43803405761719,13.873836517333984
3,6,3603,16,46.47132873535156,13.900118827819824
3,6,3603,17,46.50459289550781,13.926065444946289
3,6,3603,18,46.537025451660156,13.951420783996582
3,6,3603,19,46.57085037231445,13.978225708007812
3,6,3603,20,46.604209899902344,14.003686904907227
3,6,3604,0,44.77043151855469,42.81810760498047
3,6,3604,1,44.76660919189453,42.80788040161133
3,6,3604,2,44.76243591308594,42.79758071899414
3,6,3604,3,44.75804138183594,42.78776931762695
3,6,3604,4,44.753578186035156,42.77704620361328
3,6,3604,5,44.74968338012695,42.766849517822266
3,6,3604,6,44.74567794799805,42.75661087036133
3,6,3604,7,44.74126052856445,42.74599838256836
3,6,3604,8,44.73762512207031,42.73659896850586
3,6,3604,9,44.73374557495117,42.726139068603516
3,6,3604,10,44.72843933105469,42.71567916870117
3,6,3604,11,44.725181579589844,42.705345153808594
3,6,3604,12,44.7214241027832,42.69538879394531
3,6,3604,13,44.7170524597168,42.68463134765625
3,6,3604,14,44.713661193847656,42.67460632324219
3,6,3604,15,44.70875930786133,42.66404342651367
3,6,3604,16,44.7049446105957,42.65440368652344
3,6,3604,17,44.70111083984375,42.64441680908203
3,6,3604,18,44.696414947509766,42.63383483886719
3,6,3604,19,44.693180084228516,42.62474822998047
3,6,3604,20,44.68942642211914,42.61426544189453
3,6,3605,0,61.72589111328125,17.19995880126953
3,6,3605,1,61.76422119140625,17.22975730895996
3,6,3605,2,61.802188873291016,17.259492874145508
3,6,3605,3,61.83995819091797,17.28972053527832
3,6,3605,4,61.877647399902344,17.319040298461914
3,6,3605,5,61.91592788696289,17.348876953125
3,6,3605,6,61.954078674316406,17.378677368164062
3,6,3605,7,61.991851806640625,17.408098220825195
3,6,3605,8,62.03034973144531,17.438716888427734
3,6,3605,9,62.06862258911133,17.46829605102539
3,6,3605,10,62.10548400878906,17.49789810180664
3,6,3605,11,62.14439010620117,17.52760887145996
3,6,3605,12,62.18278121948242,17.557676315307617
3,6,3605,13,62.220584869384766,17.586944580078125
3,6,3605,14,62.259361267089844,17.616954803466797
3,6,3605,15,62.29661560058594,17.646453857421875
3,6,3605,16,62.334983825683594,17.676862716674805
3,6,3605,17,62.373313903808594,17.706924438476562
3,6,3605,18,62.410789489746094,17.736391067504883
3,6,3605,19,62.44969177246094,17.767324447631836
3,6,3605,20,62.48811340332031,17.796899795532227
3,6,3606,0,47.54264450073242,36.17612075805664
3,6,3606,1,47.54852294921875,36.174415588378906
3,6,3606,2,47.554054260253906,36.172645568847656
3,6,3606,3,47.55936813354492,36.171363830566406
3,6,3606,4,47.56462478637695,36.1691780090332
3,6,3606,5,47.5704345703125,36.16750717163086
3,6,3606,6,47.57613754272461,36.16579818725586
3,6,3606,7,47.58143997192383,36.16371536254883
3,6,3606,8,47.58749771118164,36.1628303527832
3,6,3606,9,47.59332275390625,36.1609001159668
3,6,3606,10,47.597740173339844,36.15898513793945
3,6,3606,11,47.60417938232422,36.15717697143555
3,6,3606,12,47.61012268066406,36.155738830566406
3,6,3606,13,47.61547088623047,36.15351486206055
3,6,3606,14,47.62178039550781,36.15201187133789
3,6,3606,15,47.626590728759766,36.149986267089844
3,6,3606,16,47.63248062133789,36.14887619018555
3,6,3606,17,47.63834762573242,36.14741516113281
3,6,3606,18,47.64337158203125,36.1453742980957
3,6,3606,19,47.64982604980469,36.14479446411133
3,6,3606,20,47.65577697753906,36.14284133911133
3,6,3607,0,46.44915771484375,36.47901153564453
3,6,3607,1,46.451805114746094,36.47391891479492
3,6,3607,2,46.4541130065918,36.46876525878906
3,6,3607,3,46.456199645996094,36.46409606933594
3,6,3607,4,46.458221435546875,36.458518981933594
3,6,3607,5,46.4608039855957,36.453460693359375
3,6,3607,6,46.46327590942383,36.4483642578125
3,6,3607,7,46.4653434753418,36.442901611328125
3,6,3607,8,46.46817398071289,36.43863296508789
3,6,3607,9,46.47077178955078,36.433311462402344
3,6,3607,10,46.47195816040039,36.42800521850586
3,6,3607,11,46.47517013549805,36.42280960083008
3,6,3607,12,46.47788619995117,36.417991638183594
3,6,3607,13,46.47999572753906,36.41238021850586
3,6,3607,14,46.48308181762695,36.407493591308594
3,6,3607,15,46.48466491699219,36.402076721191406
3,6,3607,16,46.48732376098633,36.39757537841797
3,6,3607,17,46.489967346191406,36.39273452758789
3,6,3607,18,46.49176025390625,36.38730239868164
3,6,3607,19,46.49498748779297,36.38334274291992
3,6,3607,20,46.49770736694336,36.37800216674805
3,6,3608,0,53.943538665771484,25.737045288085938
3,6,3608,1,53.956058502197266,25.739669799804688
3,6,3608,2,53.96824264526367,25.74222755432129
3,6,3608,3,53.9802131652832,25.745269775390625
3,6,3608,4,53.992130279541016,25.74741554260254
3,6,3608,5,54.00458908081055,25.750070571899414
3,6,3608,6,54.016944885253906,25.752685546875
3,6,3608,7,54.02891159057617,25.75494956970215
3,6,3608,8,54.04159164428711,25.758386611938477
3,6,3608,9,54.0540771484375,25.760784149169922
3,6,3608,10,54.06515884399414,25.76319694519043
3,6,3608,11,54.078243255615234,25.765729904174805
3,6,3608,12,54.0908317565918,25.768617630004883
3,6,3608,13,54.10284423828125,25.770729064941406
3,6,3608,14,54.11579513549805,25.773557662963867
3,6,3608,15,54.12728500366211,25.775861740112305
3,6,3608,16,54.13982009887695,25.779075622558594
3,6,3608,17,54.15233612060547,25.781953811645508
3,6,3608,18,54.16402816772461,25.78424072265625
3,6,3608,19,54.17710494995117,25.78798484802246
3,6,3608,20,54.1897087097168,25.790367126464844
3,6,3609,0,53.938331604003906,14.24349594116211
3,6,3609,1,53.9640007019043,14.263798713684082
3,6,3609,2,53.989322662353516,14.284040451049805
3,6,3609,3,54.01444625854492,14.304766654968262
3,6,3609,4,54.03950500488281,14.324597358703613
3,6,3609,5,54.06511306762695,14.344934463500977
3,6,3609,6,54.090614318847656,14.365238189697266
3,6,3609,7,54.11573791503906,14.385177612304688
3,6,3609,8,54.14155960083008,14.406290054321289
3,6,3609,9,54.16718673706055,14.426372528076172
3,6,3609,10,54.1914176940918,14.446477890014648
3,6,3609,11,54.2176513671875,14.466700553894043
3,6,3609,12,54.243377685546875,14.487264633178711
3,6,3609,13,54.26853942871094,14.50705337524414
3,6,3609,14,54.294639587402344,14.527565956115723
3,6,3609,15,54.319271087646484,14.547565460205078
3,6,3609,16,54.34496307373047,14.568465232849121
3,6,3609,17,54.370628356933594,14.589029312133789
3,6,3609,18,54.39546585083008,14.609003067016602
3,6,3609,19,54.42168045043945,14.630423545837402
3,6,3609,20,54.44743728637695,14.650497436523438
3,6,3610,0,46.61558151245117,35.1832275390625
3,6,3610,1,46.616947174072266,35.17471694946289
3,6,3610,2,46.61796951293945,35.16614532470703
3,6,3610,3,46.6187744140625,35.15806198120117
3,6,3610,4,46.61951446533203,35.14906692504883
3,6,3610,5,46.620811462402344,35.14059066772461
3,6,3610,6,46.62200164794922,35.13207244873047
3,6,3610,7,46.62278747558594,35.12319564819336
3,6,3610,8,46.624332427978516,35.11551284790039
3,6,3610,9,46.625648498535156,35.10676574707031
3,6,3610,10,46.625545501708984,35.098045349121094
3,6,3610,11,46.62747573852539,35.08943176269531
3,6,3610,12,46.628910064697266,35.08119201660156
3,6,3610,13,46.62974166870117,35.07217025756836
3,6,3610,14,46.63154220581055,35.06385803222656
3,6,3610,15,46.63184356689453,35.055023193359375
3,6,3610,16,46.63322067260742,35.04710388183594
3,6,3610,17,46.634578704833984,35.03884506225586
3,6,3610,18,46.63508605957031,35.02999496459961
3,6,3610,19,46.63703155517578,35.02261734008789
3,6,3610,20,46.63846969604492,35.01385498046875
3,6,3611,0,58.745914459228516,19.256729125976562
3,6,3611,1,58.77024459838867,19.27606773376465
3,6,3611,2,58.79422378540039,19.29534339904785
3,6,3611,3,58.81800079345703,19.315099716186523
3,6,3611,4,58.841705322265625,19.33396339416504
3,6,3611,5,58.86597442626953,19.353336334228516
3,6,3611,6,58.89012908935547,19.37267303466797
3,6,3611,7,58.91390609741211,19.39164161682129
3,6,3611,8,58.938392639160156,19.411785125732422
3,6,3611,9,58.96267318725586,19.4309024810791
3,6,3611,10,58.98555374145508,19.45003890991211
3,6,3611,11,59.01044845581055,19.469289779663086
3,6,3611,12,59.03483581542969,19.4888916015625
3,6,3611,13,59.05864715576172,19.50771141052246
3,6,3611,14,59.08340835571289,19.527257919311523
3,6,3611,15,59.106689453125,19.546289443969727
3,6,3611,16,59.131038665771484,19.566219329833984
3,6,3611,17,59.15536117553711,19.585813522338867
3,6,3611,18,59.178855895996094,19.604820251464844
3,6,3611,19,59.203739166259766,19.62527084350586
3,6,3611,20,59.2281494140625,19.644378662109375
3,6,3612,0,54.985904693603516,14.088147163391113
3,6,3612,1,55.01441955566406,14.112004280090332
3,6,3612,2,55.042579650878906,14.135799407958984
3,6,3612,3,55.07054138183594,14.16008186340332
3,6,3612,4,55.09843444824219,14.183464050292969
3,6,3612,5,55.126888275146484,14.207356452941895
3,6,3612,6,55.15522766113281,14.23121452331543
3,6,3612,7,55.18319320678711,14.254701614379883
3,6,3612,8,55.211856842041016,14.279369354248047
3,6,3612,9,55.240325927734375,14.303007125854492
3,6,3612,10,55.267391204833984,14.326668739318848
3,6,3612,11,55.29647445678711,14.350445747375488
3,6,3612,12,55.325042724609375,14.374566078186035
3,6,3612,13,55.35304260253906,14.39790153503418
3,6,3612,14,55.381996154785156,14.421972274780273
3,6,3612,15,55.40945816040039,14.445527076721191
3,6,3612,16,55.43799591064453,14.46998405456543
3,6,3612,17,55.46650314331055,14.49410343170166
3,6,3612,18,55.494178771972656,14.51762866973877
3,6,3612,19,55.52324676513672,14.542608261108398
3,6,3612,20,55.55184555053711,14.566238403320312
3,6,3613,0,50.12178039550781,42.557228088378906
3,6,3613,1,50.12533187866211,42.55448913574219
3,6,3613,2,50.128536224365234,42.55168533325195
3,6,3613,3,50.13152313232422,42.54936599731445
3,6,3613,4,50.13444519042969,42.546142578125
3,6,3613,5,50.13793182373047,42.54343795776367
3,6,3613,6,50.141300201416016,42.54069519042969
3,6,3613,7,50.1442756652832,42.53757095336914
3,6,3613,8,50.148006439208984,42.53565979003906
3,6,3613,9,50.15150451660156,42.532691955566406
3,6,3613,10,50.15359115600586,42.52973937988281
3,6,3613,11,50.1577033996582,42.526893615722656
3,6,3613,12,50.161319732666016,42.5244255065918
3,6,3613,13,50.16433334350586,42.521156311035156
3,6,3613,14,50.16831970214844,42.51862335205078
3,6,3613,15,50.170799255371094,42.515560150146484
3,6,3613,16,50.17436218261719,42.5134162902832
3,6,3613,17,50.17790222167969,42.510921478271484
3,6,3613,18,50.18059158325195,42.50783920288086
3,6,3613,19,50.184722900390625,42.50623321533203
3,6,3613,20,50.1883430480957,42.50324630737305
3,6,3614,0,53.82278823852539,18.301523208618164
3,6,3614,1,53.84095001220703,18.314298629760742
3,6,3614,2,53.85877227783203,18.327011108398438
3,6,3614,3,53.87639236450195,18.3402042388916
3,6,3614,4,53.89394760131836,18.352506637573242
3,6,3614,5,53.91204833984375,18.365314483642578
3,6,3614,6,53.93004608154297,18.378087997436523
3,6,3614,7,53.947662353515625,18.3905029296875
3,6,3614,8,53.96598434448242,18.404085159301758
3,6,3614,9,53.98410415649414,18.416637420654297
3,6,3614,10,54.000831604003906,18.42920684814453
3,6,3614,11,54.019561767578125,18.441898345947266
3,6,3614,12,54.03778839111328,18.454938888549805
3,6,3614,13,54.055442810058594,18.467199325561523
3,6,3614,14,54.074039459228516,18.480182647705078
3,6,3614,15,54.09116744995117,18.492647171020508
3,6,3614,16,54.109352111816406,18.50601577758789
3,6,3614,17,54.12751007080078,18.5190486907959
3,6,3614,18,54.14484786987305,18.531492233276367
3,6,3614,19,54.1635627746582,18.54538345336914
3,6,3614,20,54.18181228637695,18.557926177978516
3,6,3615,0,55.335086822509766,28.40227699279785
3,6,3615,1,55.346954345703125,28.40690803527832
3,6,3615,2,55.35847473144531,28.411476135253906
3,6,3615,3,55.36979293823242,28.416528701782227
3,6,3615,4,55.38105010986328,28.420686721801758
3,6,3615,5,55.39284896850586,28.425352096557617
3,6,3615,6,55.40454864501953,28.429981231689453
3,6,3615,7,55.415855407714844,28.434249877929688
3,6,3615,8,55.427886962890625,28.4396915435791
3,6,3615,9,55.4397087097168,28.44409942626953
3,6,3615,10,55.45013427734375,28.448528289794922
3,6,3615,11,55.46255874633789,28.45306396484375
3,6,3615,12,55.474491119384766,28.45796012878418
3,6,3615,13,55.48583984375,28.462078094482422
3,6,3615,14,55.49813461303711,28.4669132232666
3,6,3615,15,55.50895690917969,28.47123146057129
3,6,3615,16,55.52083969116211,28.47645378112793
3,6,3615,17,55.53269958496094,28.481338500976562
3,6,3615,18,55.543731689453125,28.485637664794922
3,6,3615,19,55.55615997314453,28.49138832092285
3,6,3615,20,55.5681037902832,28.495779037475586
3,6,3616,0,57.25199890136719,39.359031677246094
3,6,3616,1,57.25993728637695,39.357887268066406
3,6,3616,2,57.26753234863281,39.35668182373047
3,6,3616,3,57.2749137878418,39.355960845947266
3,6,3616,4,57.282230377197266,39.354339599609375
3,6,3616,5,57.290103912353516,39.35322952270508
3,6,3616,6,57.29786682128906,39.352081298828125
3,6,3616,7,57.305233001708984,39.35056686401367
3,6,3616,8,57.31334686279297,39.35023880004883
3,6,3616,9,57.32123565673828,39.34886932373047
3,6,3616,10,57.327720642089844,39.34751892089844
3,6,3616,11,57.336219787597656,39.34627151489258
3,6,3616,12,57.34422302246094,39.34539794921875
3,6,3616,13,57.35163116455078,39.34373474121094
3,6,3616,14,57.36000061035156,39.34279251098633
3,6,3616,15,57.36688232421875,39.341331481933594
3,6,3616,16,57.37483215332031,39.340782165527344
3,6,3616,17,57.38276290893555,39.33988571166992
3,6,3616,18,57.38985061645508,39.33840560913086
3,6,3616,19,57.39836120605469,39.33838653564453
3,6,3616,20,57.4063720703125,39.33700180053711
3,6,3617,0,57.77189254760742,38.651275634765625
3,6,3617,1,57.77566146850586,38.64533615112305
3,6,3617,2,57.77909469604492,38.63932800292969
3,6,3617,3,57.782310485839844,38.63380432128906
3,6,3617,4,57.785465240478516,38.627376556396484
3,6,3617,5,57.78916931152344,38.621463775634766
3,6,3617,6,57.79277038574219,38.61551284790039
3,6,3617,7,57.79597091674805,38.60920715332031
3,6,3617,8,57.7999153137207,38.60408401489258
3,6,3617,9,57.80364227294922,38.59790802001953
3,6,3617,10,57.80595397949219,38.59174728393555
3,6,3617,11,57.81029510498047,38.5857048034668
3,6,3617,12,57.81413269042969,38.58003234863281
3,6,3617,13,57.817378997802734,38.57357406616211
3,6,3617,14,57.82158279418945,38.567832946777344
3,6,3617,15,57.824302673339844,38.56155776977539
3,6,3617,16,57.828086853027344,38.55620193481445
3,6,3617,17,57.831851959228516,38.55051040649414
3,6,3617,18,57.834774017333984,38.544227600097656
3,6,3617,19,57.83911895751953,38.53941345214844
3,6,3617,20,57.84296417236328,38.53322219848633
3,6,3618,0,49.36018371582031,38.92914962768555
3,6,3618,1,49.363555908203125,38.92306137084961
3,6,3618,2,49.3665885925293,38.91690444946289
3,6,3618,3,49.36940383911133,38.91123580932617
3,6,3618,4,49.372154235839844,38.904659271240234
3,6,3618,5,49.37546157836914,38.89860153198242
3,6,3618,6,49.378658294677734,38.89250564575195
3,6,3618,7,49.38145446777344,38.88603973388672
3,6,3618,8,49.385009765625,38.880775451660156
3,6,3618,9,49.38833236694336,38.87445068359375
3,6,3618,10,49.3902473449707,38.86814498901367
3,6,3618,11,49.39418411254883,38.8619499206543
3,6,3618,12,49.39762496948242,38.85612869262695
3,6,3618,13,49.40046691894531,38.849517822265625
3,6,3618,14,49.40427017211914,38.8436279296875
3,6,3618,15,49.406585693359375,38.83721160888672
3,6,3618,16,49.409969329833984,38.83171463012695
3,6,3618,17,49.413333892822266,38.825870513916016
3,6,3618,18,49.415855407714844,38.81943893432617
3,6,3618,19,49.41980743408203,38.814483642578125
3,6,3618,20,49.42325210571289,38.80813980102539
3,6,3619,0,56.294620513916016,35.802547454833984
3,6,3619,1,56.301307678222656,35.80136489868164
3,6,3619,2,56.30765151977539,35.80011749267578
3,6,3619,3,56.31378936767578,35.79935836791992
3,6,3619,4,56.319862365722656,35.797691345214844
3,6,3619,5,56.326480865478516,35.796539306640625
3,6,3619,6,56.3329963684082,35.79534912109375
3,6,3619,7,56.339115142822266,35.79379653930664
3,6,3619,8,56.345977783203125,35.793434143066406
3,6,3619,9,56.35261917114258,35.792022705078125
3,6,3619,10,56.35785675048828,35.790626525878906
3,6,3619,11,56.36510467529297,35.78934097290039
3,6,3619,12,56.371856689453125,35.78842544555664
3,6,3619,13,56.378021240234375,35.78672409057617
3,6,3619,14,56.38513946533203,35.785736083984375
3,6,3619,15,56.390777587890625,35.78423309326172
3,6,3619,16,56.39748001098633,35.78364181518555
3,6,3619,17,56.40415954589844,35.782711029052734
3,6,3619,18,56.410003662109375,35.78118896484375
3,6,3619,19,56.41726303100586,35.78113555908203
3,6,3619,20,56.42402267456055,35.77970504760742
3,6,3620,0,54.68772888183594,36.94229507446289
3,6,3620,1,54.69074249267578,36.936275482177734
3,6,3620,2,54.693416595458984,36.9301872253418
3,6,3620,3,54.69587326049805,36.92458724975586
3,6,3620,4,54.698272705078125,36.9180793762207
3,6,3620,5,54.70121765136719,36.91209030151367
3,6,3620,6,54.70405960083008,36.906063079833984
3,6,3620,7,54.70650100708008,36.89967346191406
3,6,3620,8,54.70969009399414,36.894474029541016
3,6,3620,9,54.71266174316406,36.88821792602539
3,6,3620,10,54.71421432495117,36.88197708129883
3,6,3620,11,54.717796325683594,36.875858306884766
3,6,3620,12,54.72087478637695,36.8701057434082
3,6,3620,13,54.723365783691406,36.86357116699219
3,6,3620,14,54.726810455322266,36.857749938964844
3,6,3620,15,54.72877502441406,36.85139846801758
3,6,3620,16,54.7318000793457,36.84596633911133
3,6,3620,17,54.734806060791016,36.84019470214844
3,6,3620,18,54.73697280883789,36.833831787109375
3,6,3620,19,54.74055862426758,36.828941345214844
3,6,3620,20,54.74364471435547,36.822669982910156
3,6,3621,0,56.556270599365234,21.130014419555664
3,6,3621,1,56.57937240600586,21.1480712890625
3,6,3621,2,56.60212326049805,21.166065216064453
3,6,3621,3,56.62466812133789,21.184541702270508
3,6,3621,4,56.647151947021484,21.202123641967773
3,6,3621,5,56.67019271850586,21.220216751098633
3,6,3621,6,56.693119049072266,21.238271713256836
3,6,3621,7,56.715667724609375,21.255958557128906
3,6,3621,8,56.738929748535156,21.274818420410156
3,6,3621,9,56.761985778808594,21.29265594482422
3,6,3621,10,56.78363800048828,21.310514450073242
3,6,3621,11,56.807308197021484,21.328481674194336
3,6,3621,12,56.830467224121094,21.3468017578125
3,6,3621,13,56.85305404663086,21.364341735839844
3,6,3621,14,56.876590728759766,21.382604598999023
3,6,3621,15,56.898643493652344,21.40035629272461
3,6,3621,16,56.92176818847656,21.419002532958984
3,6,3621,17,56.944862365722656,21.43731117248535
3,6,3621,18,56.967124938964844,21.455036163330078
3,6,3621,19,56.99078369140625,21.474206924438477
3,6,3621,20,57.01396560668945,21.492034912109375
3,7,3700,0,49.22877502441406,22.226716995239258
3,7,3700,1,49.241451263427734,22.231937408447266
3,7,3700,2,49.2537841796875,22.237092971801758
3,7,3700,3,49.26591491699219,22.242733001708984
3,7,3700,4,49.277984619140625,22.24747657775879
3,7,3700,5,49.29059600830078,22.252729415893555
3,7,3700,6,49.30310821533203,22.257944107055664
3,7,3700,7,49.31522750854492,22.262802124023438
3,7,3700,8,49.328067779541016,22.268836975097656
3,7,3700,9,49.340702056884766,22.273832321166992
3,7,3700,10,49.3519401550293,22.278839111328125
3,7,3700,11,49.365177154541016,22.283971786499023
3,7,3700,12,49.37792205810547,22.289459228515625
3,7,3700,13,49.39008331298828,22.294164657592773
3,7,3700,14,49.40319061279297,22.299591064453125
3,7,3700,15,49.41482925415039,22.30449104309082
3,7,3700,16,49.427520751953125,22.310304641723633
3,7,3700,17,49.44019317626953,22.315780639648438
3,7,3700,18,49.45204162597656,22.320663452148438
3,7,3700,19,49.465274810791016,22.327009201049805
3,7,3700,20,49.478031158447266,22.331989288330078
3,7,3701,0,51.4381217956543,24.018232345581055
3,7,3701,1,51.44853210449219,24.021778106689453
3,7,3701,2,51.45860290527344,24.025257110595703
3,7,3701,3,51.46846389770508,24.029220581054688
3,7,3701,4,51.478271484375,24.032285690307617
3,7,3701,5,51.48861312866211,24.03586196899414
3,7,3701,6,51.49885940551758,24.039400100708008
3,7,3701,7,51.50871276855469,24.042583465576172
3,7,3701,8,51.519287109375,24.046939849853516
3,7,3701,9,51.52965545654297,24.050256729125977
3,7,3701,10,51.53862762451172,24.0535888671875
3,7,3701,11,51.549598693847656,24.05704116821289
3,7,3701,12,51.56007766723633,24.06085205078125
3,7,3701,13,51.56997299194336,24.063880920410156
3,7,3701,14,51.580814361572266,24.067630767822266
3,7,3701,15,51.590187072753906,24.07085418701172
3,7,3701,16,51.60061264038086,24.07499122619629
3,7,3701,17,51.611019134521484,24.07878875732422
3,7,3701,18,51.620601654052734,24.08199691772461
3,7,3701,19,51.631568908691406,24.0866641998291
3,7,3701,20,51.64206314086914,24.089967727661133
3,7,3702,0,48.402000427246094,12.408323287963867
3,7,3702,1,48.421607971191406,12.423566818237305
3,7,3702,2,48.44087600708008,12.438748359680176
3,7,3702,3,48.459938049316406,12.454415321350098
3,7,3702,4,48.47894287109375,12.469188690185547
3,7,3702,5,48.49848937988281,12.484465599060059
3,7,3702,6,48.5179328918457,12.499709129333496
3,7,3702,7,48.5369987487793,12.514595985412598
3,7,3702,8,48.55675506591797,12.530653953552246
3,7,3702,9,48.57632827758789,12.545674324035645
3,7,3702,10,48.59449768066406,12.560715675354004
3,7,3702,11,48.61467361450195,12.575882911682129
3,7,3702,12,48.63434600830078,12.591390609741211
3,7,3702,13,48.65345001220703,12.606122016906738
3,7,3702,14,48.67348861694336,12.621575355529785
3,7,3702,15,48.69206619262695,12.63651180267334
3,7,3702,16,48.711692810058594,12.652353286743164
3,7,3702,17,48.731292724609375,12.667860984802246
3,7,3702,18,48.75008010864258,12.68277359008789
3,7,3702,19,48.77022933959961,12.699137687683105
3,7,3702,20,48.78992462158203,12.714151382446289
3,7,3703,0,51.01520919799805,37.70100021362305
3,7,3703,1,51.014835357666016,37.69215774536133
3,7,3703,2,51.014122009277344,37.68325424194336
3,7,3703,3,51.0131950378418,37.67483139038086
3,7,3703,4,51.01219940185547,37.665504455566406
3,7,3703,5,51.011756896972656,37.65669631958008
3,7,3703,6,51.01121520996094,37.64784240722656
3,7,3703,7,51.0102653503418,37.638633728027344
3,7,3703,8,51.010074615478516,37.630611419677734
3,7,3703,9,51.0096549987793,37.62153625488281
3,7,3703,10,51.0078125,37.61247253417969
3,7,3703,11,51.00800323486328,37.60353088378906
3,7,3703,12,51.00770568847656,37.5949592590332
3,7,3703,13,51.006797790527344,37.58559799194336
3,7,3703,14,51.006858825683594,37.57695388793945
3,7,3703,15,51.005428314208984,37.56778335571289
3,7,3703,16,51.005069732666016,37.55952453613281
3,7,3703,17,51.00468826293945,37.55093002319336
3,7,3703,18,51.00346374511719,37.541744232177734
3,7,3703,19,51.0036735534668,37.53403091430664
3,7,3703,20,51.00337219238281,37.52493667602539
3,7,3704,0,54.21807098388672,37.97146987915039
3,7,3704,1,54.22572708129883,37.97477722167969
3,7,3704,2,54.233036041259766,37.97801971435547
3,7,3704,3,54.24013137817383,37.98174285888672
3,7,3704,4,54.247161865234375,37.98456954956055
3,7,3704,5,54.25475311279297,37.987911224365234
3,7,3704,6,54.262229919433594,37.9912109375
3,7,3704,7,54.26931381225586,37.994140625
3,7,3704,8,54.27714538574219,37.99826431274414
3,7,3704,9,54.284751892089844,38.001346588134766
3,7,3704,10,54.29094696044922,38.00443649291992
3,7,3704,11,54.29916000366211,38.00764465332031
3,7,3704,12,54.306880950927734,38.0112190246582
3,7,3704,13,54.31400680541992,38.013999938964844
3,7,3704,14,54.32209014892578,38.017513275146484
3,7,3704,15,54.32868194580078,38.0204963684082
3,7,3704,16,54.33635330200195,38.02439498901367
3,7,3704,17,54.343997955322266,38.02794647216797
3,7,3704,18,54.350799560546875,38.030914306640625
3,7,3704,19,54.35902786254883,38.035343170166016
3,7,3704,20,54.36675262451172,38.03841018676758
3,7,3705,0,62.173179626464844,32.159210205078125
3,7,3705,1,62.19001388549805,32.168392181396484
3,7,3705,2,62.206504821777344,32.177513122558594
3,7,3705,3,62.222782135009766,32.187110900878906
3,7,3705,4,62.23899841308594,32.19581985473633
3,7,3705,5,62.25577163696289,32.20503234863281
3,7,3705,6,62.27243423461914,32.21421432495117
3,7,3705,7,62.28871536254883,32.223026275634766
3,7,3705,8,62.30571365356445,32.23301315307617
3,7,3705,9,62.32250213623047,32.241973876953125
3,7,3705,10,62.337890625,32.25094985961914
3,7,3705,11,62.35529327392578,32.260040283203125
3,7,3705,12,62.3721923828125,32.26948928833008
3,7,3705,13,62.38850402832031,32.27815246582031
3,7,3705,14,62.40577697753906,32.287540435791016
3,7,3705,15,62.42155838012695,32.296409606933594
3,7,3705,16,62.43841552734375,32.30617904663086
3,7,3705,17,62.45524215698242,32.31561279296875
3,7,3705,18,62.47124099731445,32.324462890625
3,7,3705,19,62.4886360168457,32.334754943847656
3,7,3705,20,62.50555419921875,32.34370422363281
3,7,3706,0,47.56514358520508,25.819860458374023
3,7,3706,1,47.578487396240234,25.82640266418457
3,7,3706,2,47.59148406982422,25.832881927490234
3,7,3706,3,47.604270935058594,25.8398380279541
3,7,3706,4,47.61699676513672,25.84590721130371
3,7,3706,5,47.630271911621094,25.852481842041016
3,7,3706,6,47.6434440612793,25.859018325805664
3,7,3706,7,47.656227111816406,25.86519432067871
3,7,3706,8,47.669734954833984,25.872539520263672
3,7,3706,9,47.68303298950195,25.878856658935547
3,7,3706,10,47.694923400878906,25.88519287109375
3,7,3706,11,47.70882797241211,25.891639709472656
3,7,3706,12,47.72223663330078,25.898447036743164
3,7,3706,13,47.73505783081055,25.90447235107422
3,7,3706,14,47.74882888793945,25.911216735839844
3,7,3706,15,47.7611198425293,25.917444229125977
3,7,3706,16,47.774478912353516,25.924571990966797
3,7,3706,17,47.787811279296875,25.93136215209961
3,7,3706,18,47.80031204223633,25.93757438659668
3,7,3706,19,47.81421661376953,25.94522476196289
3,7,3706,20,47.82763671875,25.95153045654297
3,7,3707,0,46.4621696472168,11.171157836914062
3,7,3707,1,46.48302459716797,11.188920021057129
3,7,3707,2,46.503536224365234,11.206622123718262
3,7,3707,3,46.52384567260742,11.224808692932129
3,7,3707,4,46.544097900390625,11.242100715637207
3,7,3707,5,46.56488800048828,11.259897232055664
3,7,3707,6,46.58557891845703,11.277660369873047
3,7,3707,7,46.60589599609375,11.295063972473145
3,7,3707,8,46.626895904541016,11.313637733459473
3,7,3707,9,46.6477165222168,11.331177711486816
3,7,3707,10,46.66713333129883,11.348740577697754
3,7,3707,11,46.68855667114258,11.366425514221191
3,7,3707,12,46.709468841552734,11.384451866149902
3,7,3707,13,46.72982406616211,11.401700019836426
3,7,3707,14,46.7511100769043,11.419671058654785
3,7,3707,15,46.770931243896484,11.437129020690918
3,7,3707,16,46.791805267333984,11.455490112304688
3,7,3707,17,46.812652587890625,11.473515510559082
3,7,3707,18,46.83268737792969,11.490948677062988
3,7,3707,19,46.85408020019531,11.5098295211792
3,7,3707,20,46.87502670288086,11.527360916137695
3,7,3708,0,48.33723831176758,23.9062442779541
3,7,3708,1,48.354759216308594,23.916576385498047
3,7,3708,2,48.37192916870117,23.92684555053711
3,7,3708,3,48.388893127441406,23.937591552734375
3,7,3708,4,48.40579605102539,23.94744873046875
3,7,3708,5,48.423248291015625,23.957813262939453
3,7,3708,6,48.44059371948242,23.968141555786133
3,7,3708,7,48.457557678222656,23.978105545043945
3,7,3708,8,48.475242614746094,23.989240646362305
3,7,3708,9,48.49271774291992,23.999353408813477
3,7,3708,10,48.508785247802734,24.009479522705078
3,7,3708,11,48.52687072753906,24.01972007751465
3,7,3708,12,48.544456481933594,24.030315399169922
3,7,3708,13,48.56145477294922,24.040128707885742
3,7,3708,14,48.579410552978516,24.05066680908203
3,7,3708,15,48.59587478637695,24.060686111450195
3,7,3708,16,48.6134147644043,24.07160758972168
3,7,3708,17,48.63092803955078,24.082189559936523
3,7,3708,18,48.647605895996094,24.09218978881836
3,7,3708,19,48.665687561035156,24.103633880615234
3,7,3708,20,48.68328857421875,24.113731384277344
3,7,3709,0,44.98534393310547,11.864056587219238
3,7,3709,1,45.005516052246094,11.878679275512695
3,7,3709,2,45.02534484863281,11.893238067626953
3,7,3709,3,45.04497146606445,11.908285140991211
3,7,3709,4,45.06454086303711,11.92243766784668
3,7,3709,5,45.08464813232422,11.937092781066895
3,7,3709,6,45.10465621948242,11.951714515686035
3,7,3709,7,45.12428283691406,11.965980529785156
3,7,3709,8,45.14460372924805,11.98141860961914
3,7,3709,9,45.164737701416016,11.995817184448242
3,7,3709,10,45.1834716796875,12.010238647460938
3,7,3709,11,45.20420837402344,12.024784088134766
3,7,3709,12,45.22444152832031,12.039669036865234
3,7,3709,13,45.24410629272461,12.053780555725098
3,7,3709,14,45.26470947265625,12.068612098693848
3,7,3709,15,45.28384780883789,12.082925796508789
3,7,3709,16,45.30403137207031,12.098146438598633
3,7,3709,17,45.324195861816406,12.113032341003418
3,7,3709,18,45.343544006347656,12.127324104309082
3,7,3709,19,45.3642578125,12.143067359924316
3,7,3709,20,45.38451385498047,12.157459259033203
3,7,3710,0,51.69779968261719,18.49306869506836
3,7,3710,1,51.7170295715332,18.50547218322754
3,7,3710,2,51.73591613769531,18.517810821533203
3,7,3710,3,51.754600524902344,18.53063201904297
3,7,3710,4,51.773223876953125,18.542560577392578
3,7,3710,5,51.792388916015625,18.554996490478516
3,7,3710,6,51.81145477294922,18.56739616394043
3,7,3710,7,51.83013916015625,18.579435348510742
3,7,3710,8,51.849525451660156,18.592647552490234
3,7,3710,9,51.86871337890625,18.604825973510742
3,7,3710,10,51.88650894165039,18.617023468017578
3,7,3710,11,51.90630340576172,18.62934112548828
3,7,3710,12,51.92559814453125,18.64200782775879
3,7,3710,13,51.94431686401367,18.653894424438477
3,7,3710,14,51.96398162841797,18.66650390625
3,7,3710,15,51.982173919677734,18.678592681884766
3,7,3710,16,52.00142288208008,18.69158935546875
3,7,3710,17,52.02064895629883,18.70425033569336
3,7,3710,18,52.0390510559082,18.716320037841797
3,7,3710,19,52.058837890625,18.729839324951172
3,7,3710,20,52.07815170288086,18.742008209228516
3,7,3711,0,53.210391998291016,41.0191764831543
3,7,3711,1,53.214447021484375,41.017433166503906
3,7,3711,2,53.21815490722656,41.01563262939453
3,7,3711,3,53.221641540527344,41.014312744140625
3,7,3711,4,53.22507095336914,41.01209259033203
3,7,3711,5,53.22905731201172,41.0103874206543
3,7,3711,6,53.232933044433594,41.008644104003906
3,7,3711,7,53.23640823364258,41.006526947021484
3,7,3711,8,53.240638732910156,41.00560760498047
3,7,3711,9,53.24464416503906,41.00364303588867
3,7,3711,10,53.247230529785156,41.00168991088867
3,7,3711,11,53.25184631347656,40.999847412109375
3,7,3711,12,53.25596618652344,40.998374938964844
3,7,3711,13,53.25948715209961,40.996116638183594
3,7,3711,14,53.263973236083984,40.99457931518555
3,7,3711,15,53.26696014404297,40.992515563964844
3,7,3711,16,53.27102279663086,40.991371154785156
3,7,3711,17,53.27506637573242,40.98987579345703
3,7,3711,18,53.278263092041016,40.987796783447266
3,7,3711,19,53.28289031982422,40.987186431884766
3,7,3711,20,53.287017822265625,40.985198974609375
3,7,3712,0,57.31758499145508,33.45820999145508
3,7,3712,1,57.325416564941406,33.458099365234375
3,7,3712,2,57.33290481567383,33.45792007446289
3,7,3712,3,57.34019088745117,33.45823287963867
3,7,3712,4,57.347408294677734,33.4576416015625
3,7,3712,5,57.35517501831055,33.45756149291992
3,7,3712,6,57.36283874511719,33.45743942260742
3,7,3712,7,57.3701057434082,33.45695877075195
3,7,3712,8,57.37811279296875,33.45766830444336
3,7,3712,9,57.38589859008789,33.45732498168945
3,7,3712,10,57.39228439331055,33.457000732421875
3,7,3712,11,57.40067672729492,33.456787109375
3,7,3712,12,57.40857696533203,33.45694351196289
3,7,3712,13,57.415889739990234,33.45631408691406
3,7,3712,14,57.42415237426758,33.456398010253906
3,7,3712,15,57.430938720703125,33.45596694946289
3,7,3712,16,57.438785552978516,33.45644760131836
3,7,3712,17,57.446617126464844,33.45658493041992
3,7,3712,18,57.453609466552734,33.45613479614258
3,7,3712,19,57.462013244628906,33.4571533203125
3,7,3712,20,57.46992111206055,33.45679473876953
3,7,3713,0,52.45238494873047,18.632539749145508
3,7,3713,1,52.47083282470703,18.643190383911133
3,7,3713,2,52.48894119262695,18.653776168823242
3,7,3713,3,52.50685119628906,18.664846420288086
3,7,3713,4,52.524696350097656,18.675024032592773
3,7,3713,5,52.5430793762207,18.685707092285156
3,7,3713,6,52.56136703491211,18.696353912353516
3,7,3713,7,52.57926940917969,18.706645965576172
3,7,3713,8,52.597877502441406,18.718109130859375
3,7,3713,9,52.61628723144531,18.728532791137695
3,7,3713,10,52.633304595947266,18.738981246948242
3,7,3713,11,52.652313232421875,18.749547958374023
3,7,3713,12,52.67082977294922,18.760461807250977
3,7,3713,13,52.68877029418945,18.770601272583008
3,7,3713,14,52.70764923095703,18.781455993652344
3,7,3713,15,52.72506332397461,18.791793823242188
3,7,3713,16,52.743534088134766,18.80303955078125
3,7,3713,17,52.76198196411133,18.813947677612305
3,7,3713,18,52.779605865478516,18.82426643371582
3,7,3713,19,52.79861068725586,18.836036682128906
3,7,3713,20,52.817142486572266,18.846450805664062
3,7,3714,0,56.2364387512207,23.549745559692383
3,7,3714,1,56.2494010925293,23.55476188659668
3,7,3714,2,56.262020111083984,23.55971336364746
3,7,3714,3,56.27442932128906,23.565149307250977
3,7,3714,4,56.28678512573242,23.569686889648438
3,7,3714,5,56.299678802490234,23.574735641479492
3,7,3714,6,56.312477111816406,23.579748153686523
3,7,3714,7,56.32487869262695,23.584402084350586
3,7,3714,8,56.3380012512207,23.59023666381836
3,7,3714,9,56.350921630859375,23.595027923583984
3,7,3714,10,56.3624382019043,23.599828720092773
3,7,3714,11,56.3759651184082,23.60476303100586
3,7,3714,12,56.38899230957031,23.61004638671875
3,7,3714,13,56.40143966674805,23.614547729492188
3,7,3714,14,56.414833068847656,23.61977195739746
3,7,3714,15,56.426753997802734,23.624467849731445
3,7,3714,16,56.43973159790039,23.630077362060547
3,7,3714,17,56.45268630981445,23.635351181030273
3,7,3714,18,56.46481704711914,23.640031814575195
3,7,3714,19,56.47833251953125,23.64617347717285
3,7,3714,20,56.49137878417969,23.650951385498047
3,7,3715,0,56.123661041259766,17.941011428833008
3,7,3715,1,56.143829345703125,17.95543670654297
3,7,3715,2,56.16365432739258,17.96980094909668
3,7,3715,3,56.18327713012695,17.98464584350586
3,7,3715,4,56.20283889770508,17.998598098754883
3,7,3715,5,56.22294235229492,18.013057708740234
3,7,3715,6,56.24294662475586,18.027481079101562
3,7,3715,7,56.262569427490234,18.041545867919922
3,7,3715,8,56.282894134521484,18.056781768798828
3,7,3715,9,56.30302047729492,18.07098388671875
3,7,3715,10,56.32175064086914,18.085205078125
3,7,3715,11,56.34248733520508,18.099550247192383
3,7,3715,12,56.36271667480469,18.114240646362305
3,7,3715,13,56.38237762451172,18.128150939941406
3,7,3715,14,56.40298080444336,18.142786026000977
3,7,3715,15,56.42211151123047,18.15690040588379
3,7,3715,16,56.442298889160156,18.17192268371582
3,7,3715,17,56.46246337890625,18.18660545349121
3,7,3715,18,56.48180389404297,18.200698852539062
3,7,3715,19,56.502525329589844,18.216243743896484
3,7,3715,20,56.52277755737305,18.230436325073242
3,7,3716,0,56.12107849121094,16.106658935546875
3,7,3716,1,56.145572662353516,16.12482261657715
3,7,3716,2,56.16972351074219,16.142925262451172
3,7,3716,3,56.193668365478516,16.161514282226562
3,7,3716,4,56.21755599975586,16.17920684814453
3,7,3716,5,56.24198913574219,16.197404861450195
3,7,3716,6,56.26631546020508,16.21556854248047
3,7,3716,7,56.29026412963867,16.233373641967773
3,7,3716,8,56.31491470336914,16.252347946166992
3,7,3716,9,56.33937072753906,16.27029037475586
3,7,3716,10,56.3624267578125,16.288259506225586
3,7,3716,11,56.38748550415039,16.306344985961914
3,7,3716,12,56.412044525146484,16.324771881103516
3,7,3716,13,56.43602752685547,16.342424392700195
3,7,3716,14,56.46095657348633,16.36079978942871
3,7,3716,15,56.48441696166992,16.378660202026367
3,7,3716,16,56.508934020996094,16.397422790527344
3,7,3716,17,56.533424377441406,16.415847778320312
3,7,3716,18,56.557090759277344,16.433685302734375
3,7,3716,19,56.58213424682617,16.452966690063477
3,7,3716,20,56.60671615600586,16.470903396606445
3,7,3717,0,49.89439010620117,25.326025009155273
3,7,3717,1,49.906707763671875,25.331382751464844
3,7,3717,2,49.918678283691406,25.336681365966797
3,7,3717,3,49.93044662475586,25.34246253967285
3,7,3717,4,49.94215393066406,25.347349166870117
3,7,3717,5,49.95440673828125,25.35274314880371
3,7,3717,6,49.966552734375,25.35809898376465
3,7,3717,7,49.97831726074219,25.363096237182617
3,7,3717,8,49.99079895019531,25.369266510009766
3,7,3717,9,50.00307083129883,25.374404907226562
3,7,3717,10,50.013946533203125,25.379560470581055
3,7,3717,11,50.026824951171875,25.384824752807617
3,7,3717,12,50.039207458496094,25.390451431274414
3,7,3717,13,50.05101013183594,25.39529800415039
3,7,3717,14,50.063758850097656,25.400859832763672
3,7,3717,15,50.07502746582031,25.405908584594727
3,7,3717,16,50.087364196777344,25.4118595123291
3,7,3717,17,50.09967041015625,25.41747283935547
3,7,3717,18,50.11115646362305,25.422502517700195
3,7,3717,19,50.12403106689453,25.428979873657227
3,7,3717,20,50.13642883300781,25.434101104736328
3,7,3718,0,52.17644119262695,27.96695327758789
3,7,3718,1,52.187042236328125,27.969968795776367
3,7,3718,2,52.19729995727539,27.972923278808594
3,7,3718,3,52.20735168457031,27.976362228393555
3,7,3718,4,52.217342376708984,27.97890281677246
3,7,3718,5,52.227874755859375,27.981950759887695
3,7,3718,6,52.23830795288086,27.984962463378906
3,7,3718,7,52.248348236083984,27.987613677978516
3,7,3718,8,52.259117126464844,27.99144744873047
3,7,3718,9,52.26967239379883,27.99423599243164
3,7,3718,10,52.278831481933594,27.997047424316406
3,7,3718,11,52.28998947143555,27.99996566772461
3,7,3718,12,52.3006591796875,28.003250122070312
3,7,3718,13,52.31074142456055,28.00575065612793
3,7,3718,14,52.32176971435547,28.008968353271484
3,7,3718,15,52.331329345703125,28.011669158935547
3,7,3718,16,52.34194564819336,28.01527976989746
3,7,3718,17,52.352542877197266,28.0185489654541
3,7,3718,18,52.362308502197266,28.02123260498047
3,7,3718,19,52.37347412109375,28.025373458862305
3,7,3718,20,52.384151458740234,28.028146743774414
3,7,3719,0,57.830448150634766,19.91355323791504
3,7,3719,1,57.846458435058594,19.923770904541016
3,7,3719,2,57.86212921142578,19.93392562866211
3,7,3719,3,57.877593994140625,19.944562911987305
3,7,3719,4,57.89299774169922,19.95430564880371
3,7,3719,5,57.9089469909668,19.964555740356445
3,7,3719,6,57.9247932434082,19.974769592285156
3,7,3719,7,57.94025421142578,19.984628677368164
3,7,3719,8,57.956424713134766,19.99566078186035
3,7,3719,9,57.97239685058594,20.005651473999023
3,7,3719,10,57.986968994140625,20.015661239624023
3,7,3719,11,58.00354766845703,20.02579689025879
3,7,3719,12,58.01962661743164,20.036279678344727
3,7,3719,13,58.035125732421875,20.045982360839844
3,7,3719,14,58.051570892333984,20.056406021118164
3,7,3719,15,58.06654739379883,20.066308975219727
3,7,3719,16,58.08258056640625,20.077123641967773
3,7,3719,17,58.09858703613281,20.08759880065918
3,7,3719,18,58.113773345947266,20.097482681274414
3,7,3719,19,58.130340576171875,20.108823776245117
3,7,3719,20,58.14643859863281,20.118806838989258
3,7,3720,0,50.81303024291992,36.83242416381836
3,7,3720,1,50.8155517578125,36.827354431152344
3,7,3720,2,50.81773376464844,36.82221603393555
3,7,3720,3,50.8197021484375,36.817569732666016
3,7,3720,4,50.82160568237305,36.812015533447266
3,7,3720,5,50.824058532714844,36.806976318359375
3,7,3720,6,50.82640838623047,36.80189895629883
3,7,3720,7,50.8283576965332,36.79645538330078
3,7,3720,8,50.831058502197266,36.792205810546875
3,7,3720,9,50.833534240722656,36.786903381347656
3,7,3720,10,50.834598541259766,36.781620025634766
3,7,3720,11,50.83768081665039,36.77644348144531
3,7,3720,12,50.840274810791016,36.771644592285156
3,7,3720,13,50.84226608276367,36.76605224609375
3,7,3720,14,50.84522247314453,36.76118087768555
3,7,3720,15,50.84668731689453,36.75578308105469
3,7,3720,16,50.84922409057617,36.751304626464844
3,7,3720,17,50.851741790771484,36.746482849121094
3,7,3720,18,50.85341262817383,36.74106979370117
3,7,3720,19,50.85651397705078,36.73713302612305
3,7,3720,20,50.859107971191406,36.7318115234375
3,7,3721,0,51.334476470947266,36.36567306518555
3,7,3721,1,51.33625793457031,36.35794448852539
3,7,3721,2,51.337703704833984,36.35015106201172
3,7,3721,3,51.33892822265625,36.34284591674805
3,7,3721,4,51.340091705322266,36.334632873535156
3,7,3721,5,51.34180450439453,36.326934814453125
3,7,3721,6,51.34341812133789,36.31919860839844
3,7,3721,7,51.34462356567383,36.31110382080078
3,7,3721,8,51.34658432006836,36.30419921875
3,7,3721,9,51.348323822021484,36.29623794555664
3,7,3721,10,51.3486442565918,36.288291931152344
3,7,3721,11,51.350990295410156,36.28046417236328
3,7,3721,12,51.352840423583984,36.273006439208984
3,7,3721,13,51.354095458984375,36.26476287841797
3,7,3721,14,51.3563117980957,36.25723648071289
3,7,3721,15,51.35704040527344,36.249176025390625
3,7,3721,16,51.35883712768555,36.24203872680664
3,7,3721,17,51.36061096191406,36.234561920166016
3,7,3721,18,51.361541748046875,36.22649002075195
3,7,3721,19,51.3639030456543,36.21989440917969
3,7,3721,20,51.36575698852539,36.211917877197266
3,8,3800,0,47.59551239013672,30.243755340576172
3,8,3800,1,47.60204315185547,30.23866081237793
3,8,3800,2,47.60823059082031,30.23349952697754
3,8,3800,3,47.61420440673828,30.22882652282715
3,8,3800,4,47.6201171875,30.223247528076172
3,8,3800,5,47.6265754699707,30.218181610107422
3,8,3800,6,47.6329345703125,30.21307945251465
3,8,3800,7,47.638893127441406,30.207618713378906
3,8,3800,8,47.645599365234375,30.203344345092773
3,8,3800,9,47.65208435058594,30.198017120361328
3,8,3800,10,47.65715026855469,30.192707061767578
3,8,3800,11,47.664249420166016,30.187515258789062
3,8,3800,12,47.67084503173828,30.18268585205078
3,8,3800,13,47.676849365234375,30.177078247070312
3,8,3800,14,47.683815002441406,30.172183990478516
3,8,3800,15,47.68928909301758,30.166759490966797
3,8,3800,16,47.695831298828125,30.16225242614746
3,8,3800,17,47.702354431152344,30.157411575317383
3,8,3800,18,47.70803451538086,30.151975631713867
3,8,3800,19,47.71513748168945,30.14801025390625
3,8,3800,20,47.721744537353516,30.14266586303711
3,8,3801,0,49.700340270996094,41.729984283447266
3,8,3801,1,49.69721984863281,41.719547271728516
3,8,3801,2,49.69375991821289,41.709041595458984
3,8,3801,3,49.69007873535156,41.69902801513672
3,8,3801,4,49.68633270263672,41.68810272216797
3,8,3801,5,49.683143615722656,41.677696228027344
3,8,3801,6,49.67985153198242,41.6672477722168
3,8,3801,7,49.6761474609375,41.656436920166016
3,8,3801,8,49.673213958740234,41.64682388305664
3,8,3801,9,49.6700439453125,41.63615417480469
3,8,3801,10,49.66545486450195,41.62549591064453
3,8,3801,11,49.662899017333984,41.61494827270508
3,8,3801,12,49.65985107421875,41.60478210449219
3,8,3801,13,49.656192779541016,41.59382629394531
3,8,3801,14,49.653507232666016,41.58358383178711
3,8,3801,15,49.649322509765625,41.572818756103516
3,8,3801,16,49.64621353149414,41.562965393066406
3,8,3801,17,49.64308547973633,41.552772521972656
3,8,3801,18,49.63910675048828,41.5419921875
3,8,3801,19,49.636573791503906,41.53268814086914
3,8,3801,20,49.63352584838867,41.521995544433594
3,8,3802,0,46.154693603515625,28.687345504760742
3,8,3802,1,46.17084503173828,28.697458267211914
3,8,3802,2,46.18663787841797,28.707504272460938
3,8,3802,3,46.20222473144531,28.718034744262695
3,8,3802,4,46.21774673461914,28.7276668548584
3,8,3802,5,46.23383331298828,28.737812042236328
3,8,3802,6,46.24979782104492,28.7479190826416
3,8,3802,7,46.265380859375,28.757652282714844
3,8,3802,8,46.281700134277344,28.76857566833496
3,8,3802,9,46.297794342041016,28.778465270996094
3,8,3802,10,46.31248474121094,28.788368225097656
3,8,3802,11,46.329193115234375,28.79837989807129
3,8,3802,12,46.345401763916016,28.808757781982422
3,8,3802,13,46.36102294921875,28.818344116210938
3,8,3802,14,46.377601623535156,28.828662872314453
3,8,3802,15,46.39268493652344,28.838459014892578
3,8,3802,16,46.408851623535156,28.849163055419922
3,8,3802,17,46.424991607666016,28.859519958496094
3,8,3802,18,46.44028854370117,28.869295120239258
3,8,3802,19,46.45700454711914,28.88052749633789
3,8,3802,20,46.47322463989258,28.890403747558594
3,8,3803,0,54.495277404785156,30.16896629333496
3,8,3803,1,54.505592346191406,30.169574737548828
3,8,3803,2,54.51556396484375,30.170120239257812
3,8,3803,3,54.525333404541016,30.17115592956543
3,8,3803,4,54.53504180908203,30.171283721923828
3,8,3803,5,54.545291900634766,30.171926498413086
3,8,3803,6,54.555442810058594,30.172529220581055
3,8,3803,7,54.5651969909668,30.172773361206055
3,8,3803,8,54.57568359375,30.174203872680664
3,8,3803,9,54.58595657348633,30.174583435058594
3,8,3803,10,54.59482955932617,30.17498779296875
3,8,3803,11,54.605709075927734,30.17549705505371
3,8,3803,12,54.616092681884766,30.176372528076172
3,8,3803,13,54.625892639160156,30.176464080810547
3,8,3803,14,54.63663864135742,30.177274703979492
3,8,3803,15,54.645912170410156,30.17756462097168
3,8,3803,16,54.656246185302734,30.17876625061035
3,8,3803,17,54.666561126708984,30.179630279541016
3,8,3803,18,54.67604064941406,30.179903030395508
3,8,3803,19,54.68692398071289,30.181640625
3,8,3803,20,54.69731521606445,30.182003021240234
3,8,3804,0,51.75064468383789,28.38787841796875
3,8,3804,1,51.76423263549805,28.39435577392578
3,8,3804,2,51.7774772644043,28.400774002075195
3,8,3804,3,51.79050827026367,28.40766716003418
3,8,3804,4,51.8034782409668,28.413671493530273
3,8,3804,5,51.8170051574707,28.420183181762695
3,8,3804,6,51.83041763305664,28.42665672302246
3,8,3804,7,51.843448638916016,28.432769775390625
3,8,3804,8,51.85720443725586,28.440052032470703
3,8,3804,9,51.87074661254883,28.446306228637695
3,8,3804,10,51.88288116455078,28.452577590942383
3,8,3804,11,51.89703369140625,28.458961486816406
3,8,3804,12,51.91068649291992,28.46570587158203
3,8,3804,13,51.92375564575195,28.471670150756836
3,8,3804,14,51.937774658203125,28.478349685668945
3,8,3804,15,51.95030975341797,28.484514236450195
3,8,3804,16,51.96391296386719,28.491580963134766
3,8,3804,17,51.97749328613281,28.498306274414062
3,8,3804,18,51.99024200439453,28.50445556640625
3,8,3804,19,52.004390716552734,28.512042999267578
3,8,3804,20,52.01805877685547,28.518285751342773
3,8,3805,0,58.72142791748047,13.124443054199219
3,8,3805,1,58.771915435791016,13.160947799682617
3,8,3805,2,58.8220329284668,13.197389602661133
3,8,3805,3,58.871944427490234,13.234330177307129
3,8,3805,4,58.92177963256836,13.270352363586426
3,8,3805,5,58.97221755981445,13.306899070739746
3,8,3805,6,59.02252197265625,13.343406677246094
3,8,3805,7,59.07244873046875,13.379528999328613
3,8,3805,8,59.12310028076172,13.41687297821045
3,8,3805,9,59.17352294921875,13.453153610229492
3,8,3805,10,59.2225227355957,13.489468574523926
3,8,3805,11,59.27359390258789,13.525888442993164
3,8,3805,12,59.32414245605469,13.562666893005371
3,8,3805,13,59.37409973144531,13.598631858825684
3,8,3805,14,59.4250373840332,13.635359764099121
3,8,3805,15,59.474430084228516,13.671560287475586
3,8,3805,16,59.52495193481445,13.708697319030762
3,8,3805,17,59.57543182373047,13.745471954345703
3,8,3805,18,59.625057220458984,13.781644821166992
3,8,3805,19,59.67612075805664,13.819314956665039
3,8,3805,20,59.72669982910156,13.855596542358398
3,8,3806,0,50.29839324951172,41.12434005737305
3,8,3806,1,50.29680633544922,41.113399505615234
3,8,3806,2,50.294883728027344,41.102394104003906
3,8,3806,3,50.2927360534668,41.09187316894531
3,8,3806,4,50.290523529052734,41.0804443359375
3,8,3806,5,50.28886795043945,41.06953811645508
3,8,3806,6,50.287109375,41.05858612060547
3,8,3806,7,50.284942626953125,41.047271728515625
3,8,3806,8,50.283538818359375,41.03715896606445
3,8,3806,9,50.28190612792969,41.02598190307617
3,8,3806,10,50.278846740722656,41.01482009887695
3,8,3806,11,50.277828216552734,41.0037727355957
3,8,3806,12,50.27631378173828,40.99310302734375
3,8,3806,13,50.27418899536133,40.98164367675781
3,8,3806,14,50.273040771484375,40.97090148925781
3,8,3806,15,50.270389556884766,40.95962905883789
3,8,3806,16,50.26881408691406,40.949275970458984
3,8,3806,17,50.26721954345703,40.93858337402344
3,8,3806,18,50.264774322509766,40.92729949951172
3,8,3806,19,50.26377487182617,40.91749572753906
3,8,3806,20,50.262264251708984,40.90629959106445
3,8,3807,0,55.55058288574219,17.099300384521484
3,8,3807,1,55.56888198852539,17.111576080322266
3,8,3807,2,55.58684158325195,17.123790740966797
3,8,3807,3,55.60459899902344,17.13648796081543
3,8,3807,4,55.6223030090332,17.148290634155273
3,8,3807,5,55.640541076660156,17.160600662231445
3,8,3807,6,55.6586799621582,17.172876358032227
3,8,3807,7,55.67643737792969,17.18479347229004
3,8,3807,8,55.69489288330078,17.19788360595703
3,8,3807,9,55.713157653808594,17.209936141967773
3,8,3807,10,55.73002243041992,17.22200584411621
3,8,3807,11,55.7488899230957,17.23420524597168
3,8,3807,12,55.76725387573242,17.24674415588379
3,8,3807,13,55.78505325317383,17.258506774902344
3,8,3807,14,55.80378723144531,17.270992279052734
3,8,3807,15,55.8210563659668,17.282955169677734
3,8,3807,16,55.83937454223633,17.29582977294922
3,8,3807,17,55.857669830322266,17.308368682861328
3,8,3807,18,55.87514877319336,17.320310592651367
3,8,3807,19,55.89399337768555,17.333707809448242
3,8,3807,20,55.912384033203125,17.345752716064453
3,8,3808,0,46.866119384765625,20.006351470947266
3,8,3808,1,46.883941650390625,20.016334533691406
3,8,3808,2,46.90142059326172,20.026254653930664
3,8,3808,3,46.91869354248047,20.03665542602539
3,8,3808,4,46.93590545654297,20.046165466308594
3,8,3808,5,46.95366668701172,20.056182861328125
3,8,3808,6,46.97132110595703,20.066164016723633
3,8,3808,7,46.98859405517578,20.075782775878906
3,8,3808,8,47.0065803527832,20.086572647094727
3,8,3808,9,47.024356842041016,20.09633445739746
3,8,3808,10,47.040740966796875,20.10611343383789
3,8,3808,11,47.05912780761719,20.116010665893555
3,8,3808,12,47.0770149230957,20.126256942749023
3,8,3808,13,47.09432601928711,20.135726928710938
3,8,3808,14,47.112579345703125,20.145917892456055
3,8,3808,15,47.129356384277344,20.155588150024414
3,8,3808,16,47.14719772338867,20.166162490844727
3,8,3808,17,47.165016174316406,20.176401138305664
3,8,3808,18,47.1820068359375,20.186052322387695
3,8,3808,19,47.200382232666016,20.1971492767334
3,8,3808,20,47.21828842163086,20.206897735595703
3,8,3809,0,50.33258056640625,32.85038375854492
3,8,3809,1,50.33785629272461,32.845584869384766
3,8,3809,2,50.34278869628906,32.840721130371094
3,8,3809,3,50.34750747680664,32.83634567260742
3,8,3809,4,50.35216522216797,32.83106231689453
3,8,3809,5,50.35737228393555,32.8262939453125
3,8,3809,6,50.36247634887695,32.82148742675781
3,8,3809,7,50.36717987060547,32.816322326660156
3,8,3809,8,50.37263107299805,32.81234359741211
3,8,3809,9,50.37785720825195,32.80731201171875
3,8,3809,10,50.381675720214844,32.80229949951172
3,8,3809,11,50.387516021728516,32.797401428222656
3,8,3809,12,50.39285659790039,32.792869567871094
3,8,3809,13,50.397605895996094,32.78755569458008
3,8,3809,14,50.40331268310547,32.782958984375
3,8,3809,15,50.407535552978516,32.77783203125
3,8,3809,16,50.41282272338867,32.77362060546875
3,8,3809,17,50.4180908203125,32.769073486328125
3,8,3809,18,50.42251968383789,32.76393508911133
3,8,3809,19,50.428367614746094,32.7602653503418
3,8,3809,20,50.4337158203125,32.75521469116211
3,8,3810,0,49.1219482421875,39.722591400146484
3,8,3810,1,49.1231803894043,39.71497344970703
3,8,3810,2,49.12406921386719,39.7072868347168
3,8,3810,3,49.12474060058594,39.70008850097656
3,8,3810,4,49.12534713745117,39.69198226928711
3,8,3810,5,49.12651062011719,39.684391021728516
3,8,3810,6,49.127567291259766,39.67676544189453
3,8,3810,7,49.12821960449219,39.66876983642578
3,8,3810,8,49.12963104248047,39.6619758605957
3,8,3810,9,49.13081359863281,39.65412139892578
3,8,3810,10,49.13058090209961,39.64628601074219
3,8,3810,11,49.13237762451172,39.63855743408203
3,8,3810,12,49.1336784362793,39.63120651245117
3,8,3810,13,49.13437271118164,39.62306594848633
3,8,3810,14,49.13603973388672,39.61564636230469
3,8,3810,15,49.13620376586914,39.607696533203125
3,8,3810,16,49.137447357177734,39.60066604614258
3,8,3810,17,49.138671875,39.593292236328125
3,8,3810,18,49.13904571533203,39.5853271484375
3,8,3810,19,49.14086151123047,39.57883834838867
3,8,3810,20,49.14216613769531,39.57096862792969
3,8,3811,0,53.03294372558594,33.11686325073242
3,8,3811,1,53.03825378417969,33.11355209350586
3,8,3811,2,53.04322814941406,33.11017990112305
3,8,3811,3,53.04798889160156,33.10729217529297
3,8,3811,4,53.05268859863281,33.10350036621094
3,8,3811,5,53.05793380737305,33.1002197265625
3,8,3811,6,53.06307601928711,33.09690475463867
3,8,3811,7,53.06782150268555,33.09322738647461
3,8,3811,8,53.073307037353516,33.090736389160156
3,8,3811,9,53.07857894897461,33.087196350097656
3,8,3811,10,53.082435607910156,33.083675384521484
3,8,3811,11,53.08831024169922,33.08026123046875
3,8,3811,12,53.093692779541016,33.07722091674805
3,8,3811,13,53.09848403930664,33.07339096069336
3,8,3811,14,53.104225158691406,33.070281982421875
3,8,3811,15,53.10849380493164,33.066646575927734
3,8,3811,16,53.11381912231445,33.06393051147461
3,8,3811,17,53.1191291809082,33.06087112426758
3,8,3811,18,53.12359619140625,33.05722427368164
3,8,3811,19,53.12948226928711,33.05504608154297
3,8,3811,20,53.13486862182617,33.051483154296875
3,8,3812,0,57.65693283081055,15.124567985534668
3,8,3812,1,57.67532730102539,15.137582778930664
3,8,3812,2,57.693389892578125,15.150531768798828
3,8,3812,3,57.71124267578125,15.163968086242676
3,8,3812,4,57.72904586791992,15.176507949829102
3,8,3812,5,57.747379302978516,15.189552307128906
3,8,3812,6,57.76561737060547,15.20256519317627
3,8,3812,7,57.783470153808594,15.215221405029297
3,8,3812,8,57.80201721191406,15.229052543640137
3,8,3812,9,57.82038879394531,15.241840362548828
3,8,3812,10,57.83734130859375,15.254647254943848
3,8,3812,11,57.8563117980957,15.267585754394531
3,8,3812,12,57.87477493286133,15.280862808227539
3,8,3812,13,57.892669677734375,15.293365478515625
3,8,3812,14,57.9114990234375,15.306588172912598
3,8,3812,15,57.92886734008789,15.319287300109863
3,8,3812,16,57.94728469848633,15.332900047302246
3,8,3812,17,57.96567916870117,15.346177101135254
3,8,3812,18,57.983253479003906,15.358856201171875
3,8,3812,19,58.002193450927734,15.372995376586914
3,8,3812,20,58.02067947387695,15.38577651977539
3,8,3813,0,55.2757568359375,14.667869567871094
3,8,3813,1,55.304222106933594,14.690779685974121
3,8,3813,2,55.33233642578125,14.71362590789795
3,8,3813,3,55.360252380371094,14.736959457397461
3,8,3813,4,55.388099670410156,14.75939655303955
3,8,3813,5,55.416507720947266,14.782340049743652
3,8,3813,6,55.444801330566406,14.805253028869629
3,8,3813,7,55.472721099853516,14.827796936035156
3,8,3813,8,55.5013427734375,14.85151481628418
3,8,3813,9,55.529762268066406,14.87420654296875
3,8,3813,10,55.55678176879883,14.896919250488281
3,8,3813,11,55.585819244384766,14.919751167297363
3,8,3813,12,55.61434555053711,14.942923545837402
3,8,3813,13,55.64229965209961,14.965317726135254
3,8,3813,14,55.67120361328125,14.988441467285156
3,8,3813,15,55.6986198425293,15.01104736328125
3,8,3813,16,55.72711181640625,15.034555435180664
3,8,3813,17,55.75557327270508,15.057729721069336
3,8,3813,18,55.783203125,15.080309867858887
3,8,3813,19,55.81222152709961,15.104338645935059
3,8,3813,20,55.84077453613281,15.127022743225098
3,8,3814,0,53.149112701416016,15.362329483032227
3,8,3814,1,53.16893768310547,15.37631607055664
3,8,3814,2,53.188419342041016,15.390241622924805
3,8,3814,3,53.20769500732422,15.40464973449707
3,8,3814,4,53.2269172668457,15.41816520690918
3,8,3814,5,53.24667739868164,15.432186126708984
3,8,3814,6,53.26633834838867,15.446172714233398
3,8,3814,7,53.28561782836914,15.45980167388916
3,8,3814,8,53.30559158325195,15.474601745605469
3,8,3814,9,53.32537841796875,15.488367080688477
3,8,3814,10,53.3437614440918,15.502150535583496
3,8,3814,11,53.36415481567383,15.516060829162598
3,8,3814,12,53.384037017822266,15.530312538146973
3,8,3814,13,53.403358459472656,15.543787002563477
3,8,3814,14,53.423614501953125,15.557985305786133
3,8,3814,15,53.442405700683594,15.571661949157715
3,8,3814,16,53.46224594116211,15.586247444152832
3,8,3814,17,53.48206329345703,15.600497245788574
3,8,3814,18,53.50106430053711,15.614152908325195
3,8,3814,19,53.521427154541016,15.629260063171387
3,8,3814,20,53.541343688964844,15.643014907836914
3,8,3815,0,51.627220153808594,24.622915267944336
3,8,3815,1,51.64299392700195,24.63315773010254
3,8,3815,2,51.65842056274414,24.643339157104492
3,8,3815,3,51.67363739013672,24.65399932861328
3,8,3815,4,51.68879318237305,24.663768768310547
3,8,3815,5,51.704505920410156,24.67404556274414
3,8,3815,6,51.72010040283203,24.68428611755371
3,8,3815,7,51.735321044921875,24.69415855407715
3,8,3815,8,51.75125503540039,24.70520782470703
3,8,3815,9,51.76698303222656,24.715229034423828
3,8,3815,10,51.78130340576172,24.725265502929688
3,8,3815,11,51.79764175415039,24.73541831970215
3,8,3815,12,51.813472747802734,24.745925903320312
3,8,3815,13,51.82872772216797,24.755651473999023
3,8,3815,14,51.844932556152344,24.76609992980957
3,8,3815,15,51.85966110229492,24.776031494140625
3,8,3815,16,51.875450134277344,24.786863327026367
3,8,3815,17,51.89121627807617,24.7973575592041
3,8,3815,18,51.906150817871094,24.807268142700195
3,8,3815,19,51.922481536865234,24.81862449645996
3,8,3815,20,51.938331604003906,24.828632354736328
3,8,3816,0,56.14210891723633,25.009618759155273
3,8,3816,1,56.15724563598633,25.01546859741211
3,8,3816,2,56.17204284667969,25.02125358581543
3,8,3816,3,56.1866340637207,25.027524948120117
3,8,3816,4,56.201168060302734,25.03289794921875
3,8,3816,5,56.21623992919922,25.03877830505371
3,8,3816,6,56.23121643066406,25.04462432861328
3,8,3816,7,56.24580001831055,25.050111770629883
3,8,3816,8,56.261104583740234,25.05677604675293
3,8,3816,9,56.27619934082031,25.062397003173828
3,8,3816,10,56.28990173339844,25.068042755126953
3,8,3816,11,56.30560302734375,25.07379913330078
3,8,3816,12,56.32080841064453,25.079914093017578
3,8,3816,13,56.33543395996094,25.085248947143555
3,8,3816,14,56.35100173950195,25.0913028717041
3,8,3816,15,56.36509704589844,25.096834182739258
3,8,3816,16,56.38025665283203,25.10327911376953
3,8,3816,17,56.395389556884766,25.109384536743164
3,8,3816,18,56.409698486328125,25.114900588989258
3,8,3816,19,56.42539978027344,25.121871948242188
3,8,3816,20,56.44062042236328,25.12748146057129
3,8,3817,0,50.96995162963867,20.26495361328125
3,8,3817,1,50.99032974243164,20.279321670532227
3,8,3817,2,51.01035690307617,20.29362678527832
3,8,3817,3,51.030181884765625,20.308412551879883
3,8,3817,4,51.04994201660156,20.32230567932129
3,8,3817,5,51.07025909423828,20.336708068847656
3,8,3817,6,51.09046173095703,20.351076126098633
3,8,3817,7,51.110286712646484,20.36507797241211
3,8,3817,8,51.13082504272461,20.380250930786133
3,8,3817,9,51.15115737915039,20.39440155029297
3,8,3817,10,51.17008972167969,20.408565521240234
3,8,3817,11,51.19103240966797,20.422847747802734
3,8,3817,12,51.21147155761719,20.43747901916504
3,8,3817,13,51.2313346862793,20.451332092285156
3,8,3817,14,51.25214767456055,20.46590805053711
3,8,3817,15,51.27147674560547,20.47996711730957
3,8,3817,16,51.291873931884766,20.49492645263672
3,8,3817,17,51.31224822998047,20.509550094604492
3,8,3817,18,51.331790924072266,20.52358627319336
3,8,3817,19,51.352725982666016,20.5390682220459
3,8,3817,20,51.37318420410156,20.553205490112305
3,8,3818,0,54.927818298339844,38.997589111328125
3,8,3818,1,54.92831039428711,38.990234375
3,8,3818,2,54.928466796875,38.982818603515625
3,8,3818,3,54.92840576171875,38.97588348388672
3,8,3818,4,54.928279876708984,38.96804428100586
3,8,3818,5,54.928707122802734,38.960723876953125
3,8,3818,6,54.92903137207031,38.9533576965332
3,8,3818,7,54.928951263427734,38.94563674926758
3,8,3818,8,54.929622650146484,38.93910217285156
3,8,3818,9,54.930076599121094,38.9315185546875
3,8,3818,10,54.92910385131836,38.92394256591797
3,8,3818,11,54.93016815185547,38.91648864746094
3,8,3818,12,54.93073654174805,38.90940475463867
3,8,3818,13,54.930702209472656,38.90153503417969
3,8,3818,14,54.9316291809082,38.894378662109375
3,8,3818,15,54.93107223510742,38.886695861816406
3,8,3818,16,54.931575775146484,38.87992858886719
3,8,3818,17,54.932064056396484,38.872825622558594
3,8,3818,18,54.93170928955078,38.8651237487793
3,8,3818,19,54.93278121948242,38.85890197753906
3,8,3818,20,54.933349609375,38.85129928588867
3,8,3819,0,53.27528381347656,31.145692825317383
3,8,3819,1,53.28766632080078,31.15200424194336
3,8,3819,2,53.29969787597656,31.158252716064453
3,8,3819,3,53.31151580810547,31.16497802734375
3,8,3819,4,53.323272705078125,31.170814514160156
3,8,3819,5,53.33559036254883,31.17715835571289
3,8,3819,6,53.34779357910156,31.1834659576416
3,8,3819,7,53.3596076965332,31.18940544128418
3,8,3819,8,53.372154235839844,31.196521759033203
3,8,3819,9,53.38448715209961,31.20261001586914
3,8,3819,10,53.39540481567383,31.208709716796875
3,8,3819,11,53.40835189819336,31.21492576599121
3,8,3819,12,53.42079544067383,31.22150230407715
3,8,3819,13,53.432647705078125,31.227298736572266
3,8,3819,14,53.445465087890625,31.23381233215332
3,8,3819,15,53.456787109375,31.23980712890625
3,8,3819,16,53.46917724609375,31.246706008911133
3,8,3819,17,53.48155212402344,31.253263473510742
3,8,3819,18,53.49308395385742,31.25924301147461
3,8,3819,19,53.50602340698242,31.26666831970215
3,8,3819,20,53.51848220825195,31.272743225097656
3,8,3820,0,54.59000778198242,15.8528470993042
3,8,3820,1,54.618263244628906,15.874767303466797
3,8,3820,2,54.64616394042969,15.896622657775879
3,8,3820,3,54.673866271972656,15.918965339660645
3,8,3820,4,54.70150375366211,15.940411567687988
3,8,3820,5,54.729698181152344,15.962364196777344
3,8,3820,6,54.757781982421875,15.984286308288574
3,8,3820,7,54.78548812866211,16.00583839416504
3,8,3820,8,54.813899993896484,16.028566360473633
3,8,3820,9,54.84210968017578,16.05026626586914
3,8,3820,10,54.86891555786133,16.07198715209961
3,8,3820,11,54.89773941040039,16.093828201293945
3,8,3820,12,54.926055908203125,16.116010665893555
3,8,3820,13,54.95379638671875,16.137413024902344
3,8,3820,14,54.98249053955078,16.1595458984375
3,8,3820,15,55.00969696044922,16.18115997314453
3,8,3820,16,55.0379753112793,16.203676223754883
3,8,3820,17,55.06622314453125,16.225858688354492
3,8,3820,18,55.09364318847656,16.247446060180664
3,8,3820,19,55.12245178222656,16.270484924316406
3,8,3820,20,55.150794982910156,16.292177200317383
3,8,3821,0,50.75243377685547,23.382490158081055
3,8,3821,1,50.77083206176758,23.395038604736328
3,8,3821,2,50.788883209228516,23.40752410888672
3,8,3821,3,50.80672836303711,23.420490264892578
3,8,3821,4,50.82450866699219,23.43256378173828
3,8,3821,5,50.84284591674805,23.445146560668945
3,8,3821,6,50.86106872558594,23.457691192626953
3,8,3821,7,50.8789176940918,23.469867706298828
3,8,3821,8,50.89747619628906,23.48322296142578
3,8,3821,9,50.91583251953125,23.49555206298828
3,8,3821,10,50.932777404785156,23.507890701293945
3,8,3821,11,50.951744079589844,23.520349502563477
3,8,3821,12,50.9702033996582,23.53316307067871
3,8,3821,13,50.98808670043945,23.54519271850586
3,8,3821,14,51.006919860839844,23.55794906616211
3,8,3821,15,51.024269104003906,23.5701847076416
3,8,3821,16,51.04269027709961,23.583322525024414
3,8,3821,17,51.06108093261719,23.59612274169922
3,8,3821,18,51.07863998413086,23.608335494995117
3,8,3821,19,51.097599029541016,23.621999740600586
3,8,3821,20,51.1160774230957,23.634315490722656
3,9,3900,0,47.6956672668457,38.81999588012695
3,9,3900,1,47.69523620605469,38.81271743774414
3,9,3900,2,47.6944580078125,38.80537414550781
3,9,3900,3,47.69346237182617,38.79851531982422
3,9,3900,4,47.69240188598633,38.790748596191406
3,9,3900,5,47.69190216064453,38.783504486083984
3,9,3900,6,47.69129180908203,38.776222229003906
3,9,3900,7,47.69027328491211,38.76856994628906
3,9,3900,8,47.690025329589844,38.762115478515625
3,9,3900,9,47.689544677734375,38.754608154296875
3,9,3900,10,47.68763732910156,38.747108459472656
3,9,3900,11,47.687774658203125,38.73972702026367
3,9,3900,12,47.68741226196289,38.732723236083984
3,9,3900,13,47.686439514160156,38.72492599487305
3,9,3900,14,47.68644332885742,38.71784973144531
3,9,3900,15,47.684940338134766,38.710243225097656
3,9,3900,16,47.68451690673828,38.703556060791016
3,9,3900,17,47.684078216552734,38.69652557373047
3,9,3900,18,47.68278503417969,38.68890380859375
3,9,3900,19,47.68293380737305,38.68275833129883
3,9,3900,20,47.68257522583008,38.67523193359375
3,9,3901,0,51.207664489746094,32.60472106933594
3,9,3901,1,51.21308898925781,32.60162353515625
3,9,3901,2,51.21817398071289,32.59846496582031
3,9,3901,3,51.22304916381836,32.595794677734375
3,9,3901,4,51.22785949707031,32.59221649169922
3,9,3901,5,51.233219146728516,32.58915328979492
3,9,3901,6,51.23847579956055,32.5860481262207
3,9,3901,7,51.24333190917969,32.582584381103516
3,9,3901,8,51.248931884765625,32.58031463623047
3,9,3901,9,51.25431442260742,32.57698440551758
3,9,3901,10,51.2582893371582,32.57368087768555
3,9,3901,11,51.26427459716797,32.57048034667969
3,9,3901,12,51.26976776123047,32.56765365600586
3,9,3901,13,51.27467346191406,32.56404113769531
3,9,3901,14,51.2805290222168,32.56114196777344
3,9,3901,15,51.28490447998047,32.55772399902344
3,9,3901,16,51.29034423828125,32.55522155761719
3,9,3901,17,51.2957649230957,32.55237579345703
3,9,3901,18,51.300350189208984,32.54894256591797
3,9,3901,19,51.30634689331055,32.54698181152344
3,9,3901,20,51.31184768676758,32.54363250732422
3,9,3902,0,53.09788131713867,13.613168716430664
3,9,3902,1,53.117591857910156,13.628386497497559
3,9,3902,2,53.136962890625,13.643540382385254
3,9,3902,3,53.1561279296875,13.659180641174316
3,9,3902,4,53.175235748291016,13.673927307128906
3,9,3902,5,53.19488525390625,13.689176559448242
3,9,3902,6,53.21443176269531,13.70439338684082
3,9,3902,7,53.23360061645508,13.719253540039062
3,9,3902,8,53.25345993041992,13.735284805297852
3,9,3902,9,53.273136138916016,13.75027847290039
3,9,3902,10,53.29140853881836,13.76529312133789
3,9,3902,11,53.31168746948242,13.780433654785156
3,9,3902,12,53.331459045410156,13.795913696289062
3,9,3902,13,53.350669860839844,13.81061840057373
3,9,3902,14,53.370811462402344,13.826045036315918
3,9,3902,15,53.38949203491211,13.840953826904297
3,9,3902,16,53.409217834472656,13.856768608093262
3,9,3902,17,53.428924560546875,13.872249603271484
3,9,3902,18,53.447811126708984,13.887134552001953
3,9,3902,19,53.46806335449219,13.903472900390625
3,9,3902,20,53.48786544799805,13.918458938598633
3,9,3903,0,45.62809753417969,26.608583450317383
3,9,3903,1,45.63578414916992,26.60841178894043
3,9,3903,2,45.643123626708984,26.608177185058594
3,9,3903,3,45.65026092529297,26.60843276977539
3,9,3903,4,45.65733337402344,26.6077823638916
3,9,3903,5,45.66495132446289,26.607643127441406
3,9,3903,6,45.67246627807617,26.607465744018555
3,9,3903,7,45.679588317871094,26.606929779052734
3,9,3903,8,45.68744659423828,26.607582092285156
3,9,3903,9,45.69508743286133,26.607179641723633
3,9,3903,10,45.70132827758789,26.606800079345703
3,9,3903,11,45.709571838378906,26.60652732849121
3,9,3903,12,45.717323303222656,26.606624603271484
3,9,3903,13,45.7244873046875,26.605937957763672
3,9,3903,14,45.732601165771484,26.60596466064453
3,9,3903,15,45.73924255371094,26.6054744720459
3,9,3903,16,45.746944427490234,26.605899810791016
3,9,3903,17,45.75462341308594,26.605981826782227
3,9,3903,18,45.761470794677734,26.6054744720459
3,9,3903,19,45.76972579956055,26.606435775756836
3,9,3903,20,45.77748489379883,26.606016159057617
3,9,3904,0,55.28559112548828,10.458659172058105
3,9,3904,1,55.31095504760742,10.48003101348877
3,9,3904,2,55.335975646972656,10.501341819763184
3,9,3904,3,55.36079406738281,10.523140907287598
3,9,3904,4,55.38555908203125,10.544045448303223
3,9,3904,5,55.41086196899414,10.565451622009277
3,9,3904,6,55.43606185913086,10.586825370788574
3,9,3904,7,55.46088409423828,10.607842445373535
3,9,3904,8,55.48639678955078,10.63002872467041
3,9,3904,9,55.51172637939453,10.651179313659668
3,9,3904,10,55.535648345947266,10.672357559204102
3,9,3904,11,55.561580657958984,10.693655967712402
3,9,3904,12,55.587005615234375,10.715289115905762
3,9,3904,13,55.61186599731445,10.736150741577148
3,9,3904,14,55.637664794921875,10.757734298706055
3,9,3904,15,55.6619987487793,10.778803825378418
3,9,3904,16,55.687381744384766,10.80077838897705
3,9,3904,17,55.712738037109375,10.822417259216309
3,9,3904,18,55.73727798461914,10.843461990356445
3,9,3904,19,55.76318359375,10.865954399108887
3,9,3904,20,55.78863525390625,10.887100219726562
3,9,3905,0,61.76052474975586,11.929788589477539
3,9,3905,1,61.79242706298828,11.95417594909668
3,9,3905,2,61.8239860534668,11.978501319885254
3,9,3905,3,61.855342864990234,12.003313064575195
3,9,3905,4,61.88664627075195,12.02723217010498
3,9,3905,5,61.918487548828125,12.051651000976562
3,9,3905,6,61.95022964477539,12.07603931427002
3,9,3905,7,61.98159408569336,12.100069046020508
3,9,3905,8,62.013641357421875,12.12526798248291
3,9,3905,9,62.045509338378906,12.149434089660645
3,9,3905,10,62.07597732543945,12.173628807067871
3,9,3905,11,62.10844802856445,12.197943687438965
3,9,3905,12,62.140411376953125,12.222589492797852
3,9,3905,13,62.17181396484375,12.246464729309082
3,9,3905,14,62.20415115356445,12.271063804626465
3,9,3905,15,62.235023498535156,12.295148849487305
3,9,3905,16,62.266944885253906,12.320137023925781
3,9,3905,17,62.29884338378906,12.3447904586792
3,9,3905,18,62.32992172241211,12.368849754333496
3,9,3905,19,62.36236572265625,12.394355773925781
3,9,3905,20,62.39435958862305,12.418517112731934
3,9,3906,0,46.3248405456543,23.956621170043945
3,9,3906,1,46.33517074584961,23.95859718322754
3,9,3906,2,46.34516143798828,23.96051025390625
3,9,3906,3,46.35493850708008,23.962907791137695
3,9,3906,4,46.364662170410156,23.96440887451172
3,9,3906,5,46.37492752075195,23.96641731262207
3,9,3906,6,46.38508605957031,23.968387603759766
3,9,3906,7,46.394859313964844,23.970003128051758
3,9,3906,8,46.40535354614258,23.972793579101562
3,9,3906,9,46.41564178466797,23.974544525146484
3,9,3906,10,46.42452621459961,23.97631072998047
3,9,3906,11,46.435420989990234,23.978195190429688
3,9,3906,12,46.44581604003906,23.980438232421875
3,9,3906,13,46.455631256103516,23.981901168823242
3,9,3906,14,46.466392517089844,23.984079360961914
3,9,3906,15,46.47568130493164,23.985736846923828
3,9,3906,16,46.486026763916016,23.988304138183594
3,9,3906,17,46.49635314941406,23.990535736083984
3,9,3906,18,46.5058479309082,23.99217987060547
3,9,3906,19,46.5167350769043,23.995277404785156
3,9,3906,20,46.52714538574219,23.997011184692383
3,9,3907,0,44.57236099243164,23.88477325439453
3,9,3907,1,44.5904655456543,23.895681381225586
3,9,3907,2,44.608219146728516,23.906526565551758
3,9,3907,3,44.625762939453125,23.9178466796875
3,9,3907,4,44.64323806762695,23.928279876708984
3,9,3907,5,44.661277770996094,23.939220428466797
3,9,3907,6,44.679203033447266,23.950124740600586
3,9,3907,7,44.696746826171875,23.960662841796875
3,9,3907,8,44.71501541137695,23.97237205505371
3,9,3907,9,44.733070373535156,23.98305892944336
3,9,3907,10,44.749717712402344,23.993759155273438
3,9,3907,11,44.76839065551758,24.004575729370117
3,9,3907,12,44.78655242919922,24.015748977661133
3,9,3907,13,44.80413055419922,24.026140213012695
3,9,3907,14,44.822669982910156,24.037254333496094
3,9,3907,15,44.83971405029297,24.047847747802734
3,9,3907,16,44.85783386230469,24.059341430664062
3,9,3907,17,44.87592697143555,24.070497512817383
3,9,3907,18,44.893184661865234,24.081073760986328
3,9,3907,19,44.91184997558594,24.093090057373047
3,9,3907,20,44.93003463745117,24.10376739501953
3,9,3908,0,53.77306365966797,37.73031234741211
3,9,3908,1,53.77628707885742,37.724246978759766
3,9,3908,2,53.779170989990234,37.71812057495117
3,9,3908,3,53.78184127807617,37.71247863769531
3,9,3908,4,53.784446716308594,37.705928802490234
3,9,3908,5,53.787601470947266,37.699893951416016
3,9,3908,6,53.79065704345703,37.69382095336914
3,9,3908,7,53.793304443359375,37.6873893737793
3,9,3908,8,53.79671096801758,37.68214797973633
3,9,3908,9,53.79988479614258,37.67584991455078
3,9,3908,10,53.80165481567383,37.66957092285156
3,9,3908,11,53.80543899536133,37.66340255737305
3,9,3908,12,53.80873489379883,37.65760803222656
3,9,3908,13,53.811431884765625,37.65102767944336
3,9,3908,14,53.81509017944336,37.64516067504883
3,9,3908,15,53.8172607421875,37.638771057128906
3,9,3908,16,53.820499420166016,37.63329315185547
3,9,3908,17,53.82371520996094,37.627479553222656
3,9,3908,18,53.82609176635742,37.62107467651367
3,9,3908,19,53.82989501953125,37.61614227294922
3,9,3908,20,53.83319091796875,37.60982894897461
3,9,3909,0,49.937469482421875,23.446908950805664
3,9,3909,1,49.95280075073242,23.452518463134766
3,9,3909,2,49.96779251098633,23.45806121826172
3,9,3909,3,49.982574462890625,23.464088439941406
3,9,3909,4,49.99729919433594,23.469223022460938
3,9,3909,5,50.01256561279297,23.47486114501953
3,9,3909,6,50.027732849121094,23.480464935302734
3,9,3909,7,50.04250717163086,23.4857120513916
3,9,3909,8,50.05800247192383,23.49213218688965
3,9,3909,9,50.07329177856445,23.497512817382812
3,9,3909,10,50.08718490600586,23.502914428710938
3,9,3909,11,50.10307693481445,23.50843048095703
3,9,3909,12,50.118473052978516,23.51430320739746
3,9,3909,13,50.13329315185547,23.519399642944336
3,9,3909,14,50.149051666259766,23.525211334228516
3,9,3909,15,50.16334533691406,23.530502319335938
3,9,3909,16,50.17869186401367,23.536701202392578
3,9,3909,17,50.19401550292969,23.54256248474121
3,9,3909,18,50.208518981933594,23.54783821105957
3,9,3909,19,50.22440719604492,23.554563522338867
3,9,3909,20,50.23982238769531,23.559932708740234
3,9,3910,0,50.8173713684082,10.809128761291504
3,9,3910,1,50.836708068847656,10.825169563293457
3,9,3910,2,50.85570526123047,10.841146469116211
3,9,3910,3,50.87449264526367,10.857614517211914
3,9,3910,4,50.89323806762695,10.873183250427246
3,9,3910,5,50.91250991821289,10.889256477355957
3,9,3910,6,50.93168640136719,10.90529727935791
3,9,3910,7,50.95048141479492,10.920981407165527
3,9,3910,8,50.96996307373047,10.937841415405273
3,9,3910,9,50.98927307128906,10.953658103942871
3,9,3910,10,51.007164001464844,10.969494819641113
3,9,3910,11,51.02707290649414,10.98546028137207
3,9,3910,12,51.04647445678711,11.001764297485352
3,9,3910,13,51.065311431884766,11.017292022705078
3,9,3910,14,51.085079193115234,11.033543586730957
3,9,3910,15,51.103389739990234,11.049274444580078
3,9,3910,16,51.12274169921875,11.065916061401367
3,9,3910,17,51.14207458496094,11.082222938537598
3,9,3910,18,51.160587310791016,11.097930908203125
3,9,3910,19,51.18046188354492,11.11509895324707
3,9,3910,20,51.19989013671875,11.130908966064453
3,9,3911,0,50.41923522949219,24.164812088012695
3,9,3911,1,50.428565979003906,24.16623878479004
3,9,3911,2,50.43755340576172,24.167598724365234
3,9,3911,3,50.44633483886719,24.169445037841797
3,9,3911,4,50.45505905151367,24.170391082763672
3,9,3911,5,50.46432113647461,24.17184829711914
3,9,3911,6,50.47348403930664,24.17326545715332
3,9,3911,7,50.48225784301758,24.17432975769043
3,9,3911,8,50.49174880981445,24.17657470703125
3,9,3911,9,50.501041412353516,24.17776870727539
3,9,3911,10,50.5089225769043,24.178983688354492
3,9,3911,11,50.51881790161133,24.180316925048828
3,9,3911,12,50.52821350097656,24.182008743286133
3,9,3911,13,50.53702926635742,24.18291664123535
3,9,3911,14,50.546791076660156,24.184547424316406
3,9,3911,15,50.55508041381836,24.185649871826172
3,9,3911,16,50.564422607421875,24.18766975402832
3,9,3911,17,50.57374954223633,24.18935203552246
3,9,3911,18,50.582244873046875,24.19043731689453
3,9,3911,19,50.592132568359375,24.1929931640625
3,9,3911,20,50.60154342651367,24.194175720214844
3,9,3912,0,52.912574768066406,39.48115158081055
3,9,3912,1,52.91823959350586,39.48119354248047
3,9,3912,2,52.92355728149414,39.48116683959961
3,9,3912,3,52.928653717041016,39.48162841796875
3,9,3912,4,52.933692932128906,39.48118591308594
3,9,3912,5,52.93928909301758,39.48126220703125
3,9,3912,6,52.94477081298828,39.48129653930664
3,9,3912,7,52.94986343383789,39.480960845947266
3,9,3912,8,52.95570373535156,39.48181915283203
3,9,3912,9,52.9613151550293,39.481632232666016
3,9,3912,10,52.96551513671875,39.48146057128906
3,9,3912,11,52.971736907958984,39.48139572143555
3,9,3912,12,52.97746276855469,39.48170852661133
3,9,3912,13,52.98259353637695,39.481224060058594
3,9,3912,14,52.98868942260742,39.481468200683594
3,9,3912,15,52.9932861328125,39.48118591308594
3,9,3912,16,52.998958587646484,39.48181915283203
3,9,3912,17,53.00461196899414,39.48210525512695
3,9,3912,18,53.00941848754883,39.48180389404297
3,9,3912,19,53.015655517578125,39.48297119140625
3,9,3912,20,53.02138900756836,39.48276901245117
3,9,3913,0,51.66818618774414,20.709789276123047
3,9,3913,1,51.68463897705078,20.718463897705078
3,9,3913,2,51.700748443603516,20.727073669433594
3,9,3913,3,51.71665573120117,20.73616600036621
3,9,3913,4,51.73250198364258,20.744365692138672
3,9,3913,5,51.7488899230957,20.753070831298828
3,9,3913,6,51.76517868041992,20.761741638183594
3,9,3913,7,51.78108215332031,20.770055770874023
3,9,3913,8,51.79769515991211,20.779539108276367
3,9,3913,9,51.81410598754883,20.787986755371094
3,9,3913,10,51.82912063598633,20.79645347595215
3,9,3913,11,51.846134185791016,20.805042266845703
3,9,3913,12,51.86265182495117,20.813982009887695
3,9,3913,13,51.87859344482422,20.8221435546875
3,9,3913,14,51.895477294921875,20.831022262573242
3,9,3913,15,51.910892486572266,20.839378356933594
3,9,3913,16,51.927364349365234,20.848648071289062
3,9,3913,17,51.943809509277344,20.857576370239258
3,9,3913,18,51.959434509277344,20.865917205810547
3,9,3913,19,51.976444244384766,20.875709533691406
3,9,3913,20,51.992977142333984,20.88414764404297
3,9,3914,0,55.93146514892578,19.35407257080078
3,9,3914,1,55.9478759765625,19.36504364013672
3,9,3914,2,55.96393966674805,19.37595558166504
3,9,3914,3,55.979801177978516,19.38735008239746
3,9,3914,4,55.99559783935547,19.39784812927246
3,9,3914,5,56.011940002441406,19.408855438232422
3,9,3914,6,56.02818298339844,19.41982650756836
3,9,3914,7,56.044044494628906,19.430438995361328
3,9,3914,8,56.06060791015625,19.442222595214844
3,9,3914,9,56.07697677612305,19.452972412109375
3,9,3914,10,56.09194564819336,19.463741302490234
3,9,3914,11,56.10892105102539,19.47463035583496
3,9,3914,12,56.125389099121094,19.485868453979492
3,9,3914,13,56.14128875732422,19.49632453918457
3,9,3914,14,56.15813064575195,19.507505416870117
3,9,3914,15,56.173500061035156,19.51816749572754
3,9,3914,16,56.18992614746094,19.529735565185547
3,9,3914,17,56.206329345703125,19.540966033935547
3,9,3914,18,56.2219123840332,19.551607131958008
3,9,3914,19,56.23887252807617,19.56369972229004
3,9,3914,20,56.255367279052734,19.574440002441406
3,9,3915,0,55.775848388671875,40.95766830444336
3,9,3915,1,55.78133010864258,40.95487594604492
3,9,3915,2,55.786468505859375,40.952022552490234
3,9,3915,3,55.7913932800293,40.94965362548828
3,9,3915,4,55.79624938964844,40.94637680053711
3,9,3915,5,55.801666259765625,40.94361877441406
3,9,3915,6,55.80697250366211,40.94082260131836
3,9,3915,7,55.81187438964844,40.93765640258789
3,9,3915,8,55.817535400390625,40.93568801879883
3,9,3915,9,55.822967529296875,40.93266677856445
3,9,3915,10,55.82699203491211,40.929664611816406
3,9,3915,11,55.83303451538086,40.92676544189453
3,9,3915,12,55.83858108520508,40.92424392700195
3,9,3915,13,55.84353256225586,40.92093276977539
3,9,3915,14,55.84944152832031,40.91834259033203
3,9,3915,15,55.85386657714844,40.91522979736328
3,9,3915,16,55.85935974121094,40.91303253173828
3,9,3915,17,55.86483383178711,40.91048812866211
3,9,3915,18,55.86946105957031,40.90735626220703
3,9,3915,19,55.875518798828125,40.905696868896484
3,9,3915,20,55.881072998046875,40.90265655517578
3,9,3916,0,49.733314514160156,22.038753509521484
3,9,3916,1,49.74739074707031,22.04341697692871
3,9,3916,2,49.7611198425293,22.048015594482422
3,9,3916,3,49.77465057373047,22.053102493286133
3,9,3916,4,49.78811264038086,22.057287216186523
3,9,3916,5,49.8021240234375,22.061983108520508
3,9,3916,6,49.81603240966797,22.066640853881836
3,9,3916,7,49.82954788208008,22.070941925048828
3,9,3916,8,49.843788146972656,22.0764217376709
3,9,3916,9,49.857818603515625,22.080856323242188
3,9,3916,10,49.870452880859375,22.08531379699707
3,9,3916,11,49.88508605957031,22.089885711669922
3,9,3916,12,49.899227142333984,22.09481430053711
3,9,3916,13,49.91278839111328,22.098962783813477
3,9,3916,14,49.92729187011719,22.103830337524414
3,9,3916,15,49.94032669067383,22.10817527770996
3,9,3916,16,49.95441818237305,22.113433837890625
3,9,3916,17,49.96848678588867,22.11835479736328
3,9,3916,18,49.98173141479492,22.122682571411133
3,9,3916,19,49.996368408203125,22.12847137451172
3,9,3916,20,50.010520935058594,22.13289451599121
3,9,3917,0,50.095924377441406,14.311652183532715
3,9,3917,1,50.119388580322266,14.329485893249512
3,9,3917,2,50.14250946044922,14.347258567810059
3,9,3917,3,50.165428161621094,14.36551284790039
3,9,3917,4,50.18828582763672,14.382874488830566
3,9,3917,5,50.21168899536133,14.400742530822754
3,9,3917,6,50.234989166259766,14.41857624053955
3,9,3917,7,50.25790786743164,14.436049461364746
3,9,3917,8,50.28152847290039,14.454691886901855
3,9,3917,9,50.30495071411133,14.472305297851562
3,9,3917,10,50.32697677612305,14.489936828613281
3,9,3917,11,50.351009368896484,14.507695198059082
3,9,3917,12,50.374534606933594,14.52579116821289
3,9,3917,13,50.397491455078125,14.543112754821777
3,9,3917,14,50.421390533447266,14.561158180236816
3,9,3917,15,50.443817138671875,14.578683853149414
3,9,3917,16,50.46730422973633,14.597114562988281
3,9,3917,17,50.49076843261719,14.615209579467773
3,9,3917,18,50.513404846191406,14.632712364196777
3,9,3917,19,50.537418365478516,14.651663780212402
3,9,3917,20,50.560970306396484,14.669269561767578
3,9,3918,0,58.41307067871094,17.811750411987305
3,9,3918,1,58.43661117553711,17.82891273498535
3,9,3918,2,58.45980453491211,17.84601402282715
3,9,3918,3,58.48279571533203,17.863597869873047
3,9,3918,4,58.5057258605957,17.880287170410156
3,9,3918,5,58.52920150756836,17.897483825683594
3,9,3918,6,58.552574157714844,17.91464614868164
3,9,3918,7,58.575565338134766,17.931447982788086
3,9,3918,8,58.59926223754883,17.949420928955078
3,9,3918,9,58.62275695800781,17.96636199951172
3,9,3918,10,58.64485549926758,17.983325958251953
3,9,3918,11,58.66896057128906,18.000408172607422
3,9,3918,12,58.692562103271484,18.017833709716797
3,9,3918,13,58.7155876159668,18.034482955932617
3,9,3918,14,58.73956298828125,18.051856994628906
3,9,3918,15,58.762062072753906,18.06871223449707
3,9,3918,16,58.785621643066406,18.086471557617188
3,9,3918,17,58.80915832519531,18.10389518737793
3,9,3918,18,58.83186721801758,18.1207275390625
3,9,3918,19,58.85595703125,18.139007568359375
3,9,3918,20,58.87957763671875,18.15593910217285
3,9,3919,0,51.34270477294922,41.8586540222168
3,9,3919,1,51.34239196777344,41.84860610961914
3,9,3919,2,51.34173583984375,41.83849334716797
3,9,3919,3,51.340858459472656,41.8288688659668
3,9,3919,4,51.33992004394531,41.81833267211914
3,9,3919,5,51.33953857421875,41.808319091796875
3,9,3919,6,51.339046478271484,41.79825973510742
3,9,3919,7,51.33815383911133,41.787841796875
3,9,3919,8,51.33802032470703,41.778621673583984
3,9,3919,9,51.3376579284668,41.768341064453125
3,9,3919,10,51.33586883544922,41.75807189941406
3,9,3919,11,51.336124420166016,41.747920989990234
3,9,3919,12,51.335880279541016,41.73814392089844
3,9,3919,13,51.33503341674805,41.72758102416992
3,9,3919,14,51.33515167236328,41.71773147583008
3,9,3919,15,51.33377456665039,41.70735549926758
3,9,3919,16,51.33346939086914,41.69789505004883
3,9,3919,17,51.33314895629883,41.68809509277344
3,9,3919,18,51.33197784423828,41.677703857421875
3,9,3919,19,51.332244873046875,41.668792724609375
3,9,3919,20,51.332000732421875,41.65849304199219
3,9,3920,0,56.174320220947266,39.32204818725586
3,9,3920,1,56.18114471435547,39.322471618652344
3,9,3920,2,56.187618255615234,39.32283401489258
3,9,3920,3,56.193878173828125,39.32367706298828
3,9,3920,4,56.2000732421875,39.32362365722656
3,9,3920,5,56.20682907104492,39.3240852355957
3,9,3920,6,56.21347427368164,39.32450866699219
3,9,3920,7,56.219722747802734,39.324562072753906
3,9,3920,8,56.226722717285156,39.32579803466797
3,9,3920,9,56.23349380493164,39.32600021362305
3,9,3920,10,56.238853454589844,39.32621765136719
3,9,3920,11,56.246238708496094,39.3265380859375
3,9,3920,12,56.25312423706055,39.32723617553711
3,9,3920,13,56.25941848754883,39.32714080810547
3,9,3920,14,56.26667022705078,39.32776641845703
3,9,3920,15,56.27242660522461,39.32787322998047
3,9,3920,16,56.27926254272461,39.32889175415039
3,9,3920,17,56.28607177734375,39.32956314086914
3,9,3920,18,56.29204177856445,39.329654693603516
3,9,3920,19,56.29943084716797,39.331199645996094
3,9,3920,20,56.30632781982422,39.331382751464844
3,9,3921,0,50.025150299072266,19.961328506469727
3,9,3921,1,50.03923797607422,19.96696662902832
3,9,3921,2,50.05298614501953,19.97254180908203
3,9,3921,3,50.066524505615234,19.97859764099121
3,9,3921,4,50.08000946044922,19.9837589263916
3,9,3921,5,50.094032287597656,19.989429473876953
3,9,3921,6,50.10795974731445,19.99506378173828
3,9,3921,7,50.121490478515625,20.000341415405273
3,9,3921,8,50.135738372802734,20.006797790527344
3,9,3921,9,50.1497917175293,20.012210845947266
3,9,3921,10,50.16243362426758,20.017637252807617
3,9,3921,11,50.177085876464844,20.023191452026367
3,9,3921,12,50.191246032714844,20.029096603393555
3,9,3921,13,50.2048225402832,20.034221649169922
3,9,3921,14,50.21934127807617,20.04006576538086
3,9,3921,15,50.232391357421875,20.045385360717773
3,9,3921,16,50.246498107910156,20.051618576049805
3,9,3921,17,50.260581970214844,20.05751609802246
3,9,3921,18,50.273841857910156,20.062816619873047
3,9,3921,19,50.28848648071289,20.069580078125
3,9,3921,20,50.30265808105469,20.074981689453125
3,10,4000,0,51.836177825927734,40.18321990966797
3,10,4000,1,51.83622741699219,40.17523193359375
3,10,4000,2,51.835933685302734,40.16718292236328
3,10,4000,3,51.835426330566406,40.15961837768555
3,10,4000,4,51.8348503112793,40.15114212036133
3,10,4000,5,51.83483123779297,40.1431884765625
3,10,4000,6,51.8347053527832,40.13519287109375
3,10,4000,7,51.83417892456055,40.126834869384766
3,10,4000,8,51.83440399169922,40.11967086791992
3,10,4000,9,51.83440399169922,40.111454010009766
3,10,4000,10,51.83298873901367,40.103248596191406
3,10,4000,11,51.83359909057617,40.095157623291016
3,10,4000,12,51.833717346191406,40.087440490722656
3,10,4000,13,51.83323669433594,40.07893753051758
3,10,4000,14,51.833717346191406,40.07114791870117
3,10,4000,15,51.832706451416016,40.06283187866211
3,10,4000,16,51.832763671875,40.05543518066406
3,10,4000,17,51.83280563354492,40.04769515991211
3,10,4000,18,51.832000732421875,40.03936767578125
3,10,4000,19,51.83262634277344,40.03251266479492
3,10,4000,20,51.83274841308594,40.02427291870117
3,10,4001,0,50.016136169433594,11.428442001342773
3,10,4001,1,50.040802001953125,11.449540138244629
3,10,4001,2,50.065120697021484,11.470576286315918
3,10,4001,3,50.089237213134766,11.492098808288574
3,10,4001,4,50.11329650878906,11.512724876403809
3,10,4001,5,50.137901306152344,11.533857345581055
3,10,4001,6,50.16239929199219,11.55495548248291
3,10,4001,7,50.1865234375,11.575692176818848
3,10,4001,8,50.21133804321289,11.597600936889648
3,10,4001,9,50.235965728759766,11.618477821350098
3,10,4001,10,50.25918960571289,11.639375686645508
3,10,4001,11,50.284423828125,11.660398483276367
3,10,4001,12,50.309146881103516,11.681758880615234
3,10,4001,13,50.333309173583984,11.702340126037598
3,10,4001,14,50.358402252197266,11.723649024963379
3,10,4001,15,50.38203430175781,11.744441032409668
3,10,4001,16,50.40671920776367,11.76613998413086
3,10,4001,17,50.43138122558594,11.787501335144043
3,10,4001,18,50.45521926879883,11.808267593383789
3,10,4001,19,50.48042678833008,11.830486297607422
3,10,4001,20,50.50518035888672,11.85135555267334
3,10,4002,0,51.845672607421875,30.36075210571289
3,10,4002,1,51.8592643737793,30.37038230895996
3,10,4002,2,51.87250518798828,30.37994956970215
3,10,4002,3,51.885528564453125,30.389995574951172
3,10,4002,4,51.898494720458984,30.399147033691406
3,10,4002,5,51.912017822265625,30.408809661865234
3,10,4002,6,51.9254264831543,30.41843605041504
3,10,4002,7,51.938453674316406,30.427690505981445
3,10,4002,8,51.952213287353516,30.438133239746094
3,10,4002,9,51.96575164794922,30.447538375854492
3,10,4002,10,51.97787857055664,30.45695686340332
3,10,4002,11,51.992034912109375,30.466487884521484
3,10,4002,12,52.00568771362305,30.47638702392578
3,10,4002,13,52.01874923706055,30.48549461364746
3,10,4002,14,52.032772064208984,30.495330810546875
3,10,4002,15,52.04529571533203,30.504642486572266
3,10,4002,16,52.05890655517578,30.514863967895508
3,10,4002,17,52.072486877441406,30.52474021911621
3,10,4002,18,52.08522415161133,30.534034729003906
3,10,4002,19,52.09938430786133,30.544788360595703
3,10,4002,20,52.1130485534668,30.554182052612305
3,10,4003,0,50.405982971191406,30.279207229614258
3,10,4003,1,50.415313720703125,30.281063079833984
3,10,4003,2,50.4243049621582,30.282859802246094
3,10,4003,3,50.43308639526367,30.28514289855957
3,10,4003,4,50.441802978515625,30.286523818969727
3,10,4003,5,50.451072692871094,30.288414001464844
3,10,4003,6,50.46023178100586,30.290267944335938
3,10,4003,7,50.46900177001953,30.291759490966797
3,10,4003,8,50.4785041809082,30.29443359375
3,10,4003,9,50.48779296875,30.29606819152832
3,10,4003,10,50.49567794799805,30.297718048095703
3,10,4003,11,50.50557327270508,30.299474716186523
3,10,4003,12,50.51497268676758,30.301603317260742
3,10,4003,13,50.523780822753906,30.302946090698242
3,10,4003,14,50.533546447753906,30.305004119873047
3,10,4003,15,50.541831970214844,30.306547164916992
3,10,4003,16,50.551177978515625,30.308998107910156
3,10,4003,17,50.56050491333008,30.31110954284668
3,10,4003,18,50.56899642944336,30.312633514404297
3,10,4003,19,50.57889175415039,30.315614700317383
3,10,4003,20,50.58830261230469,30.317230224609375
3,10,4004,0,52.68465805053711,22.84858512878418
3,10,4004,1,52.70497512817383,22.86398696899414
3,10,4004,2,52.72494125366211,22.87932586669922
3,10,4004,3,52.74469757080078,22.895145416259766
3,10,4004,4,52.7643928527832,22.910072326660156
3,10,4004,5,52.78464889526367,22.925506591796875
3,10,4004,6,52.804786682128906,22.940908432006836
3,10,4004,7,52.824546813964844,22.955936431884766
3,10,4004,8,52.845027923583984,22.972143173217773
3,10,4004,9,52.86529541015625,22.987327575683594
3,10,4004,10,52.884159088134766,23.002521514892578
3,10,4004,11,52.9050407409668,23.01783561706543
3,10,4004,12,52.9254150390625,23.03350257873535
3,10,4004,13,52.945213317871094,23.048385620117188
3,10,4004,14,52.965965270996094,23.063995361328125
3,10,4004,15,52.985225677490234,23.079084396362305
3,10,4004,16,53.00556182861328,23.09507942199707
3,10,4004,17,53.02587127685547,23.110733032226562
3,10,4004,18,53.04534912109375,23.12580108642578
3,10,4004,19,53.06622314453125,23.142318725585938
3,10,4004,20,53.08662033081055,23.157489776611328
3,10,4005,0,62.44868469238281,27.0604248046875
3,10,4005,1,62.466468811035156,27.069889068603516
3,10,4005,2,62.48390579223633,27.07929229736328
3,10,4005,3,62.501136779785156,27.08917236328125
3,10,4005,4,62.518306732177734,27.098163604736328
3,10,4005,5,62.53602600097656,27.107662200927734
3,10,4005,6,62.55363845825195,27.117124557495117
3,10,4005,7,62.57086944580078,27.126224517822266
3,10,4005,8,62.58881759643555,27.136497497558594
3,10,4005,9,62.6065559387207,27.145740509033203
3,10,4005,10,62.622894287109375,27.154998779296875
3,10,4005,11,62.64124298095703,27.16437530517578
3,10,4005,12,62.65909194946289,27.174104690551758
3,10,4005,13,62.67635726928711,27.183053970336914
3,10,4005,14,62.694576263427734,27.192726135253906
3,10,4005,15,62.71131134033203,27.201875686645508
3,10,4005,16,62.7291145324707,27.211931228637695
3,10,4005,17,62.746891021728516,27.221651077270508
3,10,4005,18,62.76384353637695,27.230783462524414
3,10,4005,19,62.78218460083008,27.241361618041992
3,10,4005,20,62.800048828125,27.250593185424805
3,10,4006,0,49.09435272216797,22.152530670166016
3,10,4006,1,49.10919952392578,22.16072654724121
3,10,4006,2,49.12370300292969,22.168859481811523
3,10,4006,3,49.138004302978516,22.177474975585938
3,10,4006,4,49.152244567871094,22.185199737548828
3,10,4006,5,49.167030334472656,22.193429946899414
3,10,4006,6,49.18170928955078,22.201623916625977
3,10,4006,7,49.19601058959961,22.209457397460938
3,10,4006,8,49.21101760864258,22.218460083007812
3,10,4006,9,49.22582244873047,22.2264347076416
3,10,4006,10,49.239234924316406,22.234426498413086
3,10,4006,11,49.2546501159668,22.24253273010254
3,10,4006,12,49.269561767578125,22.250993728637695
3,10,4006,13,49.28390121459961,22.258676528930664
3,10,4006,14,49.29917907714844,22.267078399658203
3,10,4006,15,49.312984466552734,22.274961471557617
3,10,4006,16,49.327850341796875,22.283748626708984
3,10,4006,17,49.34269332885742,22.292198181152344
3,10,4006,18,49.356712341308594,22.300064086914062
3,10,4006,19,49.37211227416992,22.309371948242188
3,10,4006,20,49.387046813964844,22.317333221435547
3,10,4007,0,46.25128173828125,40.828712463378906
3,10,4007,1,46.25465774536133,40.83070755004883
3,10,4007,2,46.25767517089844,40.832645416259766
3,10,4007,3,46.26048278808594,40.83506393432617
3,10,4007,4,46.26321792602539,40.836578369140625
3,10,4007,5,46.26652526855469,40.83860778808594
3,10,4007,6,46.269710540771484,40.84060287475586
3,10,4007,7,46.272499084472656,40.84220504760742
3,10,4007,8,46.276058197021484,40.84503173828125
3,10,4007,9,46.27937316894531,40.846805572509766
3,10,4007,10,46.28126907348633,40.84858703613281
3,10,4007,11,46.28520202636719,40.85047149658203
3,10,4007,12,46.288639068603516,40.85274124145508
3,10,4007,13,46.29146194458008,40.85420227050781
3,10,4007,14,46.29526901245117,40.856407165527344
3,10,4007,15,46.29755783081055,40.85808563232422
3,10,4007,16,46.30094528198242,40.86067581176758
3,10,4007,17,46.3043098449707,40.8629150390625
3,10,4007,18,46.30681228637695,40.86456298828125
3,10,4007,19,46.31076431274414,40.867698669433594
3,10,4007,20,46.314205169677734,40.869449615478516
3,10,4008,0,54.493255615234375,16.390207290649414
3,10,4008,1,54.51424789428711,16.404685974121094
3,10,4008,2,54.53489685058594,16.41910171508789
3,10,4008,3,54.55533981323242,16.434003829956055
3,10,4008,4,54.57572937011719,16.44801139831543
3,10,4008,5,54.596656799316406,16.462522506713867
3,10,4008,6,54.61748504638672,16.476999282836914
3,10,4008,7,54.63793182373047,16.491119384765625
3,10,4008,8,54.65907669067383,16.50640869140625
3,10,4008,9,54.68002700805664,16.520666122436523
3,10,4008,10,54.6995849609375,16.534944534301758
3,10,4008,11,54.72114181518555,16.549345016479492
3,10,4008,12,54.74219512939453,16.564085006713867
3,10,4008,13,54.76268005371094,16.578052520751953
3,10,4008,14,54.78410339355469,16.592741012573242
3,10,4008,15,54.80406188964844,16.606910705566406
3,10,4008,16,54.825069427490234,16.621986389160156
3,10,4008,17,54.84605407714844,16.63672637939453
3,10,4008,18,54.8662223815918,16.650875091552734
3,10,4008,19,54.88775634765625,16.666471481323242
3,10,4008,20,54.908836364746094,16.68071746826172
3,10,4009,0,47.829002380371094,13.564461708068848
3,10,4009,1,47.85137176513672,13.581449508666992
3,10,4009,2,47.87339401245117,13.598376274108887
3,10,4009,3,47.89521789550781,13.615787506103516
3,10,4009,4,47.91698455810547,13.632305145263672
3,10,4009,5,47.93928909301758,13.64932632446289
3,10,4009,6,47.961490631103516,13.666316032409668
3,10,4009,7,47.98331832885742,13.682944297790527
3,10,4009,8,48.005836486816406,13.700742721557617
3,10,4009,9,48.028167724609375,13.717509269714355
3,10,4009,10,48.04909896850586,13.734297752380371
3,10,4009,11,48.0720329284668,13.75120735168457
3,10,4009,12,48.09446334838867,13.768458366394043
3,10,4009,13,48.11632537841797,13.784933090209961
3,10,4009,14,48.13912582397461,13.802130699157715
3,10,4009,15,48.16046142578125,13.818812370300293
3,10,4009,16,48.18284606933594,13.83639907836914
3,10,4009,17,48.2052116394043,13.85364818572998
3,10,4009,18,48.22675704956055,13.870306968688965
3,10,4009,19,48.24966812133789,13.888411521911621
3,10,4009,20,48.27212142944336,13.905169486999512
3,10,4010,0,48.7060546875,17.23198890686035
3,10,4010,1,48.720726013183594,17.239704132080078
3,10,4010,2,48.73505783081055,17.247352600097656
3,10,4010,3,48.749183654785156,17.2554874420166
3,10,4010,4,48.76325225830078,17.262725830078125
3,10,4010,5,48.77785873413086,17.270469665527344
3,10,4010,6,48.7923698425293,17.278179168701172
3,10,4010,7,48.806488037109375,17.28553581237793
3,10,4010,8,48.821319580078125,17.294063568115234
3,10,4010,9,48.83595657348633,17.301549911499023
3,10,4010,10,48.849185943603516,17.30905532836914
3,10,4010,11,48.86442565917969,17.316686630249023
3,10,4010,12,48.8791618347168,17.324665069580078
3,10,4010,13,48.89332580566406,17.331865310668945
3,10,4010,14,48.90842819213867,17.339784622192383
3,10,4010,15,48.92206573486328,17.34718132019043
3,10,4010,16,48.9367561340332,17.355491638183594
3,10,4010,17,48.95142364501953,17.36346435546875
3,10,4010,18,48.96527099609375,17.37084197998047
3,10,4010,19,48.98049545288086,17.379680633544922
3,10,4010,20,48.99525451660156,17.387157440185547
3,10,4011,0,58.76481628417969,17.160816192626953
3,10,4011,1,58.78374099731445,17.173330307006836
3,10,4011,2,58.802330017089844,17.185779571533203
3,10,4011,3,58.820716857910156,17.198713302612305
3,10,4011,4,58.83904266357422,17.21075439453125
3,10,4011,5,58.85791015625,17.22330093383789
3,10,4011,6,58.87667465209961,17.23581314086914
3,10,4011,7,58.895057678222656,17.247968673706055
3,10,4011,8,58.91413879394531,17.261295318603516
3,10,4011,9,58.93303298950195,17.273584365844727
3,10,4011,10,58.950523376464844,17.2858943939209
3,10,4011,11,58.97001647949219,17.298330307006836
3,10,4011,12,58.989009857177734,17.311107635498047
3,10,4011,13,59.00743103027344,17.323110580444336
3,10,4011,14,59.02678680419922,17.335834503173828
3,10,4011,15,59.04468536376953,17.348033905029297
3,10,4011,16,59.06363296508789,17.361143112182617
3,10,4011,17,59.08255386352539,17.373918533325195
3,10,4011,18,59.10066223144531,17.38610076904297
3,10,4011,19,59.12013244628906,17.39973258972168
3,10,4011,20,59.1391487121582,17.41201400756836
3,10,4012,0,52.87343215942383,26.666095733642578
3,10,4012,1,52.89173126220703,26.679302215576172
3,10,4012,2,52.9096794128418,26.69244384765625
3,10,4012,3,52.92742156982422,26.706064224243164
3,10,4012,4,52.94509506225586,26.718791961669922
3,10,4012,5,52.96333312988281,26.732032775878906
3,10,4012,6,52.98145294189453,26.7452335357666
3,10,4012,7,52.99919128417969,26.7580623626709
3,10,4012,8,53.01765823364258,26.772075653076172
3,10,4012,9,53.03590774536133,26.78506088256836
3,10,4012,10,53.05274963378906,26.798053741455078
3,10,4012,11,53.071617126464844,26.811166763305664
3,10,4012,12,53.0899772644043,26.82463836669922
3,10,4012,13,53.107749938964844,26.837322235107422
3,10,4012,14,53.126487731933594,26.85073471069336
3,10,4012,15,53.14372634887695,26.863624572753906
3,10,4012,16,53.162044525146484,26.87742042541504
3,10,4012,17,53.180335998535156,26.8908748626709
3,10,4012,18,53.197792053222656,26.903743743896484
3,10,4012,19,53.216651916503906,26.918067932128906
3,10,4012,20,53.23503112792969,26.931039810180664
3,10,4013,0,50.82904052734375,16.373817443847656
3,10,4013,1,50.85496520996094,16.39287567138672
3,10,4013,2,50.88053894042969,16.41187286376953
3,10,4013,3,50.90591049194336,16.431354522705078
3,10,4013,4,50.931217193603516,16.449941635131836
3,10,4013,5,50.95707702636719,16.469032287597656
3,10,4013,6,50.98283004760742,16.488094329833984
3,10,4013,7,51.008201599121094,16.506786346435547
3,10,4013,8,51.03428268432617,16.526653289794922
3,10,4013,9,51.06016159057617,16.54549217224121
3,10,4013,10,51.08464050292969,16.564355850219727
3,10,4013,11,51.11112976074219,16.583330154418945
3,10,4013,12,51.13711166381836,16.602651596069336
3,10,4013,13,51.16252136230469,16.621196746826172
3,10,4013,14,51.18887710571289,16.640464782714844
3,10,4013,15,51.2137565612793,16.659221649169922
3,10,4013,16,51.23970031738281,16.678874969482422
3,10,4013,17,51.26561737060547,16.698192596435547
3,10,4013,18,51.290706634521484,16.716922760009766
3,10,4013,19,51.31718444824219,16.737098693847656
3,10,4013,20,51.34318923950195,16.75592803955078
3,10,4014,0,55.24455642700195,32.78175735473633
3,10,4014,1,55.25293731689453,32.78182601928711
3,10,4014,2,55.26097869873047,32.781837463378906
3,10,4014,3,55.26880645751953,32.7823371887207
3,10,4014,4,55.27657699584961,32.781925201416016
3,10,4014,5,55.284889221191406,32.78203201293945
3,10,4014,6,55.2931022644043,32.78209686279297
3,10,4014,7,55.30091857910156,32.781803131103516
3,10,4014,8,55.309471130371094,32.78269577026367
3,10,4014,9,55.317806243896484,32.78253936767578
3,10,4014,10,55.32474136352539,32.78240203857422
3,10,4014,11,55.333683013916016,32.782371520996094
3,10,4014,12,55.342132568359375,32.78271484375
3,10,4014,13,55.34999084472656,32.78226852416992
3,10,4014,14,55.358802795410156,32.78253936767578
3,10,4014,15,55.36613845825195,32.782291412353516
3,10,4014,16,55.374534606933594,32.782958984375
3,10,4014,17,55.382911682128906,32.78328323364258
3,10,4014,18,55.39045333862305,32.78302001953125
3,10,4014,19,55.3994026184082,32.78422164916992
3,10,4014,20,55.407859802246094,32.7840461730957
3,10,4015,0,52.69959259033203,39.35359573364258
3,10,4015,1,52.70517349243164,39.352909088134766
3,10,4015,2,52.71040344238281,39.35215377807617
3,10,4015,3,52.715415954589844,39.35188293457031
3,10,4015,4,52.72037124633789,39.350711822509766
3,10,4015,5,52.72588348388672,39.35005569458008
3,10,4015,6,52.731285095214844,39.34935760498047
3,10,4015,7,52.736289978027344,39.34829330444336
3,10,4015,8,52.742042541503906,39.348419189453125
3,10,4015,9,52.7475700378418,39.347503662109375
3,10,4015,10,52.751686096191406,39.34659957885742
3,10,4015,11,52.7578239440918,39.345802307128906
3,10,4015,12,52.76346969604492,39.34538269042969
3,10,4015,13,52.768516540527344,39.34416961669922
3,10,4015,14,52.7745246887207,39.34368133544922
3,10,4015,15,52.77903747558594,39.34267044067383
3,10,4015,16,52.78462600708008,39.34257125854492
3,10,4015,17,52.79019546508789,39.342124938964844
3,10,4015,18,52.794918060302734,39.341094970703125
3,10,4015,19,52.80106735229492,39.341529846191406
3,10,4015,20,52.80671691894531,39.34059524536133
3,10,4016,0,52.397491455078125,14.65524673461914
3,10,4016,1,52.41574478149414,14.666913032531738
3,10,4016,2,52.43366241455078,14.678515434265137
3,10,4016,3,52.451377868652344,14.690605163574219
3,10,4016,4,52.46903610229492,14.701798439025879
3,10,4016,5,52.48723220825195,14.713496208190918
3,10,4016,6,52.50532913208008,14.725162506103516
3,10,4016,7,52.523040771484375,14.736471176147461
3,10,4016,8,52.541446685791016,14.748952865600586
3,10,4016,9,52.55967330932617,14.760395050048828
3,10,4016,10,52.57649230957031,14.771857261657715
3,10,4016,11,52.595314025878906,14.783446311950684
3,10,4016,12,52.6136360168457,14.795376777648926
3,10,4016,13,52.63138961791992,14.80653190612793
3,10,4016,14,52.65007400512695,14.81840705871582
3,10,4016,15,52.667301177978516,14.829761505126953
3,10,4016,16,52.685577392578125,14.842025756835938
3,10,4016,17,52.703826904296875,14.853955268859863
3,10,4016,18,52.72126388549805,14.865288734436035
3,10,4016,19,52.74006271362305,14.878077507019043
3,10,4016,20,52.75840759277344,14.889510154724121
3,10,4017,0,53.638816833496094,28.999269485473633
3,10,4017,1,53.65302276611328,29.00642204284668
3,10,4017,2,53.6668815612793,29.013513565063477
3,10,4017,3,53.68052673339844,29.021081924438477
3,10,4017,4,53.694114685058594,29.027759552001953
3,10,4017,5,53.708255767822266,29.034944534301758
3,10,4017,6,53.722286224365234,29.042097091674805
3,10,4017,7,53.735931396484375,29.04888153076172
3,10,4017,8,53.750301361083984,29.056838989257812
3,10,4017,9,53.76445770263672,29.063770294189453
3,10,4017,10,53.7772102355957,29.070714950561523
3,10,4017,11,53.7919807434082,29.077775955200195
3,10,4017,12,53.806251525878906,29.085195541381836
3,10,4017,13,53.8199348449707,29.091833114624023
3,10,4017,14,53.834571838378906,29.099191665649414
3,10,4017,15,53.84772491455078,29.10603141784668
3,10,4017,16,53.86194610595703,29.113771438598633
3,10,4017,17,53.87614440917969,29.121171951293945
3,10,4017,18,53.88950729370117,29.127994537353516
3,10,4017,19,53.904273986816406,29.136260986328125
3,10,4017,20,53.91856002807617,29.14318084716797
3,10,4018,0,60.74828338623047,30.814722061157227
3,10,4018,1,60.770633697509766,30.829994201660156
3,10,4018,2,60.79262924194336,30.84520149230957
3,10,4018,3,60.814414978027344,30.860889434814453
3,10,4018,4,60.83613586425781,30.875680923461914
3,10,4018,5,60.85842514038086,30.890987396240234
3,10,4018,6,60.880592346191406,30.9062557220459
3,10,4018,7,60.902381896972656,30.92115020751953
3,10,4018,8,60.924896240234375,30.937232971191406
3,10,4018,9,60.94719314575195,30.952281951904297
3,10,4018,10,60.96807861328125,30.967344284057617
3,10,4018,11,60.99100112915039,30.982524871826172
3,10,4018,12,61.01340866088867,30.998062133789062
3,10,4018,13,61.03522872924805,31.0128116607666
3,10,4018,14,61.05801773071289,31.02829360961914
3,10,4018,15,61.07929992675781,31.043249130249023
3,10,4018,16,61.10166931152344,31.059114456176758
3,10,4018,17,61.1240119934082,31.074634552001953
3,10,4018,18,61.145503997802734,31.089570999145508
3,10,4018,19,61.16842269897461,31.1059627532959
3,10,4018,20,61.19084930419922,31.121004104614258
3,10,4019,0,54.970252990722656,26.69394302368164
3,10,4019,1,54.98427963256836,26.700305938720703
3,10,4019,2,54.997962951660156,26.70661163330078
3,10,4019,3,55.01144027709961,26.713397979736328
3,10,4019,4,55.02485656738281,26.71929168701172
3,10,4019,5,55.038818359375,26.725690841674805
3,10,4019,6,55.052677154541016,26.732053756713867
3,10,4019,7,55.0661506652832,26.73805809020996
3,10,4019,8,55.08034133911133,26.74523162841797
3,10,4019,9,55.094322204589844,26.751373291015625
3,10,4019,10,55.106910705566406,26.757539749145508
3,10,4019,11,55.121498107910156,26.763813018798828
3,10,4019,12,55.135589599609375,26.770442962646484
3,10,4019,13,55.14910125732422,26.776296615600586
3,10,4019,14,55.16355895996094,26.782865524291992
3,10,4019,15,55.17654037475586,26.78891944885254
3,10,4019,16,55.19058609008789,26.795875549316406
3,10,4019,17,55.20460510253906,26.802494049072266
3,10,4019,18,55.21780014038086,26.80853271484375
3,10,4019,19,55.232383728027344,26.816011428833008
3,10,4019,20,55.24649429321289,26.822141647338867
3,10,4020,0,52.630916595458984,25.804527282714844
3,10,4020,1,52.64482879638672,25.80974578857422
3,10,4020,2,52.65839385986328,25.81490135192871
3,10,4020,3,52.671756744384766,25.82054328918457
3,10,4020,4,52.685054779052734,25.825286865234375
3,10,4020,5,52.69890213012695,25.830537796020508
3,10,4020,6,52.712642669677734,25.83575439453125
3,10,4020,7,52.72599792480469,25.840612411499023
3,10,4020,8,52.74007034301758,25.846643447875977
3,10,4020,9,52.753936767578125,25.85163688659668
3,10,4020,10,52.76640701293945,25.856653213500977
3,10,4020,11,52.78087615966797,25.861778259277344
3,10,4020,12,52.79485321044922,25.86726188659668
3,10,4020,13,52.80824661254883,25.87196922302246
3,10,4020,14,52.82258987426758,25.877391815185547
3,10,4020,15,52.835453033447266,25.882293701171875
3,10,4020,16,52.84938049316406,25.888107299804688
3,10,4020,17,52.86328125,25.89358139038086
3,10,4020,18,52.87636184692383,25.898469924926758
3,10,4020,19,52.890830993652344,25.904809951782227
3,10,4020,20,52.90481948852539,25.909788131713867
3,10,4021,0,59.18783187866211,19.171030044555664
3,10,4021,1,59.21022415161133,19.188007354736328
3,10,4021,2,59.232269287109375,19.204923629760742
3,10,4021,3,59.254112243652344,19.222320556640625
3,10,4021,4,59.2758903503418,19.23882484436035
3,10,4021,5,59.298221588134766,19.255836486816406
3,10,4021,6,59.3204460144043,19.272811889648438
3,10,4021,7,59.34228515625,19.289426803588867
3,10,4021,8,59.364837646484375,19.30721092224121
3,10,4021,9,59.38718795776367,19.32396697998047
3,10,4021,10,59.40813446044922,19.340744018554688
3,10,4021,11,59.431095123291016,19.357637405395508
3,10,4021,12,59.453548431396484,19.374879837036133
3,10,4021,13,59.475425720214844,19.39134407043457
3,10,4021,14,59.498252868652344,19.40852928161621
3,10,4021,15,59.51959991455078,19.425201416015625
3,10,4021,16,59.54201889038086,19.442773818969727
3,10,4021,17,59.56440734863281,19.460010528564453
3,10,4021,18,59.585968017578125,19.47665786743164
3,10,4021,19,59.60891342163086,19.494752883911133
3,10,4021,20,59.63138961791992,19.511499404907227
